2026-06-01 01:22:46,793 - ERROR - Application crash:
Traceback (most recent call last):
  File "C:\Users\Mouad\Desktop\video_player\main.py", line 13356, in _open
    webbrowser.open(u)
    ~~~~~~~~~~~~~~~^^^
  File "C:\Program Files\Python314\Lib\webbrowser.py", line 93, in open
    if browser.open(url, new, autoraise):
       ~~~~~~~~~~~~^^^^^^^^^^^^^^^^^^^^^
  File "C:\Program Files\Python314\Lib\webbrowser.py", line 592, in open
    os.startfile(url)
    ~~~~~~~~~~~~^^^^^
ValueError: startfile: embedded null character in filepath

During handling of the above exception, another exception occurred:

Traceback (most recent call last):
  File "C:\Users\Mouad\Desktop\video_player\main.py", line 13360, in _open
    webbrowser.open(u)
    ~~~~~~~~~~~~~~~^^^
  File "C:\Program Files\Python314\Lib\webbrowser.py", line 93, in open
    if browser.open(url, new, autoraise):
       ~~~~~~~~~~~~^^^^^^^^^^^^^^^^^^^^^
  File "C:\Program Files\Python314\Lib\webbrowser.py", line 592, in open
    os.startfile(url)
    ~~~~~~~~~~~~^^^^^
ValueError: startfile: embedded null character in filepath

2026-06-01 01:45:20,826 - ERROR - Application crash:
Traceback (most recent call last):
  File "C:\Users\Mouad\Desktop\video_player\main.py", line 13356, in _open
    webbrowser.open(u)
    ~~~~~~~~~~~~~~~^^^
  File "C:\Program Files\Python314\Lib\webbrowser.py", line 93, in open
    if browser.open(url, new, autoraise):
       ~~~~~~~~~~~~^^^^^^^^^^^^^^^^^^^^^
  File "C:\Program Files\Python314\Lib\webbrowser.py", line 592, in open
    os.startfile(url)
    ~~~~~~~~~~~~^^^^^
ValueError: startfile: embedded null character in filepath

During handling of the above exception, another exception occurred:

Traceback (most recent call last):
  File "C:\Users\Mouad\Desktop\video_player\main.py", line 13360, in _open
    webbrowser.open(u)
    ~~~~~~~~~~~~~~~^^^
  File "C:\Program Files\Python314\Lib\webbrowser.py", line 93, in open
    if browser.open(url, new, autoraise):
       ~~~~~~~~~~~~^^^^^^^^^^^^^^^^^^^^^
  File "C:\Program Files\Python314\Lib\webbrowser.py", line 592, in open
    os.startfile(url)
    ~~~~~~~~~~~~^^^^^
ValueError: startfile: embedded null character in filepath

2026-06-07 18:50:37,425 - ERROR - Failed to start application: BrowserType.launch_persistent_context: Target page, context or browser has been closed
Browser logs:

<launching> C:\Program Files\BraveSoftware\Brave-Browser\Application\brave.exe --disable-field-trial-config --disable-background-networking --disable-background-timer-throttling --disable-backgrounding-occluded-windows --disable-back-forward-cache --disable-breakpad --disable-client-side-phishing-detection --disable-component-extensions-with-background-pages --disable-component-update --no-default-browser-check --disable-default-apps --disable-dev-shm-usage --disable-edgeupdater --disable-extensions --disable-features=AvoidUnnecessaryBeforeUnloadCheckSync,BoundaryEventDispatchTracksNodeRemoval,DestroyProfileOnBrowserClose,DialMediaRouteProvider,GlobalMediaControls,HttpsUpgrades,LensOverlay,MediaRouter,PaintHolding,ThirdPartyStoragePartitioning,Translate,AutoDeElevate,RenderDocument,OptimizationHints,msForceBrowserSignIn,msEdgeUpdateLaunchServicesPreferredVersion --enable-features=CDPScreenshotNewSurface --allow-pre-commit-input --disable-hang-monitor --disable-ipc-flooding-protection --disable-popup-blocking --disable-prompt-on-repost --disable-renderer-backgrounding --force-color-profile=srgb --metrics-recording-only --no-first-run --password-store=basic --use-mock-keychain --no-service-autorun --export-tagged-pdf --disable-search-engine-choice-screen --unsafely-disable-devtools-self-xss-warnings --edge-skip-compat-layer-relaunch --disable-infobars --disable-search-engine-choice-screen --disable-sync --enable-unsafe-swiftshader --no-sandbox --no-first-run --no-default-browser-check --profile-directory=Default --user-data-dir=C:\Users\Mouad\AppData\Local\BraveSoftware\Brave-Browser\User Data --remote-debugging-pipe about:blank
<launched> pid=4640
[pid=4640][out] Ouverture dans une session de navigateur existante.
Call log:
  - <launching> C:\Program Files\BraveSoftware\Brave-Browser\Application\brave.exe --disable-field-trial-config --disable-background-networking --disable-background-timer-throttling --disable-backgrounding-occluded-windows --disable-back-forward-cache --disable-breakpad --disable-client-side-phishing-detection --disable-component-extensions-with-background-pages --disable-component-update --no-default-browser-check --disable-default-apps --disable-dev-shm-usage --disable-edgeupdater --disable-extensions --disable-features=AvoidUnnecessaryBeforeUnloadCheckSync,BoundaryEventDispatchTracksNodeRemoval,DestroyProfileOnBrowserClose,DialMediaRouteProvider,GlobalMediaControls,HttpsUpgrades,LensOverlay,MediaRouter,PaintHolding,ThirdPartyStoragePartitioning,Translate,AutoDeElevate,RenderDocument,OptimizationHints,msForceBrowserSignIn,msEdgeUpdateLaunchServicesPreferredVersion --enable-features=CDPScreenshotNewSurface --allow-pre-commit-input --disable-hang-monitor --disable-ipc-flooding-protection --disable-popup-blocking --disable-prompt-on-repost --disable-renderer-backgrounding --force-color-profile=srgb --metrics-recording-only --no-first-run --password-store=basic --use-mock-keychain --no-service-autorun --export-tagged-pdf --disable-search-engine-choice-screen --unsafely-disable-devtools-self-xss-warnings --edge-skip-compat-layer-relaunch --disable-infobars --disable-search-engine-choice-screen --disable-sync --enable-unsafe-swiftshader --no-sandbox --no-first-run --no-default-browser-check --profile-directory=Default --user-data-dir=C:\Users\Mouad\AppData\Local\BraveSoftware\Brave-Browser\User Data --remote-debugging-pipe about:blank
  - <launched> pid=4640
  - [pid=4640][out] Ouverture dans une session de navigateur existante.
  - [pid=4640] <gracefully close start>
  - [pid=4640] <kill>
  - [pid=4640] <will force kill>
  - [pid=4640] taskkill stderr: Erreur\ufffd: le processus "4640" est introuvable.
  - [pid=4640] <process did exit: exitCode=0, signal=null>
  - [pid=4640] starting temporary directories cleanup
  - [pid=4640] finished temporary directories cleanup
  - [pid=4640] <gracefully close end>

Traceback (most recent call last):
  File "C:\\Users\\Mouad\\Desktop\\video_player\\main.py", line 36087, in <module>
    result = run_brave_playwright(sys.argv[2])
  File "C:\Users\Mouad\Desktop\video_player\playwright_brave.py", line 220, in run_brave_playwright
    context = playwright.chromium.launch_persistent_context(
        user_data_dir=user_data_dir,
    ...<2 lines>...
        args=launch_args,
    )
  File "C:\Users\Mouad\AppData\Roaming\Python\Python314\site-packages\playwright\sync_api\_generated.py", line 16570, in launch_persistent_context
    self._sync(
    ~~~~~~~~~~^
        self._impl_obj.launch_persistent_context(
        ^^^^^^^^^^^^^^^^^^^^^^^^^^^^^^^^^^^^^^^^^
    ...<51 lines>...
        )
        ^
    )
    ^
  File "C:\Users\Mouad\AppData\Roaming\Python\Python314\site-packages\playwright\_impl\_sync_base.py", line 115, in _sync
    return task.result()
           ~~~~~~~~~~~^^
  File "C:\Users\Mouad\AppData\Roaming\Python\Python314\site-packages\playwright\_impl\_browser_type.py", line 166, in launch_persistent_context
    result = await self._channel.send_return_as_dict(
             ^^^^^^^^^^^^^^^^^^^^^^^^^^^^^^^^^^^^^^^^
        "launchPersistentContext", TimeoutSettings.launch_timeout, params
        ^^^^^^^^^^^^^^^^^^^^^^^^^^^^^^^^^^^^^^^^^^^^^^^^^^^^^^^^^^^^^^^^^
    )
    ^
  File "C:\Users\Mouad\AppData\Roaming\Python\Python314\site-packages\playwright\_impl\_connection.py", line 83, in send_return_as_dict
    return await self._connection.wrap_api_call(
           ^^^^^^^^^^^^^^^^^^^^^^^^^^^^^^^^^^^^^
    ...<3 lines>...
    )
    ^
  File "C:\Users\Mouad\AppData\Roaming\Python\Python314\site-packages\playwright\_impl\_connection.py", line 559, in wrap_api_call
    raise rewrite_error(error, f"{parsed_st['apiName']}: {error}") from None
playwright._impl._errors.TargetClosedError: BrowserType.launch_persistent_context: Target page, context or browser has been closed
Browser logs:

<launching> C:\Program Files\BraveSoftware\Brave-Browser\Application\brave.exe --disable-field-trial-config --disable-background-networking --disable-background-timer-throttling --disable-backgrounding-occluded-windows --disable-back-forward-cache --disable-breakpad --disable-client-side-phishing-detection --disable-component-extensions-with-background-pages --disable-component-update --no-default-browser-check --disable-default-apps --disable-dev-shm-usage --disable-edgeupdater --disable-extensions --disable-features=AvoidUnnecessaryBeforeUnloadCheckSync,BoundaryEventDispatchTracksNodeRemoval,DestroyProfileOnBrowserClose,DialMediaRouteProvider,GlobalMediaControls,HttpsUpgrades,LensOverlay,MediaRouter,PaintHolding,ThirdPartyStoragePartitioning,Translate,AutoDeElevate,RenderDocument,OptimizationHints,msForceBrowserSignIn,msEdgeUpdateLaunchServicesPreferredVersion --enable-features=CDPScreenshotNewSurface --allow-pre-commit-input --disable-hang-monitor --disable-ipc-flooding-protection --disable-popup-blocking --disable-prompt-on-repost --disable-renderer-backgrounding --force-color-profile=srgb --metrics-recording-only --no-first-run --password-store=basic --use-mock-keychain --no-service-autorun --export-tagged-pdf --disable-search-engine-choice-screen --unsafely-disable-devtools-self-xss-warnings --edge-skip-compat-layer-relaunch --disable-infobars --disable-search-engine-choice-screen --disable-sync --enable-unsafe-swiftshader --no-sandbox --no-first-run --no-default-browser-check --profile-directory=Default --user-data-dir=C:\Users\Mouad\AppData\Local\BraveSoftware\Brave-Browser\User Data --remote-debugging-pipe about:blank
<launched> pid=4640
[pid=4640][out] Ouverture dans une session de navigateur existante.
Call log:
  - <launching> C:\Program Files\BraveSoftware\Brave-Browser\Application\brave.exe --disable-field-trial-config --disable-background-networking --disable-background-timer-throttling --disable-backgrounding-occluded-windows --disable-back-forward-cache --disable-breakpad --disable-client-side-phishing-detection --disable-component-extensions-with-background-pages --disable-component-update --no-default-browser-check --disable-default-apps --disable-dev-shm-usage --disable-edgeupdater --disable-extensions --disable-features=AvoidUnnecessaryBeforeUnloadCheckSync,BoundaryEventDispatchTracksNodeRemoval,DestroyProfileOnBrowserClose,DialMediaRouteProvider,GlobalMediaControls,HttpsUpgrades,LensOverlay,MediaRouter,PaintHolding,ThirdPartyStoragePartitioning,Translate,AutoDeElevate,RenderDocument,OptimizationHints,msForceBrowserSignIn,msEdgeUpdateLaunchServicesPreferredVersion --enable-features=CDPScreenshotNewSurface --allow-pre-commit-input --disable-hang-monitor --disable-ipc-flooding-protection --disable-popup-blocking --disable-prompt-on-repost --disable-renderer-backgrounding --force-color-profile=srgb --metrics-recording-only --no-first-run --password-store=basic --use-mock-keychain --no-service-autorun --export-tagged-pdf --disable-search-engine-choice-screen --unsafely-disable-devtools-self-xss-warnings --edge-skip-compat-layer-relaunch --disable-infobars --disable-search-engine-choice-screen --disable-sync --enable-unsafe-swiftshader --no-sandbox --no-first-run --no-default-browser-check --profile-directory=Default --user-data-dir=C:\Users\Mouad\AppData\Local\BraveSoftware\Brave-Browser\User Data --remote-debugging-pipe about:blank
  - <launched> pid=4640
  - [pid=4640][out] Ouverture dans une session de navigateur existante.
  - [pid=4640] <gracefully close start>
  - [pid=4640] <kill>
  - [pid=4640] <will force kill>
  - [pid=4640] taskkill stderr: Erreur\ufffd: le processus "4640" est introuvable.
  - [pid=4640] <process did exit: exitCode=0, signal=null>
  - [pid=4640] starting temporary directories cleanup
  - [pid=4640] finished temporary directories cleanup
  - [pid=4640] <gracefully close end>


2026-06-07 18:50:37,491 - ERROR - Application crash:
Traceback (most recent call last):
  File "C:\\Users\\Mouad\\Desktop\\video_player\\main.py", line 36087, in <module>
    result = run_brave_playwright(sys.argv[2])
  File "C:\Users\Mouad\Desktop\video_player\playwright_brave.py", line 220, in run_brave_playwright
    context = playwright.chromium.launch_persistent_context(
        user_data_dir=user_data_dir,
    ...<2 lines>...
        args=launch_args,
    )
  File "C:\Users\Mouad\AppData\Roaming\Python\Python314\site-packages\playwright\sync_api\_generated.py", line 16570, in launch_persistent_context
    self._sync(
    ~~~~~~~~~~^
        self._impl_obj.launch_persistent_context(
        ^^^^^^^^^^^^^^^^^^^^^^^^^^^^^^^^^^^^^^^^^
    ...<51 lines>...
        )
        ^
    )
    ^
  File "C:\Users\Mouad\AppData\Roaming\Python\Python314\site-packages\playwright\_impl\_sync_base.py", line 115, in _sync
    return task.result()
           ~~~~~~~~~~~^^
  File "C:\Users\Mouad\AppData\Roaming\Python\Python314\site-packages\playwright\_impl\_browser_type.py", line 166, in launch_persistent_context
    result = await self._channel.send_return_as_dict(
             ^^^^^^^^^^^^^^^^^^^^^^^^^^^^^^^^^^^^^^^^
        "launchPersistentContext", TimeoutSettings.launch_timeout, params
        ^^^^^^^^^^^^^^^^^^^^^^^^^^^^^^^^^^^^^^^^^^^^^^^^^^^^^^^^^^^^^^^^^
    )
    ^
  File "C:\Users\Mouad\AppData\Roaming\Python\Python314\site-packages\playwright\_impl\_connection.py", line 83, in send_return_as_dict
    return await self._connection.wrap_api_call(
           ^^^^^^^^^^^^^^^^^^^^^^^^^^^^^^^^^^^^^
    ...<3 lines>...
    )
    ^
  File "C:\Users\Mouad\AppData\Roaming\Python\Python314\site-packages\playwright\_impl\_connection.py", line 559, in wrap_api_call
    raise rewrite_error(error, f"{parsed_st['apiName']}: {error}") from None
playwright._impl._errors.TargetClosedError: BrowserType.launch_persistent_context: Target page, context or browser has been closed
Browser logs:

<launching> C:\Program Files\BraveSoftware\Brave-Browser\Application\brave.exe --disable-field-trial-config --disable-background-networking --disable-background-timer-throttling --disable-backgrounding-occluded-windows --disable-back-forward-cache --disable-breakpad --disable-client-side-phishing-detection --disable-component-extensions-with-background-pages --disable-component-update --no-default-browser-check --disable-default-apps --disable-dev-shm-usage --disable-edgeupdater --disable-extensions --disable-features=AvoidUnnecessaryBeforeUnloadCheckSync,BoundaryEventDispatchTracksNodeRemoval,DestroyProfileOnBrowserClose,DialMediaRouteProvider,GlobalMediaControls,HttpsUpgrades,LensOverlay,MediaRouter,PaintHolding,ThirdPartyStoragePartitioning,Translate,AutoDeElevate,RenderDocument,OptimizationHints,msForceBrowserSignIn,msEdgeUpdateLaunchServicesPreferredVersion --enable-features=CDPScreenshotNewSurface --allow-pre-commit-input --disable-hang-monitor --disable-ipc-flooding-protection --disable-popup-blocking --disable-prompt-on-repost --disable-renderer-backgrounding --force-color-profile=srgb --metrics-recording-only --no-first-run --password-store=basic --use-mock-keychain --no-service-autorun --export-tagged-pdf --disable-search-engine-choice-screen --unsafely-disable-devtools-self-xss-warnings --edge-skip-compat-layer-relaunch --disable-infobars --disable-search-engine-choice-screen --disable-sync --enable-unsafe-swiftshader --no-sandbox --no-first-run --no-default-browser-check --profile-directory=Default --user-data-dir=C:\Users\Mouad\AppData\Local\BraveSoftware\Brave-Browser\User Data --remote-debugging-pipe about:blank
<launched> pid=4640
[pid=4640][out] Ouverture dans une session de navigateur existante.
Call log:
  - <launching> C:\Program Files\BraveSoftware\Brave-Browser\Application\brave.exe --disable-field-trial-config --disable-background-networking --disable-background-timer-throttling --disable-backgrounding-occluded-windows --disable-back-forward-cache --disable-breakpad --disable-client-side-phishing-detection --disable-component-extensions-with-background-pages --disable-component-update --no-default-browser-check --disable-default-apps --disable-dev-shm-usage --disable-edgeupdater --disable-extensions --disable-features=AvoidUnnecessaryBeforeUnloadCheckSync,BoundaryEventDispatchTracksNodeRemoval,DestroyProfileOnBrowserClose,DialMediaRouteProvider,GlobalMediaControls,HttpsUpgrades,LensOverlay,MediaRouter,PaintHolding,ThirdPartyStoragePartitioning,Translate,AutoDeElevate,RenderDocument,OptimizationHints,msForceBrowserSignIn,msEdgeUpdateLaunchServicesPreferredVersion --enable-features=CDPScreenshotNewSurface --allow-pre-commit-input --disable-hang-monitor --disable-ipc-flooding-protection --disable-popup-blocking --disable-prompt-on-repost --disable-renderer-backgrounding --force-color-profile=srgb --metrics-recording-only --no-first-run --password-store=basic --use-mock-keychain --no-service-autorun --export-tagged-pdf --disable-search-engine-choice-screen --unsafely-disable-devtools-self-xss-warnings --edge-skip-compat-layer-relaunch --disable-infobars --disable-search-engine-choice-screen --disable-sync --enable-unsafe-swiftshader --no-sandbox --no-first-run --no-default-browser-check --profile-directory=Default --user-data-dir=C:\Users\Mouad\AppData\Local\BraveSoftware\Brave-Browser\User Data --remote-debugging-pipe about:blank
  - <launched> pid=4640
  - [pid=4640][out] Ouverture dans une session de navigateur existante.
  - [pid=4640] <gracefully close start>
  - [pid=4640] <kill>
  - [pid=4640] <will force kill>
  - [pid=4640] taskkill stderr: Erreur\ufffd: le processus "4640" est introuvable.
  - [pid=4640] <process did exit: exitCode=0, signal=null>
  - [pid=4640] starting temporary directories cleanup
  - [pid=4640] finished temporary directories cleanup
  - [pid=4640] <gracefully close end>


2026-06-07 18:56:17,448 - ERROR - Failed to start application: Page.goto: net::ERR_BLOCKED_BY_CLIENT at chrome-extension://lmjnegcaeklhafolokijcfjliaokphfk/content/sidebar.html
Call log:
  - navigating to "chrome-extension://lmjnegcaeklhafolokijcfjliaokphfk/content/sidebar.html", waiting until "domcontentloaded"

Traceback (most recent call last):
  File "C:\\Users\\Mouad\\Desktop\\video_player\\main.py", line 36087, in <module>
    result = run_brave_playwright(sys.argv[2])
  File "C:\Users\Mouad\Desktop\video_player\playwright_brave.py", line 236, in run_brave_playwright
    extension_result = perform_future_steps(page, context, timeout_ms)
  File "C:\Users\Mouad\Desktop\video_player\playwright_brave.py", line 147, in perform_future_steps
    popup_page.goto(popup_url, wait_until="domcontentloaded", timeout=timeout_ms)
    ~~~~~~~~~~~~~~~^^^^^^^^^^^^^^^^^^^^^^^^^^^^^^^^^^^^^^^^^^^^^^^^^^^^^^^^^^^^^^
  File "C:\Users\Mouad\AppData\Roaming\Python\Python314\site-packages\playwright\sync_api\_generated.py", line 9612, in goto
    self._sync(
    ~~~~~~~~~~^
        self._impl_obj.goto(
        ^^^^^^^^^^^^^^^^^^^^
    ...<4 lines>...
        )
        ^
    )
    ^
  File "C:\Users\Mouad\AppData\Roaming\Python\Python314\site-packages\playwright\_impl\_sync_base.py", line 115, in _sync
    return task.result()
           ~~~~~~~~~~~^^
  File "C:\Users\Mouad\AppData\Roaming\Python\Python314\site-packages\playwright\_impl\_page.py", line 557, in goto
    return await self._main_frame.goto(**locals_to_params(locals()))
           ^^^^^^^^^^^^^^^^^^^^^^^^^^^^^^^^^^^^^^^^^^^^^^^^^^^^^^^^^
  File "C:\Users\Mouad\AppData\Roaming\Python\Python314\site-packages\playwright\_impl\_frame.py", line 156, in goto
    await self._channel.send(
        "goto", self._navigation_timeout, locals_to_params(locals())
    )
  File "C:\Users\Mouad\AppData\Roaming\Python\Python314\site-packages\playwright\_impl\_connection.py", line 69, in send
    return await self._connection.wrap_api_call(
           ^^^^^^^^^^^^^^^^^^^^^^^^^^^^^^^^^^^^^
    ...<3 lines>...
    )
    ^
  File "C:\Users\Mouad\AppData\Roaming\Python\Python314\site-packages\playwright\_impl\_connection.py", line 559, in wrap_api_call
    raise rewrite_error(error, f"{parsed_st['apiName']}: {error}") from None
playwright._impl._errors.Error: Page.goto: net::ERR_BLOCKED_BY_CLIENT at chrome-extension://lmjnegcaeklhafolokijcfjliaokphfk/content/sidebar.html
Call log:
  - navigating to "chrome-extension://lmjnegcaeklhafolokijcfjliaokphfk/content/sidebar.html", waiting until "domcontentloaded"


2026-06-07 18:56:17,483 - ERROR - Application crash:
Traceback (most recent call last):
  File "C:\\Users\\Mouad\\Desktop\\video_player\\main.py", line 36087, in <module>
    result = run_brave_playwright(sys.argv[2])
  File "C:\Users\Mouad\Desktop\video_player\playwright_brave.py", line 236, in run_brave_playwright
    extension_result = perform_future_steps(page, context, timeout_ms)
  File "C:\Users\Mouad\Desktop\video_player\playwright_brave.py", line 147, in perform_future_steps
    popup_page.goto(popup_url, wait_until="domcontentloaded", timeout=timeout_ms)
    ~~~~~~~~~~~~~~~^^^^^^^^^^^^^^^^^^^^^^^^^^^^^^^^^^^^^^^^^^^^^^^^^^^^^^^^^^^^^^
  File "C:\Users\Mouad\AppData\Roaming\Python\Python314\site-packages\playwright\sync_api\_generated.py", line 9612, in goto
    self._sync(
    ~~~~~~~~~~^
        self._impl_obj.goto(
        ^^^^^^^^^^^^^^^^^^^^
    ...<4 lines>...
        )
        ^
    )
    ^
  File "C:\Users\Mouad\AppData\Roaming\Python\Python314\site-packages\playwright\_impl\_sync_base.py", line 115, in _sync
    return task.result()
           ~~~~~~~~~~~^^
  File "C:\Users\Mouad\AppData\Roaming\Python\Python314\site-packages\playwright\_impl\_page.py", line 557, in goto
    return await self._main_frame.goto(**locals_to_params(locals()))
           ^^^^^^^^^^^^^^^^^^^^^^^^^^^^^^^^^^^^^^^^^^^^^^^^^^^^^^^^^
  File "C:\Users\Mouad\AppData\Roaming\Python\Python314\site-packages\playwright\_impl\_frame.py", line 156, in goto
    await self._channel.send(
        "goto", self._navigation_timeout, locals_to_params(locals())
    )
  File "C:\Users\Mouad\AppData\Roaming\Python\Python314\site-packages\playwright\_impl\_connection.py", line 69, in send
    return await self._connection.wrap_api_call(
           ^^^^^^^^^^^^^^^^^^^^^^^^^^^^^^^^^^^^^
    ...<3 lines>...
    )
    ^
  File "C:\Users\Mouad\AppData\Roaming\Python\Python314\site-packages\playwright\_impl\_connection.py", line 559, in wrap_api_call
    raise rewrite_error(error, f"{parsed_st['apiName']}: {error}") from None
playwright._impl._errors.Error: Page.goto: net::ERR_BLOCKED_BY_CLIENT at chrome-extension://lmjnegcaeklhafolokijcfjliaokphfk/content/sidebar.html
Call log:
  - navigating to "chrome-extension://lmjnegcaeklhafolokijcfjliaokphfk/content/sidebar.html", waiting until "domcontentloaded"


2026-06-07 19:00:16,702 - ERROR - Failed to start application: Page.goto: net::ERR_BLOCKED_BY_CLIENT at chrome-extension://lmjnegcaeklhafolokijcfjliaokphfk/content/popup.html
Call log:
  - navigating to "chrome-extension://lmjnegcaeklhafolokijcfjliaokphfk/content/popup.html", waiting until "domcontentloaded"

Traceback (most recent call last):
  File "C:\Users\Mouad\Desktop\video_player\main.py", line 36087, in <module>
    result = run_brave_playwright(sys.argv[2])
  File "C:\Users\Mouad\Desktop\video_player\playwright_brave.py", line 236, in run_brave_playwright
    extension_result = perform_future_steps(page, context, timeout_ms)
  File "C:\Users\Mouad\Desktop\video_player\playwright_brave.py", line 147, in perform_future_steps
    popup_page.goto(popup_url, wait_until="domcontentloaded", timeout=timeout_ms)
    ~~~~~~~~~~~~~~~^^^^^^^^^^^^^^^^^^^^^^^^^^^^^^^^^^^^^^^^^^^^^^^^^^^^^^^^^^^^^^
  File "C:\Users\Mouad\AppData\Roaming\Python\Python314\site-packages\playwright\sync_api\_generated.py", line 9612, in goto
    self._sync(
    ~~~~~~~~~~^
        self._impl_obj.goto(
        ^^^^^^^^^^^^^^^^^^^^
    ...<4 lines>...
        )
        ^
    )
    ^
  File "C:\Users\Mouad\AppData\Roaming\Python\Python314\site-packages\playwright\_impl\_sync_base.py", line 115, in _sync
    return task.result()
           ~~~~~~~~~~~^^
  File "C:\Users\Mouad\AppData\Roaming\Python\Python314\site-packages\playwright\_impl\_page.py", line 557, in goto
    return await self._main_frame.goto(**locals_to_params(locals()))
           ^^^^^^^^^^^^^^^^^^^^^^^^^^^^^^^^^^^^^^^^^^^^^^^^^^^^^^^^^
  File "C:\Users\Mouad\AppData\Roaming\Python\Python314\site-packages\playwright\_impl\_frame.py", line 156, in goto
    await self._channel.send(
        "goto", self._navigation_timeout, locals_to_params(locals())
    )
  File "C:\Users\Mouad\AppData\Roaming\Python\Python314\site-packages\playwright\_impl\_connection.py", line 69, in send
    return await self._connection.wrap_api_call(
           ^^^^^^^^^^^^^^^^^^^^^^^^^^^^^^^^^^^^^
    ...<3 lines>...
    )
    ^
  File "C:\Users\Mouad\AppData\Roaming\Python\Python314\site-packages\playwright\_impl\_connection.py", line 559, in wrap_api_call
    raise rewrite_error(error, f"{parsed_st['apiName']}: {error}") from None
playwright._impl._errors.Error: Page.goto: net::ERR_BLOCKED_BY_CLIENT at chrome-extension://lmjnegcaeklhafolokijcfjliaokphfk/content/popup.html
Call log:
  - navigating to "chrome-extension://lmjnegcaeklhafolokijcfjliaokphfk/content/popup.html", waiting until "domcontentloaded"


2026-06-07 19:00:16,802 - ERROR - Application crash:
Traceback (most recent call last):
  File "C:\Users\Mouad\Desktop\video_player\main.py", line 36087, in <module>
    result = run_brave_playwright(sys.argv[2])
  File "C:\Users\Mouad\Desktop\video_player\playwright_brave.py", line 236, in run_brave_playwright
    extension_result = perform_future_steps(page, context, timeout_ms)
  File "C:\Users\Mouad\Desktop\video_player\playwright_brave.py", line 147, in perform_future_steps
    popup_page.goto(popup_url, wait_until="domcontentloaded", timeout=timeout_ms)
    ~~~~~~~~~~~~~~~^^^^^^^^^^^^^^^^^^^^^^^^^^^^^^^^^^^^^^^^^^^^^^^^^^^^^^^^^^^^^^
  File "C:\Users\Mouad\AppData\Roaming\Python\Python314\site-packages\playwright\sync_api\_generated.py", line 9612, in goto
    self._sync(
    ~~~~~~~~~~^
        self._impl_obj.goto(
        ^^^^^^^^^^^^^^^^^^^^
    ...<4 lines>...
        )
        ^
    )
    ^
  File "C:\Users\Mouad\AppData\Roaming\Python\Python314\site-packages\playwright\_impl\_sync_base.py", line 115, in _sync
    return task.result()
           ~~~~~~~~~~~^^
  File "C:\Users\Mouad\AppData\Roaming\Python\Python314\site-packages\playwright\_impl\_page.py", line 557, in goto
    return await self._main_frame.goto(**locals_to_params(locals()))
           ^^^^^^^^^^^^^^^^^^^^^^^^^^^^^^^^^^^^^^^^^^^^^^^^^^^^^^^^^
  File "C:\Users\Mouad\AppData\Roaming\Python\Python314\site-packages\playwright\_impl\_frame.py", line 156, in goto
    await self._channel.send(
        "goto", self._navigation_timeout, locals_to_params(locals())
    )
  File "C:\Users\Mouad\AppData\Roaming\Python\Python314\site-packages\playwright\_impl\_connection.py", line 69, in send
    return await self._connection.wrap_api_call(
           ^^^^^^^^^^^^^^^^^^^^^^^^^^^^^^^^^^^^^
    ...<3 lines>...
    )
    ^
  File "C:\Users\Mouad\AppData\Roaming\Python\Python314\site-packages\playwright\_impl\_connection.py", line 559, in wrap_api_call
    raise rewrite_error(error, f"{parsed_st['apiName']}: {error}") from None
playwright._impl._errors.Error: Page.goto: net::ERR_BLOCKED_BY_CLIENT at chrome-extension://lmjnegcaeklhafolokijcfjliaokphfk/content/popup.html
Call log:
  - navigating to "chrome-extension://lmjnegcaeklhafolokijcfjliaokphfk/content/popup.html", waiting until "domcontentloaded"


2026-06-07 19:02:08,058 - ERROR - Failed to start application: Navigation failed because page crashed!
Traceback (most recent call last):
  File "C:\Users\Mouad\Desktop\video_player\main.py", line 36087, in <module>
    result = run_brave_playwright(sys.argv[2])
  File "C:\Users\Mouad\Desktop\video_player\playwright_brave.py", line 231, in run_brave_playwright
    page.wait_for_load_state("networkidle", timeout=min(timeout_ms, 10000))
    ~~~~~~~~~~~~~~~~~~~~~~~~^^^^^^^^^^^^^^^^^^^^^^^^^^^^^^^^^^^^^^^^^^^^^^^
  File "C:\Users\Mouad\AppData\Roaming\Python\Python314\site-packages\playwright\sync_api\_generated.py", line 9717, in wait_for_load_state
    self._sync(
    ~~~~~~~~~~^
        self._impl_obj.wait_for_load_state(
        ^^^^^^^^^^^^^^^^^^^^^^^^^^^^^^^^^^^
            state=state, timeout=to_milliseconds(timeout)
            ^^^^^^^^^^^^^^^^^^^^^^^^^^^^^^^^^^^^^^^^^^^^^
        )
        ^
    )
    ^
  File "C:\Users\Mouad\AppData\Roaming\Python\Python314\site-packages\playwright\_impl\_sync_base.py", line 115, in _sync
    return task.result()
           ~~~~~~~~~~~^^
  File "C:\Users\Mouad\AppData\Roaming\Python\Python314\site-packages\playwright\_impl\_page.py", line 577, in wait_for_load_state
    return await self._main_frame.wait_for_load_state(**locals_to_params(locals()))
           ^^^^^^^^^^^^^^^^^^^^^^^^^^^^^^^^^^^^^^^^^^^^^^^^^^^^^^^^^^^^^^^^^^^^^^^^
  File "C:\Users\Mouad\AppData\Roaming\Python\Python314\site-packages\playwright\_impl\_frame.py", line 276, in wait_for_load_state
    return await self._wait_for_load_state_impl(state, timeout)
           ^^^^^^^^^^^^^^^^^^^^^^^^^^^^^^^^^^^^^^^^^^^^^^^^^^^^
  File "C:\Users\Mouad\AppData\Roaming\Python\Python314\site-packages\playwright\_impl\_frame.py", line 304, in _wait_for_load_state_impl
    await waiter.result()
playwright._impl._errors.Error: Navigation failed because page crashed!

2026-06-07 19:02:08,471 - ERROR - Application crash:
Traceback (most recent call last):
  File "C:\Users\Mouad\Desktop\video_player\main.py", line 36087, in <module>
    result = run_brave_playwright(sys.argv[2])
  File "C:\Users\Mouad\Desktop\video_player\playwright_brave.py", line 231, in run_brave_playwright
    page.wait_for_load_state("networkidle", timeout=min(timeout_ms, 10000))
    ~~~~~~~~~~~~~~~~~~~~~~~~^^^^^^^^^^^^^^^^^^^^^^^^^^^^^^^^^^^^^^^^^^^^^^^
  File "C:\Users\Mouad\AppData\Roaming\Python\Python314\site-packages\playwright\sync_api\_generated.py", line 9717, in wait_for_load_state
    self._sync(
    ~~~~~~~~~~^
        self._impl_obj.wait_for_load_state(
        ^^^^^^^^^^^^^^^^^^^^^^^^^^^^^^^^^^^
            state=state, timeout=to_milliseconds(timeout)
            ^^^^^^^^^^^^^^^^^^^^^^^^^^^^^^^^^^^^^^^^^^^^^
        )
        ^
    )
    ^
  File "C:\Users\Mouad\AppData\Roaming\Python\Python314\site-packages\playwright\_impl\_sync_base.py", line 115, in _sync
    return task.result()
           ~~~~~~~~~~~^^
  File "C:\Users\Mouad\AppData\Roaming\Python\Python314\site-packages\playwright\_impl\_page.py", line 577, in wait_for_load_state
    return await self._main_frame.wait_for_load_state(**locals_to_params(locals()))
           ^^^^^^^^^^^^^^^^^^^^^^^^^^^^^^^^^^^^^^^^^^^^^^^^^^^^^^^^^^^^^^^^^^^^^^^^
  File "C:\Users\Mouad\AppData\Roaming\Python\Python314\site-packages\playwright\_impl\_frame.py", line 276, in wait_for_load_state
    return await self._wait_for_load_state_impl(state, timeout)
           ^^^^^^^^^^^^^^^^^^^^^^^^^^^^^^^^^^^^^^^^^^^^^^^^^^^^
  File "C:\Users\Mouad\AppData\Roaming\Python\Python314\site-packages\playwright\_impl\_frame.py", line 304, in _wait_for_load_state_impl
    await waiter.result()
playwright._impl._errors.Error: Navigation failed because page crashed!

2026-06-07 19:02:32,938 - ERROR - Failed to start application: Page.goto: net::ERR_BLOCKED_BY_CLIENT at chrome-extension://lmjnegcaeklhafolokijcfjliaokphfk/content/popup.html
Call log:
  - navigating to "chrome-extension://lmjnegcaeklhafolokijcfjliaokphfk/content/popup.html", waiting until "domcontentloaded"

Traceback (most recent call last):
  File "C:\Users\Mouad\Desktop\video_player\main.py", line 36087, in <module>
    result = run_brave_playwright(sys.argv[2])
  File "C:\Users\Mouad\Desktop\video_player\playwright_brave.py", line 236, in run_brave_playwright
    extension_result = perform_future_steps(page, context, timeout_ms)
  File "C:\Users\Mouad\Desktop\video_player\playwright_brave.py", line 147, in perform_future_steps
    popup_page.goto(popup_url, wait_until="domcontentloaded", timeout=timeout_ms)
    ~~~~~~~~~~~~~~~^^^^^^^^^^^^^^^^^^^^^^^^^^^^^^^^^^^^^^^^^^^^^^^^^^^^^^^^^^^^^^
  File "C:\Users\Mouad\AppData\Roaming\Python\Python314\site-packages\playwright\sync_api\_generated.py", line 9612, in goto
    self._sync(
    ~~~~~~~~~~^
        self._impl_obj.goto(
        ^^^^^^^^^^^^^^^^^^^^
    ...<4 lines>...
        )
        ^
    )
    ^
  File "C:\Users\Mouad\AppData\Roaming\Python\Python314\site-packages\playwright\_impl\_sync_base.py", line 115, in _sync
    return task.result()
           ~~~~~~~~~~~^^
  File "C:\Users\Mouad\AppData\Roaming\Python\Python314\site-packages\playwright\_impl\_page.py", line 557, in goto
    return await self._main_frame.goto(**locals_to_params(locals()))
           ^^^^^^^^^^^^^^^^^^^^^^^^^^^^^^^^^^^^^^^^^^^^^^^^^^^^^^^^^
  File "C:\Users\Mouad\AppData\Roaming\Python\Python314\site-packages\playwright\_impl\_frame.py", line 156, in goto
    await self._channel.send(
        "goto", self._navigation_timeout, locals_to_params(locals())
    )
  File "C:\Users\Mouad\AppData\Roaming\Python\Python314\site-packages\playwright\_impl\_connection.py", line 69, in send
    return await self._connection.wrap_api_call(
           ^^^^^^^^^^^^^^^^^^^^^^^^^^^^^^^^^^^^^
    ...<3 lines>...
    )
    ^
  File "C:\Users\Mouad\AppData\Roaming\Python\Python314\site-packages\playwright\_impl\_connection.py", line 559, in wrap_api_call
    raise rewrite_error(error, f"{parsed_st['apiName']}: {error}") from None
playwright._impl._errors.Error: Page.goto: net::ERR_BLOCKED_BY_CLIENT at chrome-extension://lmjnegcaeklhafolokijcfjliaokphfk/content/popup.html
Call log:
  - navigating to "chrome-extension://lmjnegcaeklhafolokijcfjliaokphfk/content/popup.html", waiting until "domcontentloaded"


2026-06-07 19:02:32,978 - ERROR - Application crash:
Traceback (most recent call last):
  File "C:\Users\Mouad\Desktop\video_player\main.py", line 36087, in <module>
    result = run_brave_playwright(sys.argv[2])
  File "C:\Users\Mouad\Desktop\video_player\playwright_brave.py", line 236, in run_brave_playwright
    extension_result = perform_future_steps(page, context, timeout_ms)
  File "C:\Users\Mouad\Desktop\video_player\playwright_brave.py", line 147, in perform_future_steps
    popup_page.goto(popup_url, wait_until="domcontentloaded", timeout=timeout_ms)
    ~~~~~~~~~~~~~~~^^^^^^^^^^^^^^^^^^^^^^^^^^^^^^^^^^^^^^^^^^^^^^^^^^^^^^^^^^^^^^
  File "C:\Users\Mouad\AppData\Roaming\Python\Python314\site-packages\playwright\sync_api\_generated.py", line 9612, in goto
    self._sync(
    ~~~~~~~~~~^
        self._impl_obj.goto(
        ^^^^^^^^^^^^^^^^^^^^
    ...<4 lines>...
        )
        ^
    )
    ^
  File "C:\Users\Mouad\AppData\Roaming\Python\Python314\site-packages\playwright\_impl\_sync_base.py", line 115, in _sync
    return task.result()
           ~~~~~~~~~~~^^
  File "C:\Users\Mouad\AppData\Roaming\Python\Python314\site-packages\playwright\_impl\_page.py", line 557, in goto
    return await self._main_frame.goto(**locals_to_params(locals()))
           ^^^^^^^^^^^^^^^^^^^^^^^^^^^^^^^^^^^^^^^^^^^^^^^^^^^^^^^^^
  File "C:\Users\Mouad\AppData\Roaming\Python\Python314\site-packages\playwright\_impl\_frame.py", line 156, in goto
    await self._channel.send(
        "goto", self._navigation_timeout, locals_to_params(locals())
    )
  File "C:\Users\Mouad\AppData\Roaming\Python\Python314\site-packages\playwright\_impl\_connection.py", line 69, in send
    return await self._connection.wrap_api_call(
           ^^^^^^^^^^^^^^^^^^^^^^^^^^^^^^^^^^^^^
    ...<3 lines>...
    )
    ^
  File "C:\Users\Mouad\AppData\Roaming\Python\Python314\site-packages\playwright\_impl\_connection.py", line 559, in wrap_api_call
    raise rewrite_error(error, f"{parsed_st['apiName']}: {error}") from None
playwright._impl._errors.Error: Page.goto: net::ERR_BLOCKED_BY_CLIENT at chrome-extension://lmjnegcaeklhafolokijcfjliaokphfk/content/popup.html
Call log:
  - navigating to "chrome-extension://lmjnegcaeklhafolokijcfjliaokphfk/content/popup.html", waiting until "domcontentloaded"


2026-06-07 19:02:55,040 - ERROR - Failed to start application: Page.goto: net::ERR_BLOCKED_BY_CLIENT at chrome-extension://lmjnegcaeklhafolokijcfjliaokphfk/content/popup.html
Call log:
  - navigating to "chrome-extension://lmjnegcaeklhafolokijcfjliaokphfk/content/popup.html", waiting until "domcontentloaded"

Traceback (most recent call last):
  File "C:\Users\Mouad\Desktop\video_player\main.py", line 36087, in <module>
    result = run_brave_playwright(sys.argv[2])
  File "C:\Users\Mouad\Desktop\video_player\playwright_brave.py", line 236, in run_brave_playwright
    extension_result = perform_future_steps(page, context, timeout_ms)
  File "C:\Users\Mouad\Desktop\video_player\playwright_brave.py", line 147, in perform_future_steps
    popup_page.goto(popup_url, wait_until="domcontentloaded", timeout=timeout_ms)
    ~~~~~~~~~~~~~~~^^^^^^^^^^^^^^^^^^^^^^^^^^^^^^^^^^^^^^^^^^^^^^^^^^^^^^^^^^^^^^
  File "C:\Users\Mouad\AppData\Roaming\Python\Python314\site-packages\playwright\sync_api\_generated.py", line 9612, in goto
    self._sync(
    ~~~~~~~~~~^
        self._impl_obj.goto(
        ^^^^^^^^^^^^^^^^^^^^
    ...<4 lines>...
        )
        ^
    )
    ^
  File "C:\Users\Mouad\AppData\Roaming\Python\Python314\site-packages\playwright\_impl\_sync_base.py", line 115, in _sync
    return task.result()
           ~~~~~~~~~~~^^
  File "C:\Users\Mouad\AppData\Roaming\Python\Python314\site-packages\playwright\_impl\_page.py", line 557, in goto
    return await self._main_frame.goto(**locals_to_params(locals()))
           ^^^^^^^^^^^^^^^^^^^^^^^^^^^^^^^^^^^^^^^^^^^^^^^^^^^^^^^^^
  File "C:\Users\Mouad\AppData\Roaming\Python\Python314\site-packages\playwright\_impl\_frame.py", line 156, in goto
    await self._channel.send(
        "goto", self._navigation_timeout, locals_to_params(locals())
    )
  File "C:\Users\Mouad\AppData\Roaming\Python\Python314\site-packages\playwright\_impl\_connection.py", line 69, in send
    return await self._connection.wrap_api_call(
           ^^^^^^^^^^^^^^^^^^^^^^^^^^^^^^^^^^^^^
    ...<3 lines>...
    )
    ^
  File "C:\Users\Mouad\AppData\Roaming\Python\Python314\site-packages\playwright\_impl\_connection.py", line 559, in wrap_api_call
    raise rewrite_error(error, f"{parsed_st['apiName']}: {error}") from None
playwright._impl._errors.Error: Page.goto: net::ERR_BLOCKED_BY_CLIENT at chrome-extension://lmjnegcaeklhafolokijcfjliaokphfk/content/popup.html
Call log:
  - navigating to "chrome-extension://lmjnegcaeklhafolokijcfjliaokphfk/content/popup.html", waiting until "domcontentloaded"


2026-06-07 19:02:55,074 - ERROR - Application crash:
Traceback (most recent call last):
  File "C:\Users\Mouad\Desktop\video_player\main.py", line 36087, in <module>
    result = run_brave_playwright(sys.argv[2])
  File "C:\Users\Mouad\Desktop\video_player\playwright_brave.py", line 236, in run_brave_playwright
    extension_result = perform_future_steps(page, context, timeout_ms)
  File "C:\Users\Mouad\Desktop\video_player\playwright_brave.py", line 147, in perform_future_steps
    popup_page.goto(popup_url, wait_until="domcontentloaded", timeout=timeout_ms)
    ~~~~~~~~~~~~~~~^^^^^^^^^^^^^^^^^^^^^^^^^^^^^^^^^^^^^^^^^^^^^^^^^^^^^^^^^^^^^^
  File "C:\Users\Mouad\AppData\Roaming\Python\Python314\site-packages\playwright\sync_api\_generated.py", line 9612, in goto
    self._sync(
    ~~~~~~~~~~^
        self._impl_obj.goto(
        ^^^^^^^^^^^^^^^^^^^^
    ...<4 lines>...
        )
        ^
    )
    ^
  File "C:\Users\Mouad\AppData\Roaming\Python\Python314\site-packages\playwright\_impl\_sync_base.py", line 115, in _sync
    return task.result()
           ~~~~~~~~~~~^^
  File "C:\Users\Mouad\AppData\Roaming\Python\Python314\site-packages\playwright\_impl\_page.py", line 557, in goto
    return await self._main_frame.goto(**locals_to_params(locals()))
           ^^^^^^^^^^^^^^^^^^^^^^^^^^^^^^^^^^^^^^^^^^^^^^^^^^^^^^^^^
  File "C:\Users\Mouad\AppData\Roaming\Python\Python314\site-packages\playwright\_impl\_frame.py", line 156, in goto
    await self._channel.send(
        "goto", self._navigation_timeout, locals_to_params(locals())
    )
  File "C:\Users\Mouad\AppData\Roaming\Python\Python314\site-packages\playwright\_impl\_connection.py", line 69, in send
    return await self._connection.wrap_api_call(
           ^^^^^^^^^^^^^^^^^^^^^^^^^^^^^^^^^^^^^
    ...<3 lines>...
    )
    ^
  File "C:\Users\Mouad\AppData\Roaming\Python\Python314\site-packages\playwright\_impl\_connection.py", line 559, in wrap_api_call
    raise rewrite_error(error, f"{parsed_st['apiName']}: {error}") from None
playwright._impl._errors.Error: Page.goto: net::ERR_BLOCKED_BY_CLIENT at chrome-extension://lmjnegcaeklhafolokijcfjliaokphfk/content/popup.html
Call log:
  - navigating to "chrome-extension://lmjnegcaeklhafolokijcfjliaokphfk/content/popup.html", waiting until "domcontentloaded"


2026-06-07 19:17:43,582 - ERROR - Application crash:
Traceback (most recent call last):
  File "C:\Users\Mouad\Desktop\video_player\main.py", line 36087, in <module>
    result = run_brave_playwright(sys.argv[2])
  File "C:\Users\Mouad\Desktop\video_player\playwright_brave.py", line 352, in run_brave_playwright
    from playwright.sync_api import TimeoutError as PlaywrightTimeoutError
                ^^^^^^^^^^^^^
KeyboardInterrupt

2026-06-07 19:19:23,609 - ERROR - Application crash:
Traceback (most recent call last):
  File "C:\Users\Mouad\Desktop\video_player\main.py", line 36087, in <module>
    result = run_brave_playwright(sys.argv[2])
  File "C:\Users\Mouad\Desktop\video_player\playwright_brave.py", line 426, in run_brave_playwright
    time.sleep(1)
    ~~~~~~~~~~^^^
KeyboardInterrupt

2026-06-07 19:20:09,026 - ERROR - Failed to start application: Brave DevTools endpoint did not become available on port 52620: <urlopen error timed out>
Traceback (most recent call last):
  File "C:\Users\Mouad\Desktop\video_player\main.py", line 36087, in <module>
    result = run_brave_playwright(sys.argv[2])
  File "C:\Users\Mouad\Desktop\video_player\playwright_brave.py", line 387, in run_brave_playwright
    brave_proc, cdp_port = _launch_brave_with_cdp(
                           ~~~~~~~~~~~~~~~~~~~~~~^
        brave_path=brave_path,
        ^^^^^^^^^^^^^^^^^^^^^^
    ...<4 lines>...
        extension_path=extension_path,
        ^^^^^^^^^^^^^^^^^^^^^^^^^^^^^^
    )
    ^
  File "C:\Users\Mouad\Desktop\video_player\playwright_brave.py", line 183, in _launch_brave_with_cdp
    _wait_for_devtools(port, 15000)
    ~~~~~~~~~~~~~~~~~~^^^^^^^^^^^^^
  File "C:\Users\Mouad\Desktop\video_player\playwright_brave.py", line 149, in _wait_for_devtools
    raise RuntimeError(
        f"Brave DevTools endpoint did not become available on port {port}: {last_error}"
    )
RuntimeError: Brave DevTools endpoint did not become available on port 52620: <urlopen error timed out>

2026-06-07 19:20:09,095 - ERROR - Application crash:
Traceback (most recent call last):
  File "C:\Users\Mouad\Desktop\video_player\main.py", line 36087, in <module>
    result = run_brave_playwright(sys.argv[2])
  File "C:\Users\Mouad\Desktop\video_player\playwright_brave.py", line 387, in run_brave_playwright
    brave_proc, cdp_port = _launch_brave_with_cdp(
                           ~~~~~~~~~~~~~~~~~~~~~~^
        brave_path=brave_path,
        ^^^^^^^^^^^^^^^^^^^^^^
    ...<4 lines>...
        extension_path=extension_path,
        ^^^^^^^^^^^^^^^^^^^^^^^^^^^^^^
    )
    ^
  File "C:\Users\Mouad\Desktop\video_player\playwright_brave.py", line 183, in _launch_brave_with_cdp
    _wait_for_devtools(port, 15000)
    ~~~~~~~~~~~~~~~~~~^^^^^^^^^^^^^
  File "C:\Users\Mouad\Desktop\video_player\playwright_brave.py", line 149, in _wait_for_devtools
    raise RuntimeError(
        f"Brave DevTools endpoint did not become available on port {port}: {last_error}"
    )
RuntimeError: Brave DevTools endpoint did not become available on port 52620: <urlopen error timed out>

2026-06-07 19:21:16,183 - ERROR - Failed to start application: Brave DevTools endpoint did not become available on port 52644: <urlopen error timed out>
Traceback (most recent call last):
  File "C:\Users\Mouad\Desktop\video_player\main.py", line 36087, in <module>
    result = run_brave_playwright(sys.argv[2])
  File "C:\Users\Mouad\Desktop\video_player\playwright_brave.py", line 387, in run_brave_playwright
    brave_proc, cdp_port = _launch_brave_with_cdp(
                           ~~~~~~~~~~~~~~~~~~~~~~^
        brave_path=brave_path,
        ^^^^^^^^^^^^^^^^^^^^^^
    ...<4 lines>...
        extension_path=extension_path,
        ^^^^^^^^^^^^^^^^^^^^^^^^^^^^^^
    )
    ^
  File "C:\Users\Mouad\Desktop\video_player\playwright_brave.py", line 183, in _launch_brave_with_cdp
    _wait_for_devtools(port, 15000)
    ~~~~~~~~~~~~~~~~~~^^^^^^^^^^^^^
  File "C:\Users\Mouad\Desktop\video_player\playwright_brave.py", line 149, in _wait_for_devtools
    raise RuntimeError(
        f"Brave DevTools endpoint did not become available on port {port}: {last_error}"
    )
RuntimeError: Brave DevTools endpoint did not become available on port 52644: <urlopen error timed out>

2026-06-07 19:21:16,211 - ERROR - Application crash:
Traceback (most recent call last):
  File "C:\Users\Mouad\Desktop\video_player\main.py", line 36087, in <module>
    result = run_brave_playwright(sys.argv[2])
  File "C:\Users\Mouad\Desktop\video_player\playwright_brave.py", line 387, in run_brave_playwright
    brave_proc, cdp_port = _launch_brave_with_cdp(
                           ~~~~~~~~~~~~~~~~~~~~~~^
        brave_path=brave_path,
        ^^^^^^^^^^^^^^^^^^^^^^
    ...<4 lines>...
        extension_path=extension_path,
        ^^^^^^^^^^^^^^^^^^^^^^^^^^^^^^
    )
    ^
  File "C:\Users\Mouad\Desktop\video_player\playwright_brave.py", line 183, in _launch_brave_with_cdp
    _wait_for_devtools(port, 15000)
    ~~~~~~~~~~~~~~~~~~^^^^^^^^^^^^^
  File "C:\Users\Mouad\Desktop\video_player\playwright_brave.py", line 149, in _wait_for_devtools
    raise RuntimeError(
        f"Brave DevTools endpoint did not become available on port {port}: {last_error}"
    )
RuntimeError: Brave DevTools endpoint did not become available on port 52644: <urlopen error timed out>

2026-06-07 19:21:47,040 - ERROR - Failed to start application: Brave DevTools endpoint did not become available on port 52667: <urlopen error timed out>
Traceback (most recent call last):
  File "C:\Users\Mouad\Desktop\video_player\main.py", line 36087, in <module>
    result = run_brave_playwright(sys.argv[2])
  File "C:\Users\Mouad\Desktop\video_player\playwright_brave.py", line 387, in run_brave_playwright
    brave_proc, cdp_port = _launch_brave_with_cdp(
                           ~~~~~~~~~~~~~~~~~~~~~~^
        brave_path=brave_path,
        ^^^^^^^^^^^^^^^^^^^^^^
    ...<4 lines>...
        extension_path=extension_path,
        ^^^^^^^^^^^^^^^^^^^^^^^^^^^^^^
    )
    ^
  File "C:\Users\Mouad\Desktop\video_player\playwright_brave.py", line 183, in _launch_brave_with_cdp
    _wait_for_devtools(port, 15000)
    ~~~~~~~~~~~~~~~~~~^^^^^^^^^^^^^
  File "C:\Users\Mouad\Desktop\video_player\playwright_brave.py", line 149, in _wait_for_devtools
    raise RuntimeError(
        f"Brave DevTools endpoint did not become available on port {port}: {last_error}"
    )
RuntimeError: Brave DevTools endpoint did not become available on port 52667: <urlopen error timed out>

2026-06-07 19:21:47,067 - ERROR - Application crash:
Traceback (most recent call last):
  File "C:\Users\Mouad\Desktop\video_player\main.py", line 36087, in <module>
    result = run_brave_playwright(sys.argv[2])
  File "C:\Users\Mouad\Desktop\video_player\playwright_brave.py", line 387, in run_brave_playwright
    brave_proc, cdp_port = _launch_brave_with_cdp(
                           ~~~~~~~~~~~~~~~~~~~~~~^
        brave_path=brave_path,
        ^^^^^^^^^^^^^^^^^^^^^^
    ...<4 lines>...
        extension_path=extension_path,
        ^^^^^^^^^^^^^^^^^^^^^^^^^^^^^^
    )
    ^
  File "C:\Users\Mouad\Desktop\video_player\playwright_brave.py", line 183, in _launch_brave_with_cdp
    _wait_for_devtools(port, 15000)
    ~~~~~~~~~~~~~~~~~~^^^^^^^^^^^^^
  File "C:\Users\Mouad\Desktop\video_player\playwright_brave.py", line 149, in _wait_for_devtools
    raise RuntimeError(
        f"Brave DevTools endpoint did not become available on port {port}: {last_error}"
    )
RuntimeError: Brave DevTools endpoint did not become available on port 52667: <urlopen error timed out>

2026-06-07 19:28:39,755 - ERROR - Application crash:
Traceback (most recent call last):
  File "C:\Users\Mouad\Desktop\video_player\main.py", line 36087, in <module>
    result = run_brave_playwright(sys.argv[2])
  File "C:\Users\Mouad\Desktop\video_player\playwright_brave.py", line 426, in run_brave_playwright
    time.sleep(1)
    ~~~~~~~~~~^^^
KeyboardInterrupt

2026-06-07 22:16:59,605 - ERROR - Application crash:
Traceback (most recent call last):
  File "C:\Users\Mouad\Desktop\video_player\main.py", line 36087, in <module>
    result = run_brave_playwright(sys.argv[2])
  File "C:\Users\Mouad\Desktop\video_player\playwright_brave.py", line 439, in run_brave_playwright
    browser.close()
    ~~~~~~~~~~~~~^^
  File "C:\Users\Mouad\AppData\Roaming\Python\Python314\site-packages\playwright\sync_api\_generated.py", line 15992, in close
    return mapping.from_maybe_impl(self._sync(self._impl_obj.close(reason=reason)))
                                   ~~~~~~~~~~^^^^^^^^^^^^^^^^^^^^^^^^^^^^^^^^^^^^^
  File "C:\Users\Mouad\AppData\Roaming\Python\Python314\site-packages\playwright\_impl\_sync_base.py", line 113, in _sync
    self._dispatcher_fiber.switch()
    ~~~~~~~~~~~~~~~~~~~~~~~~~~~~~^^
  File "C:\Users\Mouad\AppData\Roaming\Python\Python314\site-packages\playwright\sync_api\_context_manager.py", line 56, in greenlet_main
    self._loop.run_until_complete(self._connection.run_as_sync())
    ~~~~~~~~~~~~~~~~~~~~~~~~~~~~~^^^^^^^^^^^^^^^^^^^^^^^^^^^^^^^^
  File "C:\Program Files\Python314\Lib\asyncio\base_events.py", line 706, in run_until_complete
    self.run_forever()
    ~~~~~~~~~~~~~~~~^^
  File "C:\Program Files\Python314\Lib\asyncio\base_events.py", line 677, in run_forever
    self._run_once()
    ~~~~~~~~~~~~~~^^
  File "C:\Program Files\Python314\Lib\asyncio\base_events.py", line 2008, in _run_once
    event_list = self._selector.select(timeout)
  File "C:\Program Files\Python314\Lib\asyncio\windows_events.py", line 446, in select
    self._poll(timeout)
    ~~~~~~~~~~^^^^^^^^^
  File "C:\Program Files\Python314\Lib\asyncio\windows_events.py", line 782, in _poll
    f, ov, obj, callback = self._cache.pop(address)
                           ~~~~~~~~~~~~~~~^^^^^^^^^
KeyboardInterrupt

2026-06-07 22:31:38,929 - ERROR - Application crash:
Traceback (most recent call last):
  File "C:\Users\Mouad\Desktop\video_player\main.py", line 36087, in <module>
    result = run_brave_playwright(sys.argv[2])
  File "C:\Users\Mouad\Desktop\video_player\playwright_brave.py", line 439, in run_brave_playwright
  File "C:\Users\Mouad\AppData\Roaming\Python\Python314\site-packages\playwright\sync_api\_generated.py", line 15992, in close
    return mapping.from_maybe_impl(self._sync(self._impl_obj.close(reason=reason)))
                                   ~~~~~~~~~~^^^^^^^^^^^^^^^^^^^^^^^^^^^^^^^^^^^^^
  File "C:\Users\Mouad\AppData\Roaming\Python\Python314\site-packages\playwright\_impl\_sync_base.py", line 113, in _sync
    self._dispatcher_fiber.switch()
    ~~~~~~~~~~~~~~~~~~~~~~~~~~~~~^^
  File "C:\Users\Mouad\AppData\Roaming\Python\Python314\site-packages\playwright\sync_api\_context_manager.py", line 56, in greenlet_main
    self._loop.run_until_complete(self._connection.run_as_sync())
    ~~~~~~~~~~~~~~~~~~~~~~~~~~~~~^^^^^^^^^^^^^^^^^^^^^^^^^^^^^^^^
  File "C:\Program Files\Python314\Lib\asyncio\base_events.py", line 706, in run_until_complete
    self.run_forever()
    ~~~~~~~~~~~~~~~~^^
  File "C:\Program Files\Python314\Lib\asyncio\base_events.py", line 677, in run_forever
    self._run_once()
    ~~~~~~~~~~~~~~^^
  File "C:\Program Files\Python314\Lib\asyncio\base_events.py", line 2008, in _run_once
    event_list = self._selector.select(timeout)
  File "C:\Program Files\Python314\Lib\asyncio\windows_events.py", line 446, in select
    self._poll(timeout)
    ~~~~~~~~~~^^^^^^^^^
  File "C:\Program Files\Python314\Lib\asyncio\windows_events.py", line 775, in _poll
    status = _overlapped.GetQueuedCompletionStatus(self._iocp, ms)
KeyboardInterrupt

2026-06-07 22:33:33,153 - ERROR - Failed to start application: Could not find extension '__MSG_manifest_name__' in the Brave Extensions menu.
Traceback (most recent call last):
  File "C:\Users\Mouad\Desktop\video_player\main.py", line 36087, in <module>
    result = run_brave_playwright(sys.argv[2])
  File "C:\Users\Mouad\Desktop\video_player\playwright_brave.py", line 386, in run_brave_playwright
    popup_mode = _open_extension_popup(brave_window, desktop, extension_name, mouse_click, timeout_ms)
  File "C:\Users\Mouad\Desktop\video_player\playwright_brave.py", line 288, in _open_extension_popup
    raise RuntimeError(f"Could not find extension {extension_name!r} in the Brave Extensions menu.")
RuntimeError: Could not find extension '__MSG_manifest_name__' in the Brave Extensions menu.

2026-06-07 22:33:33,189 - ERROR - Application crash:
Traceback (most recent call last):
  File "C:\Users\Mouad\Desktop\video_player\main.py", line 36087, in <module>
    result = run_brave_playwright(sys.argv[2])
  File "C:\Users\Mouad\Desktop\video_player\playwright_brave.py", line 386, in run_brave_playwright
    popup_mode = _open_extension_popup(brave_window, desktop, extension_name, mouse_click, timeout_ms)
  File "C:\Users\Mouad\Desktop\video_player\playwright_brave.py", line 288, in _open_extension_popup
    raise RuntimeError(f"Could not find extension {extension_name!r} in the Brave Extensions menu.")
RuntimeError: Could not find extension '__MSG_manifest_name__' in the Brave Extensions menu.

2026-06-07 22:37:22,023 - ERROR - Failed to start application: Could not find extension 'FetchV - Video Downloader for m3u8 & hls' in the Brave Extensions menu.
Traceback (most recent call last):
  File "C:\Users\Mouad\Desktop\video_player\main.py", line 36087, in <module>
    result = run_brave_playwright(sys.argv[2])
  File "C:\Users\Mouad\Desktop\video_player\playwright_brave.py", line 405, in run_brave_playwright
    popup_mode = _open_extension_popup(brave_window, desktop, extension_name, send_keys, timeout_ms)
  File "C:\Users\Mouad\Desktop\video_player\playwright_brave.py", line 307, in _open_extension_popup
    raise RuntimeError(f"Could not find extension {extension_name!r} in the Brave Extensions menu.")
RuntimeError: Could not find extension 'FetchV - Video Downloader for m3u8 & hls' in the Brave Extensions menu.

2026-06-07 22:37:22,053 - ERROR - Application crash:
Traceback (most recent call last):
  File "C:\Users\Mouad\Desktop\video_player\main.py", line 36087, in <module>
    result = run_brave_playwright(sys.argv[2])
  File "C:\Users\Mouad\Desktop\video_player\playwright_brave.py", line 405, in run_brave_playwright
    popup_mode = _open_extension_popup(brave_window, desktop, extension_name, send_keys, timeout_ms)
  File "C:\Users\Mouad\Desktop\video_player\playwright_brave.py", line 307, in _open_extension_popup
    raise RuntimeError(f"Could not find extension {extension_name!r} in the Brave Extensions menu.")
RuntimeError: Could not find extension 'FetchV - Video Downloader for m3u8 & hls' in the Brave Extensions menu.

2026-06-07 22:42:36,157 - ERROR - Failed to start application: Could not find a visible Brave window.
Traceback (most recent call last):
  File "C:\Users\Mouad\Desktop\video_player\main.py", line 36087, in <module>
    result = run_brave_playwright(sys.argv[2])
  File "C:\Users\Mouad\Desktop\video_player\playwright_brave.py", line 442, in run_brave_playwright
    brave_window = _wait_for_brave_window(desktop, existing_handles, timeout_ms)
  File "C:\Users\Mouad\Desktop\video_player\playwright_brave.py", line 273, in _wait_for_brave_window
    raise RuntimeError("Could not find a visible Brave window.")
RuntimeError: Could not find a visible Brave window.

2026-06-07 22:42:36,186 - ERROR - Application crash:
Traceback (most recent call last):
  File "C:\Users\Mouad\Desktop\video_player\main.py", line 36087, in <module>
    result = run_brave_playwright(sys.argv[2])
  File "C:\Users\Mouad\Desktop\video_player\playwright_brave.py", line 442, in run_brave_playwright
    brave_window = _wait_for_brave_window(desktop, existing_handles, timeout_ms)
  File "C:\Users\Mouad\Desktop\video_player\playwright_brave.py", line 273, in _wait_for_brave_window
    raise RuntimeError("Could not find a visible Brave window.")
RuntimeError: Could not find a visible Brave window.

2026-06-07 22:45:27,615 - ERROR - Failed to start application: Could not find a visible Brave window.
Traceback (most recent call last):
  File "C:\Users\Mouad\Desktop\video_player\main.py", line 36087, in <module>
    result = run_brave_playwright(sys.argv[2])
  File "C:\Users\Mouad\Desktop\video_player\playwright_brave.py", line 442, in run_brave_playwright
    brave_window = _wait_for_brave_window(desktop, existing_handles, timeout_ms)
  File "C:\Users\Mouad\Desktop\video_player\playwright_brave.py", line 273, in _wait_for_brave_window
    raise RuntimeError("Could not find a visible Brave window.")
RuntimeError: Could not find a visible Brave window.

2026-06-07 22:45:27,648 - ERROR - Application crash:
Traceback (most recent call last):
  File "C:\Users\Mouad\Desktop\video_player\main.py", line 36087, in <module>
    result = run_brave_playwright(sys.argv[2])
  File "C:\Users\Mouad\Desktop\video_player\playwright_brave.py", line 442, in run_brave_playwright
    brave_window = _wait_for_brave_window(desktop, existing_handles, timeout_ms)
  File "C:\Users\Mouad\Desktop\video_player\playwright_brave.py", line 273, in _wait_for_brave_window
    raise RuntimeError("Could not find a visible Brave window.")
RuntimeError: Could not find a visible Brave window.

2026-06-07 22:50:55,122 - ERROR - Failed to start application: Could not find extension 'Video DownloadHelper' in the Brave Extensions menu.
Traceback (most recent call last):
  File "C:\Users\Mouad\Desktop\video_player\main.py", line 36087, in <module>
    result = run_brave_playwright(sys.argv[2])
  File "C:\Users\Mouad\Desktop\video_player\playwright_brave.py", line 466, in run_brave_playwright
    popup_mode = _open_extension_popup(brave_window, desktop, extension_name, send_keys, timeout_ms)
  File "C:\Users\Mouad\Desktop\video_player\playwright_brave.py", line 360, in _open_extension_popup
    raise RuntimeError(f"Could not find extension {extension_name!r} in the Brave Extensions menu.")
RuntimeError: Could not find extension 'Video DownloadHelper' in the Brave Extensions menu.

2026-06-07 22:50:55,148 - ERROR - Application crash:
Traceback (most recent call last):
  File "C:\Users\Mouad\Desktop\video_player\main.py", line 36087, in <module>
    result = run_brave_playwright(sys.argv[2])
  File "C:\Users\Mouad\Desktop\video_player\playwright_brave.py", line 466, in run_brave_playwright
    popup_mode = _open_extension_popup(brave_window, desktop, extension_name, send_keys, timeout_ms)
  File "C:\Users\Mouad\Desktop\video_player\playwright_brave.py", line 360, in _open_extension_popup
    raise RuntimeError(f"Could not find extension {extension_name!r} in the Brave Extensions menu.")
RuntimeError: Could not find extension 'Video DownloadHelper' in the Brave Extensions menu.

2026-06-07 22:56:12,441 - ERROR - Failed to start application: Could not find the requested button inside the extension popup.
Traceback (most recent call last):
  File "C:\Users\Mouad\Desktop\video_player\main.py", line 36087, in <module>
    result = run_brave_playwright(sys.argv[2])
  File "C:\Users\Mouad\Desktop\video_player\playwright_brave.py", line 484, in run_brave_playwright
    clicked_popup_button = _click_popup_button(
        brave_window,
    ...<5 lines>...
        timeout_ms,
    )
  File "C:\Users\Mouad\Desktop\video_player\playwright_brave.py", line 408, in _click_popup_button
    raise RuntimeError("Could not find the requested button inside the extension popup.")
RuntimeError: Could not find the requested button inside the extension popup.

2026-06-07 22:56:12,501 - ERROR - Application crash:
Traceback (most recent call last):
  File "C:\Users\Mouad\Desktop\video_player\main.py", line 36087, in <module>
    result = run_brave_playwright(sys.argv[2])
  File "C:\Users\Mouad\Desktop\video_player\playwright_brave.py", line 484, in run_brave_playwright
    clicked_popup_button = _click_popup_button(
        brave_window,
    ...<5 lines>...
        timeout_ms,
    )
  File "C:\Users\Mouad\Desktop\video_player\playwright_brave.py", line 408, in _click_popup_button
    raise RuntimeError("Could not find the requested button inside the extension popup.")
RuntimeError: Could not find the requested button inside the extension popup.

2026-06-07 23:05:56,563 - ERROR - Failed to start application: Could not find the requested button inside the extension popup. Visible control dump written to: C:\Users\Mouad\Desktop\video_player\brave_popup_controls.txt
Traceback (most recent call last):
  File "C:\Users\Mouad\Desktop\video_player\main.py", line 36087, in <module>
    result = run_brave_playwright(sys.argv[2])
  File "C:\Users\Mouad\Desktop\video_player\playwright_brave.py", line 528, in run_brave_playwright
    clicked_popup_button = _click_popup_button(
        brave_window,
    ...<5 lines>...
        timeout_ms,
    )
  File "C:\Users\Mouad\Desktop\video_player\playwright_brave.py", line 449, in _click_popup_button
    raise RuntimeError(
    ...<2 lines>...
    )
RuntimeError: Could not find the requested button inside the extension popup. Visible control dump written to: C:\Users\Mouad\Desktop\video_player\brave_popup_controls.txt

2026-06-07 23:05:56,594 - ERROR - Application crash:
Traceback (most recent call last):
  File "C:\Users\Mouad\Desktop\video_player\main.py", line 36087, in <module>
    result = run_brave_playwright(sys.argv[2])
  File "C:\Users\Mouad\Desktop\video_player\playwright_brave.py", line 528, in run_brave_playwright
    clicked_popup_button = _click_popup_button(
        brave_window,
    ...<5 lines>...
        timeout_ms,
    )
  File "C:\Users\Mouad\Desktop\video_player\playwright_brave.py", line 449, in _click_popup_button
    raise RuntimeError(
    ...<2 lines>...
    )
RuntimeError: Could not find the requested button inside the extension popup. Visible control dump written to: C:\Users\Mouad\Desktop\video_player\brave_popup_controls.txt

2026-06-07 23:46:57,018 - ERROR - Failed to start application: Could not open extension 'Video DownloadHelper' from the Brave toolbar or Extensions menu.
Traceback (most recent call last):
  File "C:\Users\Mouad\Desktop\video_player\main.py", line 36087, in <module>
    result = run_brave_playwright(sys.argv[2])
  File "C:\Users\Mouad\Desktop\video_player\playwright_brave.py", line 662, in run_brave_playwright
    popup_mode = _open_extension_popup(brave_window, desktop, extension_name, send_keys, timeout_ms)
  File "C:\Users\Mouad\Desktop\video_player\playwright_brave.py", line 502, in _open_extension_popup
    raise RuntimeError(
        f"Could not open extension {extension_name!r} from the Brave toolbar or Extensions menu."
    )
RuntimeError: Could not open extension 'Video DownloadHelper' from the Brave toolbar or Extensions menu.

2026-06-07 23:46:57,671 - ERROR - Application crash:
Traceback (most recent call last):
  File "C:\Users\Mouad\Desktop\video_player\main.py", line 36087, in <module>
    result = run_brave_playwright(sys.argv[2])
  File "C:\Users\Mouad\Desktop\video_player\playwright_brave.py", line 662, in run_brave_playwright
    popup_mode = _open_extension_popup(brave_window, desktop, extension_name, send_keys, timeout_ms)
  File "C:\Users\Mouad\Desktop\video_player\playwright_brave.py", line 502, in _open_extension_popup
    raise RuntimeError(
        f"Could not open extension {extension_name!r} from the Brave toolbar or Extensions menu."
    )
RuntimeError: Could not open extension 'Video DownloadHelper' from the Brave toolbar or Extensions menu.

2026-06-07 23:52:28,631 - ERROR - Failed to start application: Could not open extension 'Video DownloadHelper' from the Brave toolbar or Extensions menu.
Traceback (most recent call last):
  File "C:\Users\Mouad\Desktop\video_player\main.py", line 36087, in <module>
    result = run_brave_playwright(sys.argv[2])
  File "C:\Users\Mouad\Desktop\video_player\playwright_brave.py", line 717, in run_brave_playwright
    popup_mode = _open_extension_popup(brave_window, desktop, extension_name, send_keys, timeout_ms)
  File "C:\Users\Mouad\Desktop\video_player\playwright_brave.py", line 552, in _open_extension_popup
    raise RuntimeError(
        f"Could not open extension {extension_name!r} from the Brave toolbar or Extensions menu."
    )
RuntimeError: Could not open extension 'Video DownloadHelper' from the Brave toolbar or Extensions menu.

2026-06-07 23:52:29,176 - ERROR - Application crash:
Traceback (most recent call last):
  File "C:\Users\Mouad\Desktop\video_player\main.py", line 36087, in <module>
    result = run_brave_playwright(sys.argv[2])
  File "C:\Users\Mouad\Desktop\video_player\playwright_brave.py", line 717, in run_brave_playwright
    popup_mode = _open_extension_popup(brave_window, desktop, extension_name, send_keys, timeout_ms)
  File "C:\Users\Mouad\Desktop\video_player\playwright_brave.py", line 552, in _open_extension_popup
    raise RuntimeError(
        f"Could not open extension {extension_name!r} from the Brave toolbar or Extensions menu."
    )
RuntimeError: Could not open extension 'Video DownloadHelper' from the Brave toolbar or Extensions menu.

2026-06-08 00:01:58,868 - ERROR - Failed to start application: Could not find the requested button inside the extension popup. Visible control dump written to: C:\Users\Mouad\Desktop\video_player\brave_popup_controls.txt Sidebar fallback failed: Could not find the requested button inside the Brave sidebar. Visible control dump written to: C:\Users\Mouad\Desktop\video_player\brave_popup_controls.txt
Traceback (most recent call last):
  File "C:\Users\Mouad\Desktop\video_player\playwright_brave.py", line 737, in run_brave_playwright
    clicked_popup_button = _click_popup_button(
        brave_window,
    ...<5 lines>...
        timeout_ms,
    )
  File "C:\Users\Mouad\Desktop\video_player\playwright_brave.py", line 590, in _click_popup_button
    raise RuntimeError(
    ...<2 lines>...
    )
RuntimeError: Could not find the requested button inside the extension popup. Visible control dump written to: C:\Users\Mouad\Desktop\video_player\brave_popup_controls.txt

During handling of the above exception, another exception occurred:

Traceback (most recent call last):
  File "C:\Users\Mouad\Desktop\video_player\playwright_brave.py", line 751, in run_brave_playwright
    clicked_popup_button = _click_sidebar_button(
        brave_window,
    ...<6 lines>...
        timeout_ms,
    )
  File "C:\Users\Mouad\Desktop\video_player\playwright_brave.py", line 641, in _click_sidebar_button
    raise RuntimeError(
    ...<2 lines>...
    )
RuntimeError: Could not find the requested button inside the Brave sidebar. Visible control dump written to: C:\Users\Mouad\Desktop\video_player\brave_popup_controls.txt

The above exception was the direct cause of the following exception:

Traceback (most recent call last):
  File "C:\Users\Mouad\Desktop\video_player\main.py", line 36087, in <module>
    result = run_brave_playwright(sys.argv[2])
  File "C:\Users\Mouad\Desktop\video_player\playwright_brave.py", line 763, in run_brave_playwright
    raise RuntimeError(
        f"{popup_exc} Sidebar fallback failed: {sidebar_exc}"
    ) from sidebar_exc
RuntimeError: Could not find the requested button inside the extension popup. Visible control dump written to: C:\Users\Mouad\Desktop\video_player\brave_popup_controls.txt Sidebar fallback failed: Could not find the requested button inside the Brave sidebar. Visible control dump written to: C:\Users\Mouad\Desktop\video_player\brave_popup_controls.txt

2026-06-08 00:02:00,238 - ERROR - Application crash:
Traceback (most recent call last):
  File "C:\Users\Mouad\Desktop\video_player\playwright_brave.py", line 737, in run_brave_playwright
    clicked_popup_button = _click_popup_button(
        brave_window,
    ...<5 lines>...
        timeout_ms,
    )
  File "C:\Users\Mouad\Desktop\video_player\playwright_brave.py", line 590, in _click_popup_button
    raise RuntimeError(
    ...<2 lines>...
    )
RuntimeError: Could not find the requested button inside the extension popup. Visible control dump written to: C:\Users\Mouad\Desktop\video_player\brave_popup_controls.txt

During handling of the above exception, another exception occurred:

Traceback (most recent call last):
  File "C:\Users\Mouad\Desktop\video_player\playwright_brave.py", line 751, in run_brave_playwright
    clicked_popup_button = _click_sidebar_button(
        brave_window,
    ...<6 lines>...
        timeout_ms,
    )
  File "C:\Users\Mouad\Desktop\video_player\playwright_brave.py", line 641, in _click_sidebar_button
    raise RuntimeError(
    ...<2 lines>...
    )
RuntimeError: Could not find the requested button inside the Brave sidebar. Visible control dump written to: C:\Users\Mouad\Desktop\video_player\brave_popup_controls.txt

The above exception was the direct cause of the following exception:

Traceback (most recent call last):
  File "C:\Users\Mouad\Desktop\video_player\main.py", line 36087, in <module>
    result = run_brave_playwright(sys.argv[2])
  File "C:\Users\Mouad\Desktop\video_player\playwright_brave.py", line 763, in run_brave_playwright
    raise RuntimeError(
        f"{popup_exc} Sidebar fallback failed: {sidebar_exc}"
    ) from sidebar_exc
RuntimeError: Could not find the requested button inside the extension popup. Visible control dump written to: C:\Users\Mouad\Desktop\video_player\brave_popup_controls.txt Sidebar fallback failed: Could not find the requested button inside the Brave sidebar. Visible control dump written to: C:\Users\Mouad\Desktop\video_player\brave_popup_controls.txt

2026-06-11 19:41:46,297 - ERROR - Failed to start application: No module named 'playwright_brave'
Traceback (most recent call last):
  File "C:\Users\Mouad\Desktop\video_player\main.py", line 38123, in <module>
    from playwright_brave import run_brave_playwright
ModuleNotFoundError: No module named 'playwright_brave'

2026-06-11 19:41:46,320 - ERROR - Application crash:
Traceback (most recent call last):
  File "C:\Users\Mouad\Desktop\video_player\main.py", line 38123, in <module>
    from playwright_brave import run_brave_playwright
ModuleNotFoundError: No module named 'playwright_brave'

2026-06-11 19:42:13,096 - ERROR - Failed to start application: No module named 'playwright_brave'
Traceback (most recent call last):
  File "C:\Users\Mouad\Desktop\video_player\main.py", line 38123, in <module>
    from playwright_brave import run_brave_playwright
ModuleNotFoundError: No module named 'playwright_brave'

2026-06-11 19:42:13,121 - ERROR - Application crash:
Traceback (most recent call last):
  File "C:\Users\Mouad\Desktop\video_player\main.py", line 38123, in <module>
    from playwright_brave import run_brave_playwright
ModuleNotFoundError: No module named 'playwright_brave'

2026-06-11 19:42:38,551 - ERROR - Failed to start application: No module named 'playwright_brave'
Traceback (most recent call last):
  File "C:\Users\Mouad\Desktop\video_player\main.py", line 38123, in <module>
    from playwright_brave import run_brave_playwright
ModuleNotFoundError: No module named 'playwright_brave'

2026-06-11 19:42:38,567 - ERROR - Application crash:
Traceback (most recent call last):
  File "C:\Users\Mouad\Desktop\video_player\main.py", line 38123, in <module>
    from playwright_brave import run_brave_playwright
ModuleNotFoundError: No module named 'playwright_brave'

2026-06-11 19:43:28,934 - ERROR - Failed to start application: No module named 'playwright_brave'
Traceback (most recent call last):
  File "C:\Users\Mouad\Desktop\video_player\main.py", line 38123, in <module>
    from playwright_brave import run_brave_playwright
ModuleNotFoundError: No module named 'playwright_brave'

2026-06-11 19:43:28,953 - ERROR - Application crash:
Traceback (most recent call last):
  File "C:\Users\Mouad\Desktop\video_player\main.py", line 38123, in <module>
    from playwright_brave import run_brave_playwright
ModuleNotFoundError: No module named 'playwright_brave'

2026-06-11 19:43:38,917 - ERROR - Failed to start application: No module named 'playwright_brave'
Traceback (most recent call last):
  File "C:\Users\Mouad\Desktop\video_player\main.py", line 38123, in <module>
    from playwright_brave import run_brave_playwright
ModuleNotFoundError: No module named 'playwright_brave'

2026-06-11 19:43:38,927 - ERROR - Failed to start application: No module named 'playwright_brave'
Traceback (most recent call last):
  File "C:\Users\Mouad\Desktop\video_player\main.py", line 38123, in <module>
    from playwright_brave import run_brave_playwright
ModuleNotFoundError: No module named 'playwright_brave'

2026-06-11 19:43:38,937 - ERROR - Application crash:
Traceback (most recent call last):
  File "C:\Users\Mouad\Desktop\video_player\main.py", line 38123, in <module>
    from playwright_brave import run_brave_playwright
ModuleNotFoundError: No module named 'playwright_brave'

2026-06-11 19:43:38,944 - ERROR - Application crash:
Traceback (most recent call last):
  File "C:\Users\Mouad\Desktop\video_player\main.py", line 38123, in <module>
    from playwright_brave import run_brave_playwright
ModuleNotFoundError: No module named 'playwright_brave'

2026-06-11 19:50:19,830 - ERROR - Failed to start application: No module named 'playwright_brave'
Traceback (most recent call last):
  File "C:\Users\Mouad\Desktop\video_player\main.py", line 38146, in <module>
    from playwright_brave import run_brave_playwright
ModuleNotFoundError: No module named 'playwright_brave'

2026-06-11 19:50:19,851 - ERROR - Application crash:
Traceback (most recent call last):
  File "C:\Users\Mouad\Desktop\video_player\main.py", line 38146, in <module>
    from playwright_brave import run_brave_playwright
ModuleNotFoundError: No module named 'playwright_brave'

2026-06-11 22:32:58,917 - ERROR - Failed to start application: No module named 'playwright_brave'
Traceback (most recent call last):
  File "C:\Users\Mouad\Desktop\video_player\main.py", line 38156, in <module>
    from playwright_brave import run_brave_playwright
ModuleNotFoundError: No module named 'playwright_brave'

2026-06-11 22:32:58,950 - ERROR - Application crash:
Traceback (most recent call last):
  File "C:\Users\Mouad\Desktop\video_player\main.py", line 38156, in <module>
    from playwright_brave import run_brave_playwright
ModuleNotFoundError: No module named 'playwright_brave'

2026-06-11 22:33:10,121 - ERROR - Failed to start application: No module named 'playwright_brave'
Traceback (most recent call last):
  File "C:\Users\Mouad\Desktop\video_player\main.py", line 38156, in <module>
    from playwright_brave import run_brave_playwright
ModuleNotFoundError: No module named 'playwright_brave'

2026-06-11 22:33:10,142 - ERROR - Application crash:
Traceback (most recent call last):
  File "C:\Users\Mouad\Desktop\video_player\main.py", line 38156, in <module>
    from playwright_brave import run_brave_playwright
ModuleNotFoundError: No module named 'playwright_brave'

2026-06-12 02:30:21,015 - ERROR - Exception in callback SyncBase._sync.<locals>.<lambda>() at C:\Users\Mouad\AppData\Roaming\Python\Python314\site-packages\playwright\_impl\_sync_base.py:111
handle: <Handle SyncBase._sync.<locals>.<lambda>() at C:\Users\Mouad\AppData\Roaming\Python\Python314\site-packages\playwright\_impl\_sync_base.py:111>
Traceback (most recent call last):
  File "C:\Users\Mouad\AppData\Roaming\Python\Python314\site-packages\playwright\_impl\_connection.py", line 481, in dispatch
    g.switch(self._replace_guids_with_channels(params))
    ~~~~~~~~^^^^^^^^^^^^^^^^^^^^^^^^^^^^^^^^^^^^^^^^^^^
  File "C:\Users\Mouad\AppData\Roaming\Python\Python314\site-packages\playwright\_impl\_connection.py", line 472, in _listener_with_error_handler_attached
    potential_future = listener(params)
  File "C:\Users\Mouad\AppData\Roaming\Python\Python314\site-packages\playwright\_impl\_browser_context.py", line 167, in <lambda>
    lambda event: self._on_console_message(event),
                  ~~~~~~~~~~~~~~~~~~~~~~~~^^^^^^^
  File "C:\Users\Mouad\AppData\Roaming\Python\Python314\site-packages\playwright\_impl\_browser_context.py", line 672, in _on_console_message
    page.emit(Page.Events.Console, message)
    ~~~~~~~~~^^^^^^^^^^^^^^^^^^^^^^^^^^^^^^
  File "C:\Users\Mouad\AppData\Roaming\Python\Python314\site-packages\pyee\asyncio.py", line 70, in emit
    return super().emit(event, *args, **kwargs)
           ~~~~~~~~~~~~^^^^^^^^^^^^^^^^^^^^^^^^
  File "C:\Users\Mouad\AppData\Roaming\Python\Python314\site-packages\pyee\base.py", line 220, in emit
    handled = self._call_handlers(event, args, kwargs)
  File "C:\Users\Mouad\AppData\Roaming\Python\Python314\site-packages\pyee\base.py", line 196, in _call_handlers
    self._emit_run(f, args, kwargs)
    ~~~~~~~~~~~~~~^^^^^^^^^^^^^^^^^
  File "C:\Users\Mouad\AppData\Roaming\Python\Python314\site-packages\pyee\asyncio.py", line 81, in _emit_run
    self.emit("error", exc)
    ~~~~~~~~~^^^^^^^^^^^^^^
  File "C:\Users\Mouad\AppData\Roaming\Python\Python314\site-packages\pyee\asyncio.py", line 70, in emit
    return super().emit(event, *args, **kwargs)
           ~~~~~~~~~~~~^^^^^^^^^^^^^^^^^^^^^^^^
  File "C:\Users\Mouad\AppData\Roaming\Python\Python314\site-packages\pyee\base.py", line 223, in emit
    self._emit_handle_potential_error(event, args[0] if args else None)
    ~~~~~~~~~~~~~~~~~~~~~~~~~~~~~~~~~^^^^^^^^^^^^^^^^^^^^^^^^^^^^^^^^^^
  File "C:\Users\Mouad\AppData\Roaming\Python\Python314\site-packages\pyee\base.py", line 181, in _emit_handle_potential_error
    raise error
  File "C:\Users\Mouad\AppData\Roaming\Python\Python314\site-packages\pyee\asyncio.py", line 79, in _emit_run
    coro: Any = f(*args, **kwargs)
                ~^^^^^^^^^^^^^^^^^
  File "C:\Users\Mouad\AppData\Roaming\Python\Python314\site-packages\playwright\_impl\_impl_to_api_mapping.py", line 123, in wrapper_func
    return handler(
        *list(map(lambda a: self.from_maybe_impl(a), args))[:arg_count]
    )
  File "C:\Users\Mouad\Desktop\video_player\main.py", line 38046, in handle_console
    sys.stdout.flush()
    ~~~~~~~~~~~~~~~~^^
OSError: [Errno 22] Invalid argument

During handling of the above exception, another exception occurred:

Traceback (most recent call last):
  File "C:\Users\Mouad\Desktop\video_player\main.py", line 38070, in run_pw
    browser.close()
    ~~~~~~~~~~~~~^^
  File "C:\Users\Mouad\AppData\Roaming\Python\Python314\site-packages\playwright\sync_api\_generated.py", line 15992, in close
    return mapping.from_maybe_impl(self._sync(self._impl_obj.close(reason=reason)))
                                   ~~~~~~~~~~^^^^^^^^^^^^^^^^^^^^^^^^^^^^^^^^^^^^^
  File "C:\Users\Mouad\AppData\Roaming\Python\Python314\site-packages\playwright\_impl\_sync_base.py", line 113, in _sync
    self._dispatcher_fiber.switch()
    ~~~~~~~~~~~~~~~~~~~~~~~~~~~~~^^
  File "C:\Users\Mouad\AppData\Roaming\Python\Python314\site-packages\playwright\sync_api\_context_manager.py", line 56, in greenlet_main
    self._loop.run_until_complete(self._connection.run_as_sync())
    ~~~~~~~~~~~~~~~~~~~~~~~~~~~~~^^^^^^^^^^^^^^^^^^^^^^^^^^^^^^^^
  File "C:\Program Files\Python314\Lib\asyncio\base_events.py", line 719, in run_until_complete
    return future.result()
           ~~~~~~~~~~~~~^^
  File "C:\Users\Mouad\AppData\Roaming\Python\Python314\site-packages\playwright\_impl\_connection.py", line 303, in run_as_sync
    await self.run()
  File "C:\Users\Mouad\AppData\Roaming\Python\Python314\site-packages\playwright\_impl\_connection.py", line 314, in run
    await self._transport.run()
  File "C:\Users\Mouad\AppData\Roaming\Python\Python314\site-packages\playwright\_impl\_transport.py", line 162, in run
    self.on_message(obj)
    ~~~~~~~~~~~~~~~^^^^^
  File "C:\Users\Mouad\AppData\Roaming\Python\Python314\site-packages\playwright\_impl\_connection.py", line 273, in <lambda>
    self._transport.on_message = lambda msg: self.dispatch(msg)
                                             ~~~~~~~~~~~~~^^^^^
  File "C:\Users\Mouad\AppData\Roaming\Python\Python314\site-packages\playwright\_impl\_connection.py", line 492, in dispatch
    self._on_event_listener_error(exc)
    ~~~~~~~~~~~~~~~~~~~~~~~~~~~~~^^^^^
  File "C:\Users\Mouad\AppData\Roaming\Python\Python314\site-packages\playwright\_impl\_connection.py", line 495, in _on_event_listener_error
    print("Error occurred in event listener", file=sys.stderr)
    ~~~~~^^^^^^^^^^^^^^^^^^^^^^^^^^^^^^^^^^^^^^^^^^^^^^^^^^^^^
OSError: [Errno 22] Invalid argument

During handling of the above exception, another exception occurred:

Traceback (most recent call last):
  File "C:\Program Files\Python314\Lib\asyncio\events.py", line 94, in _run
    self._context.run(self._callback, *self._args)
    ~~~~~~~~~~~~~~~~~^^^^^^^^^^^^^^^^^^^^^^^^^^^^^
  File "C:\Users\Mouad\AppData\Roaming\Python\Python314\site-packages\playwright\_impl\_sync_base.py", line 111, in <lambda>
    task.add_done_callback(lambda _: g_self.switch())
                                     ~~~~~~~~~~~~~^^
  File "C:\Users\Mouad\AppData\Roaming\Python\Python314\site-packages\playwright\_impl\_helper.py", line 455, in _handler
    self.handler(route, route.request)  # type: ignore
    ~~~~~~~~~~~~^^^^^^^^^^^^^^^^^^^^^^
  File "C:\Users\Mouad\AppData\Roaming\Python\Python314\site-packages\playwright\_impl\_impl_to_api_mapping.py", line 123, in wrapper_func
    return handler(
        *list(map(lambda a: self.from_maybe_impl(a), args))[:arg_count]
    )
  File "C:\Users\Mouad\Desktop\video_player\main.py", line 38054, in handle_request
    route.continue_()
    ~~~~~~~~~~~~~~~^^
  File "C:\Users\Mouad\AppData\Roaming\Python\Python314\site-packages\playwright\sync_api\_generated.py", line 1021, in continue_
    self._sync(
    ~~~~~~~~~~^
        self._impl_obj.continue_(
        ^^^^^^^^^^^^^^^^^^^^^^^^^
    ...<4 lines>...
        )
        ^
    )
    ^
  File "C:\Users\Mouad\AppData\Roaming\Python\Python314\site-packages\playwright\_impl\_sync_base.py", line 115, in _sync
    return task.result()
           ~~~~~~~~~~~^^
  File "C:\Users\Mouad\AppData\Roaming\Python\Python314\site-packages\playwright\_impl\_network.py", line 518, in continue_
    return await self._handle_route(_inner)
           ^^^^^^^^^^^^^^^^^^^^^^^^^^^^^^^^
  File "C:\Users\Mouad\AppData\Roaming\Python\Python314\site-packages\playwright\_impl\_network.py", line 464, in _handle_route
    await callback()
  File "C:\Users\Mouad\AppData\Roaming\Python\Python314\site-packages\playwright\_impl\_network.py", line 516, in _inner
    await self._inner_continue(False)
  File "C:\Users\Mouad\AppData\Roaming\Python\Python314\site-packages\playwright\_impl\_network.py", line 522, in _inner_continue
    await self._race_with_page_close(
    ...<17 lines>...
    )
  File "C:\Users\Mouad\AppData\Roaming\Python\Python314\site-packages\playwright\_impl\_network.py", line 558, in _race_with_page_close
    await asyncio.wait(
    ...<2 lines>...
    )
  File "C:\Program Files\Python314\Lib\asyncio\tasks.py", line 432, in wait
    return await _wait(fs, timeout, return_when, loop)
           ^^^^^^^^^^^^^^^^^^^^^^^^^^^^^^^^^^^^^^^^^^^
  File "C:\Program Files\Python314\Lib\asyncio\tasks.py", line 521, in _wait
    await waiter
asyncio.exceptions.CancelledError
2026-06-12 02:30:21,040 - ERROR - Exception in callback SyncBase._sync.<locals>.<lambda>() at C:\Users\Mouad\AppData\Roaming\Python\Python314\site-packages\playwright\_impl\_sync_base.py:111
handle: <Handle SyncBase._sync.<locals>.<lambda>() at C:\Users\Mouad\AppData\Roaming\Python\Python314\site-packages\playwright\_impl\_sync_base.py:111>
Traceback (most recent call last):
  File "C:\Users\Mouad\AppData\Roaming\Python\Python314\site-packages\playwright\_impl\_connection.py", line 481, in dispatch
    g.switch(self._replace_guids_with_channels(params))
    ~~~~~~~~^^^^^^^^^^^^^^^^^^^^^^^^^^^^^^^^^^^^^^^^^^^
  File "C:\Users\Mouad\AppData\Roaming\Python\Python314\site-packages\playwright\_impl\_connection.py", line 472, in _listener_with_error_handler_attached
    potential_future = listener(params)
  File "C:\Users\Mouad\AppData\Roaming\Python\Python314\site-packages\playwright\_impl\_browser_context.py", line 167, in <lambda>
    lambda event: self._on_console_message(event),
                  ~~~~~~~~~~~~~~~~~~~~~~~~^^^^^^^
  File "C:\Users\Mouad\AppData\Roaming\Python\Python314\site-packages\playwright\_impl\_browser_context.py", line 672, in _on_console_message
    page.emit(Page.Events.Console, message)
    ~~~~~~~~~^^^^^^^^^^^^^^^^^^^^^^^^^^^^^^
  File "C:\Users\Mouad\AppData\Roaming\Python\Python314\site-packages\pyee\asyncio.py", line 70, in emit
    return super().emit(event, *args, **kwargs)
           ~~~~~~~~~~~~^^^^^^^^^^^^^^^^^^^^^^^^
  File "C:\Users\Mouad\AppData\Roaming\Python\Python314\site-packages\pyee\base.py", line 220, in emit
    handled = self._call_handlers(event, args, kwargs)
  File "C:\Users\Mouad\AppData\Roaming\Python\Python314\site-packages\pyee\base.py", line 196, in _call_handlers
    self._emit_run(f, args, kwargs)
    ~~~~~~~~~~~~~~^^^^^^^^^^^^^^^^^
  File "C:\Users\Mouad\AppData\Roaming\Python\Python314\site-packages\pyee\asyncio.py", line 81, in _emit_run
    self.emit("error", exc)
    ~~~~~~~~~^^^^^^^^^^^^^^
  File "C:\Users\Mouad\AppData\Roaming\Python\Python314\site-packages\pyee\asyncio.py", line 70, in emit
    return super().emit(event, *args, **kwargs)
           ~~~~~~~~~~~~^^^^^^^^^^^^^^^^^^^^^^^^
  File "C:\Users\Mouad\AppData\Roaming\Python\Python314\site-packages\pyee\base.py", line 223, in emit
    self._emit_handle_potential_error(event, args[0] if args else None)
    ~~~~~~~~~~~~~~~~~~~~~~~~~~~~~~~~~^^^^^^^^^^^^^^^^^^^^^^^^^^^^^^^^^^
  File "C:\Users\Mouad\AppData\Roaming\Python\Python314\site-packages\pyee\base.py", line 181, in _emit_handle_potential_error
    raise error
  File "C:\Users\Mouad\AppData\Roaming\Python\Python314\site-packages\pyee\asyncio.py", line 79, in _emit_run
    coro: Any = f(*args, **kwargs)
                ~^^^^^^^^^^^^^^^^^
  File "C:\Users\Mouad\AppData\Roaming\Python\Python314\site-packages\playwright\_impl\_impl_to_api_mapping.py", line 123, in wrapper_func
    return handler(
        *list(map(lambda a: self.from_maybe_impl(a), args))[:arg_count]
    )
  File "C:\Users\Mouad\Desktop\video_player\main.py", line 38046, in handle_console
    sys.stdout.flush()
    ~~~~~~~~~~~~~~~~^^
OSError: [Errno 22] Invalid argument

During handling of the above exception, another exception occurred:

Traceback (most recent call last):
  File "C:\Users\Mouad\Desktop\video_player\main.py", line 38070, in run_pw
    browser.close()
    ~~~~~~~~~~~~~^^
  File "C:\Users\Mouad\AppData\Roaming\Python\Python314\site-packages\playwright\sync_api\_generated.py", line 15992, in close
    return mapping.from_maybe_impl(self._sync(self._impl_obj.close(reason=reason)))
                                   ~~~~~~~~~~^^^^^^^^^^^^^^^^^^^^^^^^^^^^^^^^^^^^^
  File "C:\Users\Mouad\AppData\Roaming\Python\Python314\site-packages\playwright\_impl\_sync_base.py", line 113, in _sync
    self._dispatcher_fiber.switch()
    ~~~~~~~~~~~~~~~~~~~~~~~~~~~~~^^
  File "C:\Users\Mouad\AppData\Roaming\Python\Python314\site-packages\playwright\sync_api\_context_manager.py", line 56, in greenlet_main
    self._loop.run_until_complete(self._connection.run_as_sync())
    ~~~~~~~~~~~~~~~~~~~~~~~~~~~~~^^^^^^^^^^^^^^^^^^^^^^^^^^^^^^^^
  File "C:\Program Files\Python314\Lib\asyncio\base_events.py", line 719, in run_until_complete
    return future.result()
           ~~~~~~~~~~~~~^^
  File "C:\Users\Mouad\AppData\Roaming\Python\Python314\site-packages\playwright\_impl\_connection.py", line 303, in run_as_sync
    await self.run()
  File "C:\Users\Mouad\AppData\Roaming\Python\Python314\site-packages\playwright\_impl\_connection.py", line 314, in run
    await self._transport.run()
  File "C:\Users\Mouad\AppData\Roaming\Python\Python314\site-packages\playwright\_impl\_transport.py", line 162, in run
    self.on_message(obj)
    ~~~~~~~~~~~~~~~^^^^^
  File "C:\Users\Mouad\AppData\Roaming\Python\Python314\site-packages\playwright\_impl\_connection.py", line 273, in <lambda>
    self._transport.on_message = lambda msg: self.dispatch(msg)
                                             ~~~~~~~~~~~~~^^^^^
  File "C:\Users\Mouad\AppData\Roaming\Python\Python314\site-packages\playwright\_impl\_connection.py", line 492, in dispatch
    self._on_event_listener_error(exc)
    ~~~~~~~~~~~~~~~~~~~~~~~~~~~~~^^^^^
  File "C:\Users\Mouad\AppData\Roaming\Python\Python314\site-packages\playwright\_impl\_connection.py", line 495, in _on_event_listener_error
    print("Error occurred in event listener", file=sys.stderr)
    ~~~~~^^^^^^^^^^^^^^^^^^^^^^^^^^^^^^^^^^^^^^^^^^^^^^^^^^^^^
OSError: [Errno 22] Invalid argument

During handling of the above exception, another exception occurred:

Traceback (most recent call last):
  File "C:\Program Files\Python314\Lib\asyncio\events.py", line 94, in _run
    self._context.run(self._callback, *self._args)
    ~~~~~~~~~~~~~~~~~^^^^^^^^^^^^^^^^^^^^^^^^^^^^^
  File "C:\Users\Mouad\AppData\Roaming\Python\Python314\site-packages\playwright\_impl\_sync_base.py", line 111, in <lambda>
    task.add_done_callback(lambda _: g_self.switch())
                                     ~~~~~~~~~~~~~^^
  File "C:\Users\Mouad\AppData\Roaming\Python\Python314\site-packages\playwright\_impl\_helper.py", line 455, in _handler
    self.handler(route, route.request)  # type: ignore
    ~~~~~~~~~~~~^^^^^^^^^^^^^^^^^^^^^^
  File "C:\Users\Mouad\AppData\Roaming\Python\Python314\site-packages\playwright\_impl\_impl_to_api_mapping.py", line 123, in wrapper_func
    return handler(
        *list(map(lambda a: self.from_maybe_impl(a), args))[:arg_count]
    )
  File "C:\Users\Mouad\Desktop\video_player\main.py", line 38054, in handle_request
    route.continue_()
    ~~~~~~~~~~~~~~~^^
  File "C:\Users\Mouad\AppData\Roaming\Python\Python314\site-packages\playwright\sync_api\_generated.py", line 1021, in continue_
    self._sync(
    ~~~~~~~~~~^
        self._impl_obj.continue_(
        ^^^^^^^^^^^^^^^^^^^^^^^^^
    ...<4 lines>...
        )
        ^
    )
    ^
  File "C:\Users\Mouad\AppData\Roaming\Python\Python314\site-packages\playwright\_impl\_sync_base.py", line 115, in _sync
    return task.result()
           ~~~~~~~~~~~^^
  File "C:\Users\Mouad\AppData\Roaming\Python\Python314\site-packages\playwright\_impl\_network.py", line 518, in continue_
    return await self._handle_route(_inner)
           ^^^^^^^^^^^^^^^^^^^^^^^^^^^^^^^^
  File "C:\Users\Mouad\AppData\Roaming\Python\Python314\site-packages\playwright\_impl\_network.py", line 464, in _handle_route
    await callback()
  File "C:\Users\Mouad\AppData\Roaming\Python\Python314\site-packages\playwright\_impl\_network.py", line 516, in _inner
    await self._inner_continue(False)
  File "C:\Users\Mouad\AppData\Roaming\Python\Python314\site-packages\playwright\_impl\_network.py", line 522, in _inner_continue
    await self._race_with_page_close(
    ...<17 lines>...
    )
  File "C:\Users\Mouad\AppData\Roaming\Python\Python314\site-packages\playwright\_impl\_network.py", line 558, in _race_with_page_close
    await asyncio.wait(
    ...<2 lines>...
    )
  File "C:\Program Files\Python314\Lib\asyncio\tasks.py", line 432, in wait
    return await _wait(fs, timeout, return_when, loop)
           ^^^^^^^^^^^^^^^^^^^^^^^^^^^^^^^^^^^^^^^^^^^
  File "C:\Program Files\Python314\Lib\asyncio\tasks.py", line 521, in _wait
    await waiter
asyncio.exceptions.CancelledError
2026-06-12 02:30:21,054 - ERROR - Exception in callback Connection.dispatch.<locals>._done_callback() at C:\Users\Mouad\AppData\Roaming\Python\Python314\site-packages\playwright\_impl\_connection.py:466
handle: <Handle Connection.dispatch.<locals>._done_callback() at C:\Users\Mouad\AppData\Roaming\Python\Python314\site-packages\playwright\_impl\_connection.py:466>
Traceback (most recent call last):
  File "C:\Users\Mouad\AppData\Roaming\Python\Python314\site-packages\playwright\_impl\_connection.py", line 481, in dispatch
    g.switch(self._replace_guids_with_channels(params))
    ~~~~~~~~^^^^^^^^^^^^^^^^^^^^^^^^^^^^^^^^^^^^^^^^^^^
  File "C:\Users\Mouad\AppData\Roaming\Python\Python314\site-packages\playwright\_impl\_connection.py", line 472, in _listener_with_error_handler_attached
    potential_future = listener(params)
  File "C:\Users\Mouad\AppData\Roaming\Python\Python314\site-packages\playwright\_impl\_browser_context.py", line 167, in <lambda>
    lambda event: self._on_console_message(event),
                  ~~~~~~~~~~~~~~~~~~~~~~~~^^^^^^^
  File "C:\Users\Mouad\AppData\Roaming\Python\Python314\site-packages\playwright\_impl\_browser_context.py", line 672, in _on_console_message
    page.emit(Page.Events.Console, message)
    ~~~~~~~~~^^^^^^^^^^^^^^^^^^^^^^^^^^^^^^
  File "C:\Users\Mouad\AppData\Roaming\Python\Python314\site-packages\pyee\asyncio.py", line 70, in emit
    return super().emit(event, *args, **kwargs)
           ~~~~~~~~~~~~^^^^^^^^^^^^^^^^^^^^^^^^
  File "C:\Users\Mouad\AppData\Roaming\Python\Python314\site-packages\pyee\base.py", line 220, in emit
    handled = self._call_handlers(event, args, kwargs)
  File "C:\Users\Mouad\AppData\Roaming\Python\Python314\site-packages\pyee\base.py", line 196, in _call_handlers
    self._emit_run(f, args, kwargs)
    ~~~~~~~~~~~~~~^^^^^^^^^^^^^^^^^
  File "C:\Users\Mouad\AppData\Roaming\Python\Python314\site-packages\pyee\asyncio.py", line 81, in _emit_run
    self.emit("error", exc)
    ~~~~~~~~~^^^^^^^^^^^^^^
  File "C:\Users\Mouad\AppData\Roaming\Python\Python314\site-packages\pyee\asyncio.py", line 70, in emit
    return super().emit(event, *args, **kwargs)
           ~~~~~~~~~~~~^^^^^^^^^^^^^^^^^^^^^^^^
  File "C:\Users\Mouad\AppData\Roaming\Python\Python314\site-packages\pyee\base.py", line 223, in emit
    self._emit_handle_potential_error(event, args[0] if args else None)
    ~~~~~~~~~~~~~~~~~~~~~~~~~~~~~~~~~^^^^^^^^^^^^^^^^^^^^^^^^^^^^^^^^^^
  File "C:\Users\Mouad\AppData\Roaming\Python\Python314\site-packages\pyee\base.py", line 181, in _emit_handle_potential_error
    raise error
  File "C:\Users\Mouad\AppData\Roaming\Python\Python314\site-packages\pyee\asyncio.py", line 79, in _emit_run
    coro: Any = f(*args, **kwargs)
                ~^^^^^^^^^^^^^^^^^
  File "C:\Users\Mouad\AppData\Roaming\Python\Python314\site-packages\playwright\_impl\_impl_to_api_mapping.py", line 123, in wrapper_func
    return handler(
        *list(map(lambda a: self.from_maybe_impl(a), args))[:arg_count]
    )
  File "C:\Users\Mouad\Desktop\video_player\main.py", line 38046, in handle_console
    sys.stdout.flush()
    ~~~~~~~~~~~~~~~~^^
OSError: [Errno 22] Invalid argument

During handling of the above exception, another exception occurred:

Traceback (most recent call last):
  File "C:\Users\Mouad\Desktop\video_player\main.py", line 38070, in run_pw
    browser.close()
    ~~~~~~~~~~~~~^^
  File "C:\Users\Mouad\AppData\Roaming\Python\Python314\site-packages\playwright\sync_api\_generated.py", line 15992, in close
    return mapping.from_maybe_impl(self._sync(self._impl_obj.close(reason=reason)))
                                   ~~~~~~~~~~^^^^^^^^^^^^^^^^^^^^^^^^^^^^^^^^^^^^^
  File "C:\Users\Mouad\AppData\Roaming\Python\Python314\site-packages\playwright\_impl\_sync_base.py", line 113, in _sync
    self._dispatcher_fiber.switch()
    ~~~~~~~~~~~~~~~~~~~~~~~~~~~~~^^
  File "C:\Users\Mouad\AppData\Roaming\Python\Python314\site-packages\playwright\sync_api\_context_manager.py", line 56, in greenlet_main
    self._loop.run_until_complete(self._connection.run_as_sync())
    ~~~~~~~~~~~~~~~~~~~~~~~~~~~~~^^^^^^^^^^^^^^^^^^^^^^^^^^^^^^^^
  File "C:\Program Files\Python314\Lib\asyncio\base_events.py", line 719, in run_until_complete
    return future.result()
           ~~~~~~~~~~~~~^^
  File "C:\Users\Mouad\AppData\Roaming\Python\Python314\site-packages\playwright\_impl\_connection.py", line 303, in run_as_sync
    await self.run()
  File "C:\Users\Mouad\AppData\Roaming\Python\Python314\site-packages\playwright\_impl\_connection.py", line 314, in run
    await self._transport.run()
  File "C:\Users\Mouad\AppData\Roaming\Python\Python314\site-packages\playwright\_impl\_transport.py", line 162, in run
    self.on_message(obj)
    ~~~~~~~~~~~~~~~^^^^^
  File "C:\Users\Mouad\AppData\Roaming\Python\Python314\site-packages\playwright\_impl\_connection.py", line 273, in <lambda>
    self._transport.on_message = lambda msg: self.dispatch(msg)
                                             ~~~~~~~~~~~~~^^^^^
  File "C:\Users\Mouad\AppData\Roaming\Python\Python314\site-packages\playwright\_impl\_connection.py", line 492, in dispatch
    self._on_event_listener_error(exc)
    ~~~~~~~~~~~~~~~~~~~~~~~~~~~~~^^^^^
  File "C:\Users\Mouad\AppData\Roaming\Python\Python314\site-packages\playwright\_impl\_connection.py", line 495, in _on_event_listener_error
    print("Error occurred in event listener", file=sys.stderr)
    ~~~~~^^^^^^^^^^^^^^^^^^^^^^^^^^^^^^^^^^^^^^^^^^^^^^^^^^^^^
OSError: [Errno 22] Invalid argument

During handling of the above exception, another exception occurred:

Traceback (most recent call last):
  File "C:\Program Files\Python314\Lib\asyncio\events.py", line 94, in _run
    self._context.run(self._callback, *self._args)
    ~~~~~~~~~~~~~~~~~^^^^^^^^^^^^^^^^^^^^^^^^^^^^^
  File "C:\Users\Mouad\AppData\Roaming\Python\Python314\site-packages\playwright\_impl\_connection.py", line 467, in _done_callback
    exc = future.exception()
  File "C:\Users\Mouad\AppData\Roaming\Python\Python314\site-packages\playwright\_impl\_page.py", line 305, in _on_route
    handled = await route_handler.handle(route)
              ^^^^^^^^^^^^^^^^^^^^^^^^^^^^^^^^^
  File "C:\Users\Mouad\AppData\Roaming\Python\Python314\site-packages\playwright\_impl\_helper.py", line 428, in handle
    return await self._handle_internal(route)
           ^^^^^^^^^^^^^^^^^^^^^^^^^^^^^^^^^^
  File "C:\Users\Mouad\AppData\Roaming\Python\Python314\site-packages\playwright\_impl\_helper.py", line 464, in _handle_internal
    await handler_finished_future
asyncio.exceptions.CancelledError
2026-06-12 02:30:21,061 - ERROR - Exception in callback Connection.dispatch.<locals>._done_callback() at C:\Users\Mouad\AppData\Roaming\Python\Python314\site-packages\playwright\_impl\_connection.py:466
handle: <Handle Connection.dispatch.<locals>._done_callback() at C:\Users\Mouad\AppData\Roaming\Python\Python314\site-packages\playwright\_impl\_connection.py:466>
Traceback (most recent call last):
  File "C:\Users\Mouad\AppData\Roaming\Python\Python314\site-packages\playwright\_impl\_connection.py", line 481, in dispatch
    g.switch(self._replace_guids_with_channels(params))
    ~~~~~~~~^^^^^^^^^^^^^^^^^^^^^^^^^^^^^^^^^^^^^^^^^^^
  File "C:\Users\Mouad\AppData\Roaming\Python\Python314\site-packages\playwright\_impl\_connection.py", line 472, in _listener_with_error_handler_attached
    potential_future = listener(params)
  File "C:\Users\Mouad\AppData\Roaming\Python\Python314\site-packages\playwright\_impl\_browser_context.py", line 167, in <lambda>
    lambda event: self._on_console_message(event),
                  ~~~~~~~~~~~~~~~~~~~~~~~~^^^^^^^
  File "C:\Users\Mouad\AppData\Roaming\Python\Python314\site-packages\playwright\_impl\_browser_context.py", line 672, in _on_console_message
    page.emit(Page.Events.Console, message)
    ~~~~~~~~~^^^^^^^^^^^^^^^^^^^^^^^^^^^^^^
  File "C:\Users\Mouad\AppData\Roaming\Python\Python314\site-packages\pyee\asyncio.py", line 70, in emit
    return super().emit(event, *args, **kwargs)
           ~~~~~~~~~~~~^^^^^^^^^^^^^^^^^^^^^^^^
  File "C:\Users\Mouad\AppData\Roaming\Python\Python314\site-packages\pyee\base.py", line 220, in emit
    handled = self._call_handlers(event, args, kwargs)
  File "C:\Users\Mouad\AppData\Roaming\Python\Python314\site-packages\pyee\base.py", line 196, in _call_handlers
    self._emit_run(f, args, kwargs)
    ~~~~~~~~~~~~~~^^^^^^^^^^^^^^^^^
  File "C:\Users\Mouad\AppData\Roaming\Python\Python314\site-packages\pyee\asyncio.py", line 81, in _emit_run
    self.emit("error", exc)
    ~~~~~~~~~^^^^^^^^^^^^^^
  File "C:\Users\Mouad\AppData\Roaming\Python\Python314\site-packages\pyee\asyncio.py", line 70, in emit
    return super().emit(event, *args, **kwargs)
           ~~~~~~~~~~~~^^^^^^^^^^^^^^^^^^^^^^^^
  File "C:\Users\Mouad\AppData\Roaming\Python\Python314\site-packages\pyee\base.py", line 223, in emit
    self._emit_handle_potential_error(event, args[0] if args else None)
    ~~~~~~~~~~~~~~~~~~~~~~~~~~~~~~~~~^^^^^^^^^^^^^^^^^^^^^^^^^^^^^^^^^^
  File "C:\Users\Mouad\AppData\Roaming\Python\Python314\site-packages\pyee\base.py", line 181, in _emit_handle_potential_error
    raise error
  File "C:\Users\Mouad\AppData\Roaming\Python\Python314\site-packages\pyee\asyncio.py", line 79, in _emit_run
    coro: Any = f(*args, **kwargs)
                ~^^^^^^^^^^^^^^^^^
  File "C:\Users\Mouad\AppData\Roaming\Python\Python314\site-packages\playwright\_impl\_impl_to_api_mapping.py", line 123, in wrapper_func
    return handler(
        *list(map(lambda a: self.from_maybe_impl(a), args))[:arg_count]
    )
  File "C:\Users\Mouad\Desktop\video_player\main.py", line 38046, in handle_console
    sys.stdout.flush()
    ~~~~~~~~~~~~~~~~^^
OSError: [Errno 22] Invalid argument

During handling of the above exception, another exception occurred:

Traceback (most recent call last):
  File "C:\Users\Mouad\Desktop\video_player\main.py", line 38070, in run_pw
    browser.close()
    ~~~~~~~~~~~~~^^
  File "C:\Users\Mouad\AppData\Roaming\Python\Python314\site-packages\playwright\sync_api\_generated.py", line 15992, in close
    return mapping.from_maybe_impl(self._sync(self._impl_obj.close(reason=reason)))
                                   ~~~~~~~~~~^^^^^^^^^^^^^^^^^^^^^^^^^^^^^^^^^^^^^
  File "C:\Users\Mouad\AppData\Roaming\Python\Python314\site-packages\playwright\_impl\_sync_base.py", line 113, in _sync
    self._dispatcher_fiber.switch()
    ~~~~~~~~~~~~~~~~~~~~~~~~~~~~~^^
  File "C:\Users\Mouad\AppData\Roaming\Python\Python314\site-packages\playwright\sync_api\_context_manager.py", line 56, in greenlet_main
    self._loop.run_until_complete(self._connection.run_as_sync())
    ~~~~~~~~~~~~~~~~~~~~~~~~~~~~~^^^^^^^^^^^^^^^^^^^^^^^^^^^^^^^^
  File "C:\Program Files\Python314\Lib\asyncio\base_events.py", line 719, in run_until_complete
    return future.result()
           ~~~~~~~~~~~~~^^
  File "C:\Users\Mouad\AppData\Roaming\Python\Python314\site-packages\playwright\_impl\_connection.py", line 303, in run_as_sync
    await self.run()
  File "C:\Users\Mouad\AppData\Roaming\Python\Python314\site-packages\playwright\_impl\_connection.py", line 314, in run
    await self._transport.run()
  File "C:\Users\Mouad\AppData\Roaming\Python\Python314\site-packages\playwright\_impl\_transport.py", line 162, in run
    self.on_message(obj)
    ~~~~~~~~~~~~~~~^^^^^
  File "C:\Users\Mouad\AppData\Roaming\Python\Python314\site-packages\playwright\_impl\_connection.py", line 273, in <lambda>
    self._transport.on_message = lambda msg: self.dispatch(msg)
                                             ~~~~~~~~~~~~~^^^^^
  File "C:\Users\Mouad\AppData\Roaming\Python\Python314\site-packages\playwright\_impl\_connection.py", line 492, in dispatch
    self._on_event_listener_error(exc)
    ~~~~~~~~~~~~~~~~~~~~~~~~~~~~~^^^^^
  File "C:\Users\Mouad\AppData\Roaming\Python\Python314\site-packages\playwright\_impl\_connection.py", line 495, in _on_event_listener_error
    print("Error occurred in event listener", file=sys.stderr)
    ~~~~~^^^^^^^^^^^^^^^^^^^^^^^^^^^^^^^^^^^^^^^^^^^^^^^^^^^^^
OSError: [Errno 22] Invalid argument

During handling of the above exception, another exception occurred:

Traceback (most recent call last):
  File "C:\Program Files\Python314\Lib\asyncio\events.py", line 94, in _run
    self._context.run(self._callback, *self._args)
    ~~~~~~~~~~~~~~~~~^^^^^^^^^^^^^^^^^^^^^^^^^^^^^
  File "C:\Users\Mouad\AppData\Roaming\Python\Python314\site-packages\playwright\_impl\_connection.py", line 467, in _done_callback
    exc = future.exception()
  File "C:\Users\Mouad\AppData\Roaming\Python\Python314\site-packages\playwright\_impl\_page.py", line 305, in _on_route
    handled = await route_handler.handle(route)
              ^^^^^^^^^^^^^^^^^^^^^^^^^^^^^^^^^
  File "C:\Users\Mouad\AppData\Roaming\Python\Python314\site-packages\playwright\_impl\_helper.py", line 428, in handle
    return await self._handle_internal(route)
           ^^^^^^^^^^^^^^^^^^^^^^^^^^^^^^^^^^
  File "C:\Users\Mouad\AppData\Roaming\Python\Python314\site-packages\playwright\_impl\_helper.py", line 464, in _handle_internal
    await handler_finished_future
asyncio.exceptions.CancelledError
2026-06-12 02:30:21,069 - ERROR - Exception in callback Connection.dispatch.<locals>._done_callback() at C:\Users\Mouad\AppData\Roaming\Python\Python314\site-packages\playwright\_impl\_connection.py:466
handle: <Handle Connection.dispatch.<locals>._done_callback() at C:\Users\Mouad\AppData\Roaming\Python\Python314\site-packages\playwright\_impl\_connection.py:466>
Traceback (most recent call last):
  File "C:\Users\Mouad\AppData\Roaming\Python\Python314\site-packages\playwright\_impl\_connection.py", line 481, in dispatch
    g.switch(self._replace_guids_with_channels(params))
    ~~~~~~~~^^^^^^^^^^^^^^^^^^^^^^^^^^^^^^^^^^^^^^^^^^^
  File "C:\Users\Mouad\AppData\Roaming\Python\Python314\site-packages\playwright\_impl\_connection.py", line 472, in _listener_with_error_handler_attached
    potential_future = listener(params)
  File "C:\Users\Mouad\AppData\Roaming\Python\Python314\site-packages\playwright\_impl\_browser_context.py", line 167, in <lambda>
    lambda event: self._on_console_message(event),
                  ~~~~~~~~~~~~~~~~~~~~~~~~^^^^^^^
  File "C:\Users\Mouad\AppData\Roaming\Python\Python314\site-packages\playwright\_impl\_browser_context.py", line 672, in _on_console_message
    page.emit(Page.Events.Console, message)
    ~~~~~~~~~^^^^^^^^^^^^^^^^^^^^^^^^^^^^^^
  File "C:\Users\Mouad\AppData\Roaming\Python\Python314\site-packages\pyee\asyncio.py", line 70, in emit
    return super().emit(event, *args, **kwargs)
           ~~~~~~~~~~~~^^^^^^^^^^^^^^^^^^^^^^^^
  File "C:\Users\Mouad\AppData\Roaming\Python\Python314\site-packages\pyee\base.py", line 220, in emit
    handled = self._call_handlers(event, args, kwargs)
  File "C:\Users\Mouad\AppData\Roaming\Python\Python314\site-packages\pyee\base.py", line 196, in _call_handlers
    self._emit_run(f, args, kwargs)
    ~~~~~~~~~~~~~~^^^^^^^^^^^^^^^^^
  File "C:\Users\Mouad\AppData\Roaming\Python\Python314\site-packages\pyee\asyncio.py", line 81, in _emit_run
    self.emit("error", exc)
    ~~~~~~~~~^^^^^^^^^^^^^^
  File "C:\Users\Mouad\AppData\Roaming\Python\Python314\site-packages\pyee\asyncio.py", line 70, in emit
    return super().emit(event, *args, **kwargs)
           ~~~~~~~~~~~~^^^^^^^^^^^^^^^^^^^^^^^^
  File "C:\Users\Mouad\AppData\Roaming\Python\Python314\site-packages\pyee\base.py", line 223, in emit
    self._emit_handle_potential_error(event, args[0] if args else None)
    ~~~~~~~~~~~~~~~~~~~~~~~~~~~~~~~~~^^^^^^^^^^^^^^^^^^^^^^^^^^^^^^^^^^
  File "C:\Users\Mouad\AppData\Roaming\Python\Python314\site-packages\pyee\base.py", line 181, in _emit_handle_potential_error
    raise error
  File "C:\Users\Mouad\AppData\Roaming\Python\Python314\site-packages\pyee\asyncio.py", line 79, in _emit_run
    coro: Any = f(*args, **kwargs)
                ~^^^^^^^^^^^^^^^^^
  File "C:\Users\Mouad\AppData\Roaming\Python\Python314\site-packages\playwright\_impl\_impl_to_api_mapping.py", line 123, in wrapper_func
    return handler(
        *list(map(lambda a: self.from_maybe_impl(a), args))[:arg_count]
    )
  File "C:\Users\Mouad\Desktop\video_player\main.py", line 38046, in handle_console
    sys.stdout.flush()
    ~~~~~~~~~~~~~~~~^^
OSError: [Errno 22] Invalid argument

During handling of the above exception, another exception occurred:

Traceback (most recent call last):
  File "C:\Users\Mouad\Desktop\video_player\main.py", line 38070, in run_pw
    browser.close()
    ~~~~~~~~~~~~~^^
  File "C:\Users\Mouad\AppData\Roaming\Python\Python314\site-packages\playwright\sync_api\_generated.py", line 15992, in close
    return mapping.from_maybe_impl(self._sync(self._impl_obj.close(reason=reason)))
                                   ~~~~~~~~~~^^^^^^^^^^^^^^^^^^^^^^^^^^^^^^^^^^^^^
  File "C:\Users\Mouad\AppData\Roaming\Python\Python314\site-packages\playwright\_impl\_sync_base.py", line 113, in _sync
    self._dispatcher_fiber.switch()
    ~~~~~~~~~~~~~~~~~~~~~~~~~~~~~^^
  File "C:\Users\Mouad\AppData\Roaming\Python\Python314\site-packages\playwright\sync_api\_context_manager.py", line 56, in greenlet_main
    self._loop.run_until_complete(self._connection.run_as_sync())
    ~~~~~~~~~~~~~~~~~~~~~~~~~~~~~^^^^^^^^^^^^^^^^^^^^^^^^^^^^^^^^
  File "C:\Program Files\Python314\Lib\asyncio\base_events.py", line 719, in run_until_complete
    return future.result()
           ~~~~~~~~~~~~~^^
  File "C:\Users\Mouad\AppData\Roaming\Python\Python314\site-packages\playwright\_impl\_connection.py", line 303, in run_as_sync
    await self.run()
  File "C:\Users\Mouad\AppData\Roaming\Python\Python314\site-packages\playwright\_impl\_connection.py", line 314, in run
    await self._transport.run()
  File "C:\Users\Mouad\AppData\Roaming\Python\Python314\site-packages\playwright\_impl\_transport.py", line 162, in run
    self.on_message(obj)
    ~~~~~~~~~~~~~~~^^^^^
  File "C:\Users\Mouad\AppData\Roaming\Python\Python314\site-packages\playwright\_impl\_connection.py", line 273, in <lambda>
    self._transport.on_message = lambda msg: self.dispatch(msg)
                                             ~~~~~~~~~~~~~^^^^^
  File "C:\Users\Mouad\AppData\Roaming\Python\Python314\site-packages\playwright\_impl\_connection.py", line 492, in dispatch
    self._on_event_listener_error(exc)
    ~~~~~~~~~~~~~~~~~~~~~~~~~~~~~^^^^^
  File "C:\Users\Mouad\AppData\Roaming\Python\Python314\site-packages\playwright\_impl\_connection.py", line 495, in _on_event_listener_error
    print("Error occurred in event listener", file=sys.stderr)
    ~~~~~^^^^^^^^^^^^^^^^^^^^^^^^^^^^^^^^^^^^^^^^^^^^^^^^^^^^^
OSError: [Errno 22] Invalid argument

During handling of the above exception, another exception occurred:

Traceback (most recent call last):
  File "C:\Program Files\Python314\Lib\asyncio\events.py", line 94, in _run
    self._context.run(self._callback, *self._args)
    ~~~~~~~~~~~~~~~~~^^^^^^^^^^^^^^^^^^^^^^^^^^^^^
  File "C:\Users\Mouad\AppData\Roaming\Python\Python314\site-packages\playwright\_impl\_connection.py", line 467, in _done_callback
    exc = future.exception()
  File "C:\Users\Mouad\AppData\Roaming\Python\Python314\site-packages\playwright\_impl\_page.py", line 305, in _on_route
    handled = await route_handler.handle(route)
              ^^^^^^^^^^^^^^^^^^^^^^^^^^^^^^^^^
  File "C:\Users\Mouad\AppData\Roaming\Python\Python314\site-packages\playwright\_impl\_helper.py", line 428, in handle
    return await self._handle_internal(route)
           ^^^^^^^^^^^^^^^^^^^^^^^^^^^^^^^^^^
  File "C:\Users\Mouad\AppData\Roaming\Python\Python314\site-packages\playwright\_impl\_helper.py", line 464, in _handle_internal
    await handler_finished_future
asyncio.exceptions.CancelledError
2026-06-12 02:30:21,077 - ERROR - Exception in callback Connection.dispatch.<locals>._done_callback() at C:\Users\Mouad\AppData\Roaming\Python\Python314\site-packages\playwright\_impl\_connection.py:466
handle: <Handle Connection.dispatch.<locals>._done_callback() at C:\Users\Mouad\AppData\Roaming\Python\Python314\site-packages\playwright\_impl\_connection.py:466>
Traceback (most recent call last):
  File "C:\Users\Mouad\AppData\Roaming\Python\Python314\site-packages\playwright\_impl\_connection.py", line 481, in dispatch
    g.switch(self._replace_guids_with_channels(params))
    ~~~~~~~~^^^^^^^^^^^^^^^^^^^^^^^^^^^^^^^^^^^^^^^^^^^
  File "C:\Users\Mouad\AppData\Roaming\Python\Python314\site-packages\playwright\_impl\_connection.py", line 472, in _listener_with_error_handler_attached
    potential_future = listener(params)
  File "C:\Users\Mouad\AppData\Roaming\Python\Python314\site-packages\playwright\_impl\_browser_context.py", line 167, in <lambda>
    lambda event: self._on_console_message(event),
                  ~~~~~~~~~~~~~~~~~~~~~~~~^^^^^^^
  File "C:\Users\Mouad\AppData\Roaming\Python\Python314\site-packages\playwright\_impl\_browser_context.py", line 672, in _on_console_message
    page.emit(Page.Events.Console, message)
    ~~~~~~~~~^^^^^^^^^^^^^^^^^^^^^^^^^^^^^^
  File "C:\Users\Mouad\AppData\Roaming\Python\Python314\site-packages\pyee\asyncio.py", line 70, in emit
    return super().emit(event, *args, **kwargs)
           ~~~~~~~~~~~~^^^^^^^^^^^^^^^^^^^^^^^^
  File "C:\Users\Mouad\AppData\Roaming\Python\Python314\site-packages\pyee\base.py", line 220, in emit
    handled = self._call_handlers(event, args, kwargs)
  File "C:\Users\Mouad\AppData\Roaming\Python\Python314\site-packages\pyee\base.py", line 196, in _call_handlers
    self._emit_run(f, args, kwargs)
    ~~~~~~~~~~~~~~^^^^^^^^^^^^^^^^^
  File "C:\Users\Mouad\AppData\Roaming\Python\Python314\site-packages\pyee\asyncio.py", line 81, in _emit_run
    self.emit("error", exc)
    ~~~~~~~~~^^^^^^^^^^^^^^
  File "C:\Users\Mouad\AppData\Roaming\Python\Python314\site-packages\pyee\asyncio.py", line 70, in emit
    return super().emit(event, *args, **kwargs)
           ~~~~~~~~~~~~^^^^^^^^^^^^^^^^^^^^^^^^
  File "C:\Users\Mouad\AppData\Roaming\Python\Python314\site-packages\pyee\base.py", line 223, in emit
    self._emit_handle_potential_error(event, args[0] if args else None)
    ~~~~~~~~~~~~~~~~~~~~~~~~~~~~~~~~~^^^^^^^^^^^^^^^^^^^^^^^^^^^^^^^^^^
  File "C:\Users\Mouad\AppData\Roaming\Python\Python314\site-packages\pyee\base.py", line 181, in _emit_handle_potential_error
    raise error
  File "C:\Users\Mouad\AppData\Roaming\Python\Python314\site-packages\pyee\asyncio.py", line 79, in _emit_run
    coro: Any = f(*args, **kwargs)
                ~^^^^^^^^^^^^^^^^^
  File "C:\Users\Mouad\AppData\Roaming\Python\Python314\site-packages\playwright\_impl\_impl_to_api_mapping.py", line 123, in wrapper_func
    return handler(
        *list(map(lambda a: self.from_maybe_impl(a), args))[:arg_count]
    )
  File "C:\Users\Mouad\Desktop\video_player\main.py", line 38046, in handle_console
    sys.stdout.flush()
    ~~~~~~~~~~~~~~~~^^
OSError: [Errno 22] Invalid argument

During handling of the above exception, another exception occurred:

Traceback (most recent call last):
  File "C:\Users\Mouad\Desktop\video_player\main.py", line 38070, in run_pw
    browser.close()
    ~~~~~~~~~~~~~^^
  File "C:\Users\Mouad\AppData\Roaming\Python\Python314\site-packages\playwright\sync_api\_generated.py", line 15992, in close
    return mapping.from_maybe_impl(self._sync(self._impl_obj.close(reason=reason)))
                                   ~~~~~~~~~~^^^^^^^^^^^^^^^^^^^^^^^^^^^^^^^^^^^^^
  File "C:\Users\Mouad\AppData\Roaming\Python\Python314\site-packages\playwright\_impl\_sync_base.py", line 113, in _sync
    self._dispatcher_fiber.switch()
    ~~~~~~~~~~~~~~~~~~~~~~~~~~~~~^^
  File "C:\Users\Mouad\AppData\Roaming\Python\Python314\site-packages\playwright\sync_api\_context_manager.py", line 56, in greenlet_main
    self._loop.run_until_complete(self._connection.run_as_sync())
    ~~~~~~~~~~~~~~~~~~~~~~~~~~~~~^^^^^^^^^^^^^^^^^^^^^^^^^^^^^^^^
  File "C:\Program Files\Python314\Lib\asyncio\base_events.py", line 719, in run_until_complete
    return future.result()
           ~~~~~~~~~~~~~^^
  File "C:\Users\Mouad\AppData\Roaming\Python\Python314\site-packages\playwright\_impl\_connection.py", line 303, in run_as_sync
    await self.run()
  File "C:\Users\Mouad\AppData\Roaming\Python\Python314\site-packages\playwright\_impl\_connection.py", line 314, in run
    await self._transport.run()
  File "C:\Users\Mouad\AppData\Roaming\Python\Python314\site-packages\playwright\_impl\_transport.py", line 162, in run
    self.on_message(obj)
    ~~~~~~~~~~~~~~~^^^^^
  File "C:\Users\Mouad\AppData\Roaming\Python\Python314\site-packages\playwright\_impl\_connection.py", line 273, in <lambda>
    self._transport.on_message = lambda msg: self.dispatch(msg)
                                             ~~~~~~~~~~~~~^^^^^
  File "C:\Users\Mouad\AppData\Roaming\Python\Python314\site-packages\playwright\_impl\_connection.py", line 492, in dispatch
    self._on_event_listener_error(exc)
    ~~~~~~~~~~~~~~~~~~~~~~~~~~~~~^^^^^
  File "C:\Users\Mouad\AppData\Roaming\Python\Python314\site-packages\playwright\_impl\_connection.py", line 495, in _on_event_listener_error
    print("Error occurred in event listener", file=sys.stderr)
    ~~~~~^^^^^^^^^^^^^^^^^^^^^^^^^^^^^^^^^^^^^^^^^^^^^^^^^^^^^
OSError: [Errno 22] Invalid argument

During handling of the above exception, another exception occurred:

Traceback (most recent call last):
  File "C:\Program Files\Python314\Lib\asyncio\events.py", line 94, in _run
    self._context.run(self._callback, *self._args)
    ~~~~~~~~~~~~~~~~~^^^^^^^^^^^^^^^^^^^^^^^^^^^^^
  File "C:\Users\Mouad\AppData\Roaming\Python\Python314\site-packages\playwright\_impl\_connection.py", line 467, in _done_callback
    exc = future.exception()
  File "C:\Users\Mouad\AppData\Roaming\Python\Python314\site-packages\playwright\_impl\_page.py", line 305, in _on_route
    handled = await route_handler.handle(route)
              ^^^^^^^^^^^^^^^^^^^^^^^^^^^^^^^^^
  File "C:\Users\Mouad\AppData\Roaming\Python\Python314\site-packages\playwright\_impl\_helper.py", line 428, in handle
    return await self._handle_internal(route)
           ^^^^^^^^^^^^^^^^^^^^^^^^^^^^^^^^^^
  File "C:\Users\Mouad\AppData\Roaming\Python\Python314\site-packages\playwright\_impl\_helper.py", line 464, in _handle_internal
    await handler_finished_future
asyncio.exceptions.CancelledError
2026-06-12 02:30:21,084 - ERROR - Exception in callback SyncBase._sync.<locals>.<lambda>() at C:\Users\Mouad\AppData\Roaming\Python\Python314\site-packages\playwright\_impl\_sync_base.py:111
handle: <Handle SyncBase._sync.<locals>.<lambda>() at C:\Users\Mouad\AppData\Roaming\Python\Python314\site-packages\playwright\_impl\_sync_base.py:111>
Traceback (most recent call last):
  File "C:\Users\Mouad\AppData\Roaming\Python\Python314\site-packages\playwright\_impl\_connection.py", line 481, in dispatch
    g.switch(self._replace_guids_with_channels(params))
    ~~~~~~~~^^^^^^^^^^^^^^^^^^^^^^^^^^^^^^^^^^^^^^^^^^^
  File "C:\Users\Mouad\AppData\Roaming\Python\Python314\site-packages\playwright\_impl\_connection.py", line 472, in _listener_with_error_handler_attached
    potential_future = listener(params)
  File "C:\Users\Mouad\AppData\Roaming\Python\Python314\site-packages\playwright\_impl\_browser_context.py", line 167, in <lambda>
    lambda event: self._on_console_message(event),
                  ~~~~~~~~~~~~~~~~~~~~~~~~^^^^^^^
  File "C:\Users\Mouad\AppData\Roaming\Python\Python314\site-packages\playwright\_impl\_browser_context.py", line 672, in _on_console_message
    page.emit(Page.Events.Console, message)
    ~~~~~~~~~^^^^^^^^^^^^^^^^^^^^^^^^^^^^^^
  File "C:\Users\Mouad\AppData\Roaming\Python\Python314\site-packages\pyee\asyncio.py", line 70, in emit
    return super().emit(event, *args, **kwargs)
           ~~~~~~~~~~~~^^^^^^^^^^^^^^^^^^^^^^^^
  File "C:\Users\Mouad\AppData\Roaming\Python\Python314\site-packages\pyee\base.py", line 220, in emit
    handled = self._call_handlers(event, args, kwargs)
  File "C:\Users\Mouad\AppData\Roaming\Python\Python314\site-packages\pyee\base.py", line 196, in _call_handlers
    self._emit_run(f, args, kwargs)
    ~~~~~~~~~~~~~~^^^^^^^^^^^^^^^^^
  File "C:\Users\Mouad\AppData\Roaming\Python\Python314\site-packages\pyee\asyncio.py", line 81, in _emit_run
    self.emit("error", exc)
    ~~~~~~~~~^^^^^^^^^^^^^^
  File "C:\Users\Mouad\AppData\Roaming\Python\Python314\site-packages\pyee\asyncio.py", line 70, in emit
    return super().emit(event, *args, **kwargs)
           ~~~~~~~~~~~~^^^^^^^^^^^^^^^^^^^^^^^^
  File "C:\Users\Mouad\AppData\Roaming\Python\Python314\site-packages\pyee\base.py", line 223, in emit
    self._emit_handle_potential_error(event, args[0] if args else None)
    ~~~~~~~~~~~~~~~~~~~~~~~~~~~~~~~~~^^^^^^^^^^^^^^^^^^^^^^^^^^^^^^^^^^
  File "C:\Users\Mouad\AppData\Roaming\Python\Python314\site-packages\pyee\base.py", line 181, in _emit_handle_potential_error
    raise error
  File "C:\Users\Mouad\AppData\Roaming\Python\Python314\site-packages\pyee\asyncio.py", line 79, in _emit_run
    coro: Any = f(*args, **kwargs)
                ~^^^^^^^^^^^^^^^^^
  File "C:\Users\Mouad\AppData\Roaming\Python\Python314\site-packages\playwright\_impl\_impl_to_api_mapping.py", line 123, in wrapper_func
    return handler(
        *list(map(lambda a: self.from_maybe_impl(a), args))[:arg_count]
    )
  File "C:\Users\Mouad\Desktop\video_player\main.py", line 38046, in handle_console
    sys.stdout.flush()
    ~~~~~~~~~~~~~~~~^^
OSError: [Errno 22] Invalid argument

During handling of the above exception, another exception occurred:

Traceback (most recent call last):
  File "C:\Users\Mouad\Desktop\video_player\main.py", line 38070, in run_pw
    browser.close()
    ~~~~~~~~~~~~~^^
  File "C:\Users\Mouad\AppData\Roaming\Python\Python314\site-packages\playwright\sync_api\_generated.py", line 15992, in close
    return mapping.from_maybe_impl(self._sync(self._impl_obj.close(reason=reason)))
                                   ~~~~~~~~~~^^^^^^^^^^^^^^^^^^^^^^^^^^^^^^^^^^^^^
  File "C:\Users\Mouad\AppData\Roaming\Python\Python314\site-packages\playwright\_impl\_sync_base.py", line 113, in _sync
    self._dispatcher_fiber.switch()
    ~~~~~~~~~~~~~~~~~~~~~~~~~~~~~^^
  File "C:\Users\Mouad\AppData\Roaming\Python\Python314\site-packages\playwright\sync_api\_context_manager.py", line 56, in greenlet_main
    self._loop.run_until_complete(self._connection.run_as_sync())
    ~~~~~~~~~~~~~~~~~~~~~~~~~~~~~^^^^^^^^^^^^^^^^^^^^^^^^^^^^^^^^
  File "C:\Program Files\Python314\Lib\asyncio\base_events.py", line 719, in run_until_complete
    return future.result()
           ~~~~~~~~~~~~~^^
  File "C:\Users\Mouad\AppData\Roaming\Python\Python314\site-packages\playwright\_impl\_connection.py", line 303, in run_as_sync
    await self.run()
  File "C:\Users\Mouad\AppData\Roaming\Python\Python314\site-packages\playwright\_impl\_connection.py", line 314, in run
    await self._transport.run()
  File "C:\Users\Mouad\AppData\Roaming\Python\Python314\site-packages\playwright\_impl\_transport.py", line 162, in run
    self.on_message(obj)
    ~~~~~~~~~~~~~~~^^^^^
  File "C:\Users\Mouad\AppData\Roaming\Python\Python314\site-packages\playwright\_impl\_connection.py", line 273, in <lambda>
    self._transport.on_message = lambda msg: self.dispatch(msg)
                                             ~~~~~~~~~~~~~^^^^^
  File "C:\Users\Mouad\AppData\Roaming\Python\Python314\site-packages\playwright\_impl\_connection.py", line 492, in dispatch
    self._on_event_listener_error(exc)
    ~~~~~~~~~~~~~~~~~~~~~~~~~~~~~^^^^^
  File "C:\Users\Mouad\AppData\Roaming\Python\Python314\site-packages\playwright\_impl\_connection.py", line 495, in _on_event_listener_error
    print("Error occurred in event listener", file=sys.stderr)
    ~~~~~^^^^^^^^^^^^^^^^^^^^^^^^^^^^^^^^^^^^^^^^^^^^^^^^^^^^^
OSError: [Errno 22] Invalid argument

During handling of the above exception, another exception occurred:

Traceback (most recent call last):
  File "C:\Program Files\Python314\Lib\asyncio\events.py", line 94, in _run
    self._context.run(self._callback, *self._args)
    ~~~~~~~~~~~~~~~~~^^^^^^^^^^^^^^^^^^^^^^^^^^^^^
  File "C:\Users\Mouad\AppData\Roaming\Python\Python314\site-packages\playwright\_impl\_sync_base.py", line 111, in <lambda>
    task.add_done_callback(lambda _: g_self.switch())
                                     ~~~~~~~~~~~~~^^
  File "C:\Users\Mouad\AppData\Roaming\Python\Python314\site-packages\playwright\_impl\_helper.py", line 455, in _handler
    self.handler(route, route.request)  # type: ignore
    ~~~~~~~~~~~~^^^^^^^^^^^^^^^^^^^^^^
  File "C:\Users\Mouad\AppData\Roaming\Python\Python314\site-packages\playwright\_impl\_impl_to_api_mapping.py", line 123, in wrapper_func
    return handler(
        *list(map(lambda a: self.from_maybe_impl(a), args))[:arg_count]
    )
  File "C:\Users\Mouad\Desktop\video_player\main.py", line 38054, in handle_request
    route.continue_()
    ~~~~~~~~~~~~~~~^^
  File "C:\Users\Mouad\AppData\Roaming\Python\Python314\site-packages\playwright\sync_api\_generated.py", line 1021, in continue_
    self._sync(
    ~~~~~~~~~~^
        self._impl_obj.continue_(
        ^^^^^^^^^^^^^^^^^^^^^^^^^
    ...<4 lines>...
        )
        ^
    )
    ^
  File "C:\Users\Mouad\AppData\Roaming\Python\Python314\site-packages\playwright\_impl\_sync_base.py", line 115, in _sync
    return task.result()
           ~~~~~~~~~~~^^
  File "C:\Users\Mouad\AppData\Roaming\Python\Python314\site-packages\playwright\_impl\_network.py", line 518, in continue_
    return await self._handle_route(_inner)
           ^^^^^^^^^^^^^^^^^^^^^^^^^^^^^^^^
  File "C:\Users\Mouad\AppData\Roaming\Python\Python314\site-packages\playwright\_impl\_network.py", line 464, in _handle_route
    await callback()
  File "C:\Users\Mouad\AppData\Roaming\Python\Python314\site-packages\playwright\_impl\_network.py", line 516, in _inner
    await self._inner_continue(False)
  File "C:\Users\Mouad\AppData\Roaming\Python\Python314\site-packages\playwright\_impl\_network.py", line 522, in _inner_continue
    await self._race_with_page_close(
    ...<17 lines>...
    )
  File "C:\Users\Mouad\AppData\Roaming\Python\Python314\site-packages\playwright\_impl\_network.py", line 558, in _race_with_page_close
    await asyncio.wait(
    ...<2 lines>...
    )
  File "C:\Program Files\Python314\Lib\asyncio\tasks.py", line 432, in wait
    return await _wait(fs, timeout, return_when, loop)
           ^^^^^^^^^^^^^^^^^^^^^^^^^^^^^^^^^^^^^^^^^^^
  File "C:\Program Files\Python314\Lib\asyncio\tasks.py", line 521, in _wait
    await waiter
asyncio.exceptions.CancelledError
2026-06-12 02:30:21,092 - ERROR - Exception in callback SyncBase._sync.<locals>.<lambda>() at C:\Users\Mouad\AppData\Roaming\Python\Python314\site-packages\playwright\_impl\_sync_base.py:111
handle: <Handle SyncBase._sync.<locals>.<lambda>() at C:\Users\Mouad\AppData\Roaming\Python\Python314\site-packages\playwright\_impl\_sync_base.py:111>
Traceback (most recent call last):
  File "C:\Users\Mouad\AppData\Roaming\Python\Python314\site-packages\playwright\_impl\_connection.py", line 481, in dispatch
    g.switch(self._replace_guids_with_channels(params))
    ~~~~~~~~^^^^^^^^^^^^^^^^^^^^^^^^^^^^^^^^^^^^^^^^^^^
  File "C:\Users\Mouad\AppData\Roaming\Python\Python314\site-packages\playwright\_impl\_connection.py", line 472, in _listener_with_error_handler_attached
    potential_future = listener(params)
  File "C:\Users\Mouad\AppData\Roaming\Python\Python314\site-packages\playwright\_impl\_browser_context.py", line 167, in <lambda>
    lambda event: self._on_console_message(event),
                  ~~~~~~~~~~~~~~~~~~~~~~~~^^^^^^^
  File "C:\Users\Mouad\AppData\Roaming\Python\Python314\site-packages\playwright\_impl\_browser_context.py", line 672, in _on_console_message
    page.emit(Page.Events.Console, message)
    ~~~~~~~~~^^^^^^^^^^^^^^^^^^^^^^^^^^^^^^
  File "C:\Users\Mouad\AppData\Roaming\Python\Python314\site-packages\pyee\asyncio.py", line 70, in emit
    return super().emit(event, *args, **kwargs)
           ~~~~~~~~~~~~^^^^^^^^^^^^^^^^^^^^^^^^
  File "C:\Users\Mouad\AppData\Roaming\Python\Python314\site-packages\pyee\base.py", line 220, in emit
    handled = self._call_handlers(event, args, kwargs)
  File "C:\Users\Mouad\AppData\Roaming\Python\Python314\site-packages\pyee\base.py", line 196, in _call_handlers
    self._emit_run(f, args, kwargs)
    ~~~~~~~~~~~~~~^^^^^^^^^^^^^^^^^
  File "C:\Users\Mouad\AppData\Roaming\Python\Python314\site-packages\pyee\asyncio.py", line 81, in _emit_run
    self.emit("error", exc)
    ~~~~~~~~~^^^^^^^^^^^^^^
  File "C:\Users\Mouad\AppData\Roaming\Python\Python314\site-packages\pyee\asyncio.py", line 70, in emit
    return super().emit(event, *args, **kwargs)
           ~~~~~~~~~~~~^^^^^^^^^^^^^^^^^^^^^^^^
  File "C:\Users\Mouad\AppData\Roaming\Python\Python314\site-packages\pyee\base.py", line 223, in emit
    self._emit_handle_potential_error(event, args[0] if args else None)
    ~~~~~~~~~~~~~~~~~~~~~~~~~~~~~~~~~^^^^^^^^^^^^^^^^^^^^^^^^^^^^^^^^^^
  File "C:\Users\Mouad\AppData\Roaming\Python\Python314\site-packages\pyee\base.py", line 181, in _emit_handle_potential_error
    raise error
  File "C:\Users\Mouad\AppData\Roaming\Python\Python314\site-packages\pyee\asyncio.py", line 79, in _emit_run
    coro: Any = f(*args, **kwargs)
                ~^^^^^^^^^^^^^^^^^
  File "C:\Users\Mouad\AppData\Roaming\Python\Python314\site-packages\playwright\_impl\_impl_to_api_mapping.py", line 123, in wrapper_func
    return handler(
        *list(map(lambda a: self.from_maybe_impl(a), args))[:arg_count]
    )
  File "C:\Users\Mouad\Desktop\video_player\main.py", line 38046, in handle_console
    sys.stdout.flush()
    ~~~~~~~~~~~~~~~~^^
OSError: [Errno 22] Invalid argument

During handling of the above exception, another exception occurred:

Traceback (most recent call last):
  File "C:\Users\Mouad\Desktop\video_player\main.py", line 38070, in run_pw
    browser.close()
    ~~~~~~~~~~~~~^^
  File "C:\Users\Mouad\AppData\Roaming\Python\Python314\site-packages\playwright\sync_api\_generated.py", line 15992, in close
    return mapping.from_maybe_impl(self._sync(self._impl_obj.close(reason=reason)))
                                   ~~~~~~~~~~^^^^^^^^^^^^^^^^^^^^^^^^^^^^^^^^^^^^^
  File "C:\Users\Mouad\AppData\Roaming\Python\Python314\site-packages\playwright\_impl\_sync_base.py", line 113, in _sync
    self._dispatcher_fiber.switch()
    ~~~~~~~~~~~~~~~~~~~~~~~~~~~~~^^
  File "C:\Users\Mouad\AppData\Roaming\Python\Python314\site-packages\playwright\sync_api\_context_manager.py", line 56, in greenlet_main
    self._loop.run_until_complete(self._connection.run_as_sync())
    ~~~~~~~~~~~~~~~~~~~~~~~~~~~~~^^^^^^^^^^^^^^^^^^^^^^^^^^^^^^^^
  File "C:\Program Files\Python314\Lib\asyncio\base_events.py", line 719, in run_until_complete
    return future.result()
           ~~~~~~~~~~~~~^^
  File "C:\Users\Mouad\AppData\Roaming\Python\Python314\site-packages\playwright\_impl\_connection.py", line 303, in run_as_sync
    await self.run()
  File "C:\Users\Mouad\AppData\Roaming\Python\Python314\site-packages\playwright\_impl\_connection.py", line 314, in run
    await self._transport.run()
  File "C:\Users\Mouad\AppData\Roaming\Python\Python314\site-packages\playwright\_impl\_transport.py", line 162, in run
    self.on_message(obj)
    ~~~~~~~~~~~~~~~^^^^^
  File "C:\Users\Mouad\AppData\Roaming\Python\Python314\site-packages\playwright\_impl\_connection.py", line 273, in <lambda>
    self._transport.on_message = lambda msg: self.dispatch(msg)
                                             ~~~~~~~~~~~~~^^^^^
  File "C:\Users\Mouad\AppData\Roaming\Python\Python314\site-packages\playwright\_impl\_connection.py", line 492, in dispatch
    self._on_event_listener_error(exc)
    ~~~~~~~~~~~~~~~~~~~~~~~~~~~~~^^^^^
  File "C:\Users\Mouad\AppData\Roaming\Python\Python314\site-packages\playwright\_impl\_connection.py", line 495, in _on_event_listener_error
    print("Error occurred in event listener", file=sys.stderr)
    ~~~~~^^^^^^^^^^^^^^^^^^^^^^^^^^^^^^^^^^^^^^^^^^^^^^^^^^^^^
OSError: [Errno 22] Invalid argument

During handling of the above exception, another exception occurred:

Traceback (most recent call last):
  File "C:\Program Files\Python314\Lib\asyncio\events.py", line 94, in _run
    self._context.run(self._callback, *self._args)
    ~~~~~~~~~~~~~~~~~^^^^^^^^^^^^^^^^^^^^^^^^^^^^^
  File "C:\Users\Mouad\AppData\Roaming\Python\Python314\site-packages\playwright\_impl\_sync_base.py", line 111, in <lambda>
    task.add_done_callback(lambda _: g_self.switch())
                                     ~~~~~~~~~~~~~^^
  File "C:\Users\Mouad\AppData\Roaming\Python\Python314\site-packages\playwright\_impl\_helper.py", line 455, in _handler
    self.handler(route, route.request)  # type: ignore
    ~~~~~~~~~~~~^^^^^^^^^^^^^^^^^^^^^^
  File "C:\Users\Mouad\AppData\Roaming\Python\Python314\site-packages\playwright\_impl\_impl_to_api_mapping.py", line 123, in wrapper_func
    return handler(
        *list(map(lambda a: self.from_maybe_impl(a), args))[:arg_count]
    )
  File "C:\Users\Mouad\Desktop\video_player\main.py", line 38054, in handle_request
    route.continue_()
    ~~~~~~~~~~~~~~~^^
  File "C:\Users\Mouad\AppData\Roaming\Python\Python314\site-packages\playwright\sync_api\_generated.py", line 1021, in continue_
    self._sync(
    ~~~~~~~~~~^
        self._impl_obj.continue_(
        ^^^^^^^^^^^^^^^^^^^^^^^^^
    ...<4 lines>...
        )
        ^
    )
    ^
  File "C:\Users\Mouad\AppData\Roaming\Python\Python314\site-packages\playwright\_impl\_sync_base.py", line 115, in _sync
    return task.result()
           ~~~~~~~~~~~^^
  File "C:\Users\Mouad\AppData\Roaming\Python\Python314\site-packages\playwright\_impl\_network.py", line 518, in continue_
    return await self._handle_route(_inner)
           ^^^^^^^^^^^^^^^^^^^^^^^^^^^^^^^^
  File "C:\Users\Mouad\AppData\Roaming\Python\Python314\site-packages\playwright\_impl\_network.py", line 464, in _handle_route
    await callback()
  File "C:\Users\Mouad\AppData\Roaming\Python\Python314\site-packages\playwright\_impl\_network.py", line 516, in _inner
    await self._inner_continue(False)
  File "C:\Users\Mouad\AppData\Roaming\Python\Python314\site-packages\playwright\_impl\_network.py", line 522, in _inner_continue
    await self._race_with_page_close(
    ...<17 lines>...
    )
  File "C:\Users\Mouad\AppData\Roaming\Python\Python314\site-packages\playwright\_impl\_network.py", line 558, in _race_with_page_close
    await asyncio.wait(
    ...<2 lines>...
    )
  File "C:\Program Files\Python314\Lib\asyncio\tasks.py", line 432, in wait
    return await _wait(fs, timeout, return_when, loop)
           ^^^^^^^^^^^^^^^^^^^^^^^^^^^^^^^^^^^^^^^^^^^
  File "C:\Program Files\Python314\Lib\asyncio\tasks.py", line 521, in _wait
    await waiter
asyncio.exceptions.CancelledError
2026-06-12 02:30:21,146 - ERROR - Future exception was never retrieved
future: <Future finished exception=TargetClosedError('Target page, context or browser has been closed')>
playwright._impl._errors.TargetClosedError: Target page, context or browser has been closed
2026-06-12 02:30:21,146 - ERROR - Future exception was never retrieved
future: <Future finished exception=TargetClosedError('Target page, context or browser has been closed')>
playwright._impl._errors.TargetClosedError: Target page, context or browser has been closed
2026-06-12 02:30:21,147 - ERROR - Future exception was never retrieved
future: <Future finished exception=TargetClosedError('Target page, context or browser has been closed')>
playwright._impl._errors.TargetClosedError: Target page, context or browser has been closed
2026-06-12 02:30:21,147 - ERROR - Future exception was never retrieved
future: <Future finished exception=TargetClosedError('Target page, context or browser has been closed')>
playwright._impl._errors.TargetClosedError: Target page, context or browser has been closed
2026-06-12 02:30:21,147 - ERROR - Future exception was never retrieved
future: <Future finished exception=TargetClosedError('Target page, context or browser has been closed')>
playwright._impl._errors.TargetClosedError: Target page, context or browser has been closed
2026-06-12 02:30:21,666 - ERROR - Exception in callback Connection.dispatch.<locals>._done_callback() at C:\Users\Mouad\AppData\Roaming\Python\Python314\site-packages\playwright\_impl\_connection.py:466
handle: <Handle Connection.dispatch.<locals>._done_callback() at C:\Users\Mouad\AppData\Roaming\Python\Python314\site-packages\playwright\_impl\_connection.py:466>
Traceback (most recent call last):
  File "C:\Users\Mouad\AppData\Roaming\Python\Python314\site-packages\playwright\_impl\_connection.py", line 481, in dispatch
    g.switch(self._replace_guids_with_channels(params))
    ~~~~~~~~^^^^^^^^^^^^^^^^^^^^^^^^^^^^^^^^^^^^^^^^^^^
  File "C:\Users\Mouad\AppData\Roaming\Python\Python314\site-packages\playwright\_impl\_connection.py", line 472, in _listener_with_error_handler_attached
    potential_future = listener(params)
  File "C:\Users\Mouad\AppData\Roaming\Python\Python314\site-packages\playwright\_impl\_browser_context.py", line 167, in <lambda>
    lambda event: self._on_console_message(event),
                  ~~~~~~~~~~~~~~~~~~~~~~~~^^^^^^^
  File "C:\Users\Mouad\AppData\Roaming\Python\Python314\site-packages\playwright\_impl\_browser_context.py", line 672, in _on_console_message
    page.emit(Page.Events.Console, message)
    ~~~~~~~~~^^^^^^^^^^^^^^^^^^^^^^^^^^^^^^
  File "C:\Users\Mouad\AppData\Roaming\Python\Python314\site-packages\pyee\asyncio.py", line 70, in emit
    return super().emit(event, *args, **kwargs)
           ~~~~~~~~~~~~^^^^^^^^^^^^^^^^^^^^^^^^
  File "C:\Users\Mouad\AppData\Roaming\Python\Python314\site-packages\pyee\base.py", line 220, in emit
    handled = self._call_handlers(event, args, kwargs)
  File "C:\Users\Mouad\AppData\Roaming\Python\Python314\site-packages\pyee\base.py", line 196, in _call_handlers
    self._emit_run(f, args, kwargs)
    ~~~~~~~~~~~~~~^^^^^^^^^^^^^^^^^
  File "C:\Users\Mouad\AppData\Roaming\Python\Python314\site-packages\pyee\asyncio.py", line 81, in _emit_run
    self.emit("error", exc)
    ~~~~~~~~~^^^^^^^^^^^^^^
  File "C:\Users\Mouad\AppData\Roaming\Python\Python314\site-packages\pyee\asyncio.py", line 70, in emit
    return super().emit(event, *args, **kwargs)
           ~~~~~~~~~~~~^^^^^^^^^^^^^^^^^^^^^^^^
  File "C:\Users\Mouad\AppData\Roaming\Python\Python314\site-packages\pyee\base.py", line 223, in emit
    self._emit_handle_potential_error(event, args[0] if args else None)
    ~~~~~~~~~~~~~~~~~~~~~~~~~~~~~~~~~^^^^^^^^^^^^^^^^^^^^^^^^^^^^^^^^^^
  File "C:\Users\Mouad\AppData\Roaming\Python\Python314\site-packages\pyee\base.py", line 181, in _emit_handle_potential_error
    raise error
  File "C:\Users\Mouad\AppData\Roaming\Python\Python314\site-packages\pyee\asyncio.py", line 79, in _emit_run
    coro: Any = f(*args, **kwargs)
                ~^^^^^^^^^^^^^^^^^
  File "C:\Users\Mouad\AppData\Roaming\Python\Python314\site-packages\playwright\_impl\_impl_to_api_mapping.py", line 123, in wrapper_func
    return handler(
        *list(map(lambda a: self.from_maybe_impl(a), args))[:arg_count]
    )
  File "C:\Users\Mouad\Desktop\video_player\main.py", line 38046, in handle_console
    sys.stdout.flush()
    ~~~~~~~~~~~~~~~~^^
OSError: [Errno 22] Invalid argument

During handling of the above exception, another exception occurred:

Traceback (most recent call last):
  File "C:\Users\Mouad\Desktop\video_player\main.py", line 38070, in run_pw
    browser.close()
    ~~~~~~~~~~~~~^^
  File "C:\Users\Mouad\AppData\Roaming\Python\Python314\site-packages\playwright\sync_api\_generated.py", line 15992, in close
    return mapping.from_maybe_impl(self._sync(self._impl_obj.close(reason=reason)))
                                   ~~~~~~~~~~^^^^^^^^^^^^^^^^^^^^^^^^^^^^^^^^^^^^^
  File "C:\Users\Mouad\AppData\Roaming\Python\Python314\site-packages\playwright\_impl\_sync_base.py", line 113, in _sync
    self._dispatcher_fiber.switch()
    ~~~~~~~~~~~~~~~~~~~~~~~~~~~~~^^
  File "C:\Users\Mouad\AppData\Roaming\Python\Python314\site-packages\playwright\sync_api\_context_manager.py", line 56, in greenlet_main
    self._loop.run_until_complete(self._connection.run_as_sync())
    ~~~~~~~~~~~~~~~~~~~~~~~~~~~~~^^^^^^^^^^^^^^^^^^^^^^^^^^^^^^^^
  File "C:\Program Files\Python314\Lib\asyncio\base_events.py", line 719, in run_until_complete
    return future.result()
           ~~~~~~~~~~~~~^^
  File "C:\Users\Mouad\AppData\Roaming\Python\Python314\site-packages\playwright\_impl\_connection.py", line 303, in run_as_sync
    await self.run()
  File "C:\Users\Mouad\AppData\Roaming\Python\Python314\site-packages\playwright\_impl\_connection.py", line 314, in run
    await self._transport.run()
  File "C:\Users\Mouad\AppData\Roaming\Python\Python314\site-packages\playwright\_impl\_transport.py", line 162, in run
    self.on_message(obj)
    ~~~~~~~~~~~~~~~^^^^^
  File "C:\Users\Mouad\AppData\Roaming\Python\Python314\site-packages\playwright\_impl\_connection.py", line 273, in <lambda>
    self._transport.on_message = lambda msg: self.dispatch(msg)
                                             ~~~~~~~~~~~~~^^^^^
  File "C:\Users\Mouad\AppData\Roaming\Python\Python314\site-packages\playwright\_impl\_connection.py", line 492, in dispatch
    self._on_event_listener_error(exc)
    ~~~~~~~~~~~~~~~~~~~~~~~~~~~~~^^^^^
  File "C:\Users\Mouad\AppData\Roaming\Python\Python314\site-packages\playwright\_impl\_connection.py", line 495, in _on_event_listener_error
    print("Error occurred in event listener", file=sys.stderr)
    ~~~~~^^^^^^^^^^^^^^^^^^^^^^^^^^^^^^^^^^^^^^^^^^^^^^^^^^^^^
OSError: [Errno 22] Invalid argument

During handling of the above exception, another exception occurred:

Traceback (most recent call last):
  File "C:\Program Files\Python314\Lib\asyncio\events.py", line 94, in _run
    self._context.run(self._callback, *self._args)
    ~~~~~~~~~~~~~~~~~^^^^^^^^^^^^^^^^^^^^^^^^^^^^^
  File "C:\Users\Mouad\AppData\Roaming\Python\Python314\site-packages\playwright\_impl\_connection.py", line 467, in _done_callback
    exc = future.exception()
  File "C:\Users\Mouad\AppData\Roaming\Python\Python314\site-packages\playwright\_impl\_page.py", line 305, in _on_route
    handled = await route_handler.handle(route)
              ^^^^^^^^^^^^^^^^^^^^^^^^^^^^^^^^^
  File "C:\Users\Mouad\AppData\Roaming\Python\Python314\site-packages\playwright\_impl\_helper.py", line 428, in handle
    return await self._handle_internal(route)
           ^^^^^^^^^^^^^^^^^^^^^^^^^^^^^^^^^^
  File "C:\Users\Mouad\AppData\Roaming\Python\Python314\site-packages\playwright\_impl\_helper.py", line 464, in _handle_internal
    await handler_finished_future
asyncio.exceptions.CancelledError
2026-06-12 02:30:21,686 - ERROR - Exception in callback Connection.dispatch.<locals>._done_callback() at C:\Users\Mouad\AppData\Roaming\Python\Python314\site-packages\playwright\_impl\_connection.py:466
handle: <Handle Connection.dispatch.<locals>._done_callback() at C:\Users\Mouad\AppData\Roaming\Python\Python314\site-packages\playwright\_impl\_connection.py:466>
Traceback (most recent call last):
  File "C:\Users\Mouad\AppData\Roaming\Python\Python314\site-packages\playwright\_impl\_connection.py", line 481, in dispatch
    g.switch(self._replace_guids_with_channels(params))
    ~~~~~~~~^^^^^^^^^^^^^^^^^^^^^^^^^^^^^^^^^^^^^^^^^^^
  File "C:\Users\Mouad\AppData\Roaming\Python\Python314\site-packages\playwright\_impl\_connection.py", line 472, in _listener_with_error_handler_attached
    potential_future = listener(params)
  File "C:\Users\Mouad\AppData\Roaming\Python\Python314\site-packages\playwright\_impl\_browser_context.py", line 167, in <lambda>
    lambda event: self._on_console_message(event),
                  ~~~~~~~~~~~~~~~~~~~~~~~~^^^^^^^
  File "C:\Users\Mouad\AppData\Roaming\Python\Python314\site-packages\playwright\_impl\_browser_context.py", line 672, in _on_console_message
    page.emit(Page.Events.Console, message)
    ~~~~~~~~~^^^^^^^^^^^^^^^^^^^^^^^^^^^^^^
  File "C:\Users\Mouad\AppData\Roaming\Python\Python314\site-packages\pyee\asyncio.py", line 70, in emit
    return super().emit(event, *args, **kwargs)
           ~~~~~~~~~~~~^^^^^^^^^^^^^^^^^^^^^^^^
  File "C:\Users\Mouad\AppData\Roaming\Python\Python314\site-packages\pyee\base.py", line 220, in emit
    handled = self._call_handlers(event, args, kwargs)
  File "C:\Users\Mouad\AppData\Roaming\Python\Python314\site-packages\pyee\base.py", line 196, in _call_handlers
    self._emit_run(f, args, kwargs)
    ~~~~~~~~~~~~~~^^^^^^^^^^^^^^^^^
  File "C:\Users\Mouad\AppData\Roaming\Python\Python314\site-packages\pyee\asyncio.py", line 81, in _emit_run
    self.emit("error", exc)
    ~~~~~~~~~^^^^^^^^^^^^^^
  File "C:\Users\Mouad\AppData\Roaming\Python\Python314\site-packages\pyee\asyncio.py", line 70, in emit
    return super().emit(event, *args, **kwargs)
           ~~~~~~~~~~~~^^^^^^^^^^^^^^^^^^^^^^^^
  File "C:\Users\Mouad\AppData\Roaming\Python\Python314\site-packages\pyee\base.py", line 223, in emit
    self._emit_handle_potential_error(event, args[0] if args else None)
    ~~~~~~~~~~~~~~~~~~~~~~~~~~~~~~~~~^^^^^^^^^^^^^^^^^^^^^^^^^^^^^^^^^^
  File "C:\Users\Mouad\AppData\Roaming\Python\Python314\site-packages\pyee\base.py", line 181, in _emit_handle_potential_error
    raise error
  File "C:\Users\Mouad\AppData\Roaming\Python\Python314\site-packages\pyee\asyncio.py", line 79, in _emit_run
    coro: Any = f(*args, **kwargs)
                ~^^^^^^^^^^^^^^^^^
  File "C:\Users\Mouad\AppData\Roaming\Python\Python314\site-packages\playwright\_impl\_impl_to_api_mapping.py", line 123, in wrapper_func
    return handler(
        *list(map(lambda a: self.from_maybe_impl(a), args))[:arg_count]
    )
  File "C:\Users\Mouad\Desktop\video_player\main.py", line 38046, in handle_console
    sys.stdout.flush()
    ~~~~~~~~~~~~~~~~^^
OSError: [Errno 22] Invalid argument

During handling of the above exception, another exception occurred:

Traceback (most recent call last):
  File "C:\Users\Mouad\Desktop\video_player\main.py", line 38070, in run_pw
    browser.close()
    ~~~~~~~~~~~~~^^
  File "C:\Users\Mouad\AppData\Roaming\Python\Python314\site-packages\playwright\sync_api\_generated.py", line 15992, in close
    return mapping.from_maybe_impl(self._sync(self._impl_obj.close(reason=reason)))
                                   ~~~~~~~~~~^^^^^^^^^^^^^^^^^^^^^^^^^^^^^^^^^^^^^
  File "C:\Users\Mouad\AppData\Roaming\Python\Python314\site-packages\playwright\_impl\_sync_base.py", line 113, in _sync
    self._dispatcher_fiber.switch()
    ~~~~~~~~~~~~~~~~~~~~~~~~~~~~~^^
  File "C:\Users\Mouad\AppData\Roaming\Python\Python314\site-packages\playwright\sync_api\_context_manager.py", line 56, in greenlet_main
    self._loop.run_until_complete(self._connection.run_as_sync())
    ~~~~~~~~~~~~~~~~~~~~~~~~~~~~~^^^^^^^^^^^^^^^^^^^^^^^^^^^^^^^^
  File "C:\Program Files\Python314\Lib\asyncio\base_events.py", line 719, in run_until_complete
    return future.result()
           ~~~~~~~~~~~~~^^
  File "C:\Users\Mouad\AppData\Roaming\Python\Python314\site-packages\playwright\_impl\_connection.py", line 303, in run_as_sync
    await self.run()
  File "C:\Users\Mouad\AppData\Roaming\Python\Python314\site-packages\playwright\_impl\_connection.py", line 314, in run
    await self._transport.run()
  File "C:\Users\Mouad\AppData\Roaming\Python\Python314\site-packages\playwright\_impl\_transport.py", line 162, in run
    self.on_message(obj)
    ~~~~~~~~~~~~~~~^^^^^
  File "C:\Users\Mouad\AppData\Roaming\Python\Python314\site-packages\playwright\_impl\_connection.py", line 273, in <lambda>
    self._transport.on_message = lambda msg: self.dispatch(msg)
                                             ~~~~~~~~~~~~~^^^^^
  File "C:\Users\Mouad\AppData\Roaming\Python\Python314\site-packages\playwright\_impl\_connection.py", line 492, in dispatch
    self._on_event_listener_error(exc)
    ~~~~~~~~~~~~~~~~~~~~~~~~~~~~~^^^^^
  File "C:\Users\Mouad\AppData\Roaming\Python\Python314\site-packages\playwright\_impl\_connection.py", line 495, in _on_event_listener_error
    print("Error occurred in event listener", file=sys.stderr)
    ~~~~~^^^^^^^^^^^^^^^^^^^^^^^^^^^^^^^^^^^^^^^^^^^^^^^^^^^^^
OSError: [Errno 22] Invalid argument

During handling of the above exception, another exception occurred:

Traceback (most recent call last):
  File "C:\Program Files\Python314\Lib\asyncio\events.py", line 94, in _run
    self._context.run(self._callback, *self._args)
    ~~~~~~~~~~~~~~~~~^^^^^^^^^^^^^^^^^^^^^^^^^^^^^
  File "C:\Users\Mouad\AppData\Roaming\Python\Python314\site-packages\playwright\_impl\_connection.py", line 467, in _done_callback
    exc = future.exception()
  File "C:\Users\Mouad\AppData\Roaming\Python\Python314\site-packages\playwright\_impl\_page.py", line 305, in _on_route
    handled = await route_handler.handle(route)
              ^^^^^^^^^^^^^^^^^^^^^^^^^^^^^^^^^
  File "C:\Users\Mouad\AppData\Roaming\Python\Python314\site-packages\playwright\_impl\_helper.py", line 428, in handle
    return await self._handle_internal(route)
           ^^^^^^^^^^^^^^^^^^^^^^^^^^^^^^^^^^
  File "C:\Users\Mouad\AppData\Roaming\Python\Python314\site-packages\playwright\_impl\_helper.py", line 464, in _handle_internal
    await handler_finished_future
asyncio.exceptions.CancelledError
2026-06-12 02:30:21,695 - ERROR - Exception in callback Connection.dispatch.<locals>._done_callback() at C:\Users\Mouad\AppData\Roaming\Python\Python314\site-packages\playwright\_impl\_connection.py:466
handle: <Handle Connection.dispatch.<locals>._done_callback() at C:\Users\Mouad\AppData\Roaming\Python\Python314\site-packages\playwright\_impl\_connection.py:466>
Traceback (most recent call last):
  File "C:\Users\Mouad\AppData\Roaming\Python\Python314\site-packages\playwright\_impl\_connection.py", line 481, in dispatch
    g.switch(self._replace_guids_with_channels(params))
    ~~~~~~~~^^^^^^^^^^^^^^^^^^^^^^^^^^^^^^^^^^^^^^^^^^^
  File "C:\Users\Mouad\AppData\Roaming\Python\Python314\site-packages\playwright\_impl\_connection.py", line 472, in _listener_with_error_handler_attached
    potential_future = listener(params)
  File "C:\Users\Mouad\AppData\Roaming\Python\Python314\site-packages\playwright\_impl\_browser_context.py", line 167, in <lambda>
    lambda event: self._on_console_message(event),
                  ~~~~~~~~~~~~~~~~~~~~~~~~^^^^^^^
  File "C:\Users\Mouad\AppData\Roaming\Python\Python314\site-packages\playwright\_impl\_browser_context.py", line 672, in _on_console_message
    page.emit(Page.Events.Console, message)
    ~~~~~~~~~^^^^^^^^^^^^^^^^^^^^^^^^^^^^^^
  File "C:\Users\Mouad\AppData\Roaming\Python\Python314\site-packages\pyee\asyncio.py", line 70, in emit
    return super().emit(event, *args, **kwargs)
           ~~~~~~~~~~~~^^^^^^^^^^^^^^^^^^^^^^^^
  File "C:\Users\Mouad\AppData\Roaming\Python\Python314\site-packages\pyee\base.py", line 220, in emit
    handled = self._call_handlers(event, args, kwargs)
  File "C:\Users\Mouad\AppData\Roaming\Python\Python314\site-packages\pyee\base.py", line 196, in _call_handlers
    self._emit_run(f, args, kwargs)
    ~~~~~~~~~~~~~~^^^^^^^^^^^^^^^^^
  File "C:\Users\Mouad\AppData\Roaming\Python\Python314\site-packages\pyee\asyncio.py", line 81, in _emit_run
    self.emit("error", exc)
    ~~~~~~~~~^^^^^^^^^^^^^^
  File "C:\Users\Mouad\AppData\Roaming\Python\Python314\site-packages\pyee\asyncio.py", line 70, in emit
    return super().emit(event, *args, **kwargs)
           ~~~~~~~~~~~~^^^^^^^^^^^^^^^^^^^^^^^^
  File "C:\Users\Mouad\AppData\Roaming\Python\Python314\site-packages\pyee\base.py", line 223, in emit
    self._emit_handle_potential_error(event, args[0] if args else None)
    ~~~~~~~~~~~~~~~~~~~~~~~~~~~~~~~~~^^^^^^^^^^^^^^^^^^^^^^^^^^^^^^^^^^
  File "C:\Users\Mouad\AppData\Roaming\Python\Python314\site-packages\pyee\base.py", line 181, in _emit_handle_potential_error
    raise error
  File "C:\Users\Mouad\AppData\Roaming\Python\Python314\site-packages\pyee\asyncio.py", line 79, in _emit_run
    coro: Any = f(*args, **kwargs)
                ~^^^^^^^^^^^^^^^^^
  File "C:\Users\Mouad\AppData\Roaming\Python\Python314\site-packages\playwright\_impl\_impl_to_api_mapping.py", line 123, in wrapper_func
    return handler(
        *list(map(lambda a: self.from_maybe_impl(a), args))[:arg_count]
    )
  File "C:\Users\Mouad\Desktop\video_player\main.py", line 38046, in handle_console
    sys.stdout.flush()
    ~~~~~~~~~~~~~~~~^^
OSError: [Errno 22] Invalid argument

During handling of the above exception, another exception occurred:

Traceback (most recent call last):
  File "C:\Users\Mouad\Desktop\video_player\main.py", line 38070, in run_pw
    browser.close()
    ~~~~~~~~~~~~~^^
  File "C:\Users\Mouad\AppData\Roaming\Python\Python314\site-packages\playwright\sync_api\_generated.py", line 15992, in close
    return mapping.from_maybe_impl(self._sync(self._impl_obj.close(reason=reason)))
                                   ~~~~~~~~~~^^^^^^^^^^^^^^^^^^^^^^^^^^^^^^^^^^^^^
  File "C:\Users\Mouad\AppData\Roaming\Python\Python314\site-packages\playwright\_impl\_sync_base.py", line 113, in _sync
    self._dispatcher_fiber.switch()
    ~~~~~~~~~~~~~~~~~~~~~~~~~~~~~^^
  File "C:\Users\Mouad\AppData\Roaming\Python\Python314\site-packages\playwright\sync_api\_context_manager.py", line 56, in greenlet_main
    self._loop.run_until_complete(self._connection.run_as_sync())
    ~~~~~~~~~~~~~~~~~~~~~~~~~~~~~^^^^^^^^^^^^^^^^^^^^^^^^^^^^^^^^
  File "C:\Program Files\Python314\Lib\asyncio\base_events.py", line 719, in run_until_complete
    return future.result()
           ~~~~~~~~~~~~~^^
  File "C:\Users\Mouad\AppData\Roaming\Python\Python314\site-packages\playwright\_impl\_connection.py", line 303, in run_as_sync
    await self.run()
  File "C:\Users\Mouad\AppData\Roaming\Python\Python314\site-packages\playwright\_impl\_connection.py", line 314, in run
    await self._transport.run()
  File "C:\Users\Mouad\AppData\Roaming\Python\Python314\site-packages\playwright\_impl\_transport.py", line 162, in run
    self.on_message(obj)
    ~~~~~~~~~~~~~~~^^^^^
  File "C:\Users\Mouad\AppData\Roaming\Python\Python314\site-packages\playwright\_impl\_connection.py", line 273, in <lambda>
    self._transport.on_message = lambda msg: self.dispatch(msg)
                                             ~~~~~~~~~~~~~^^^^^
  File "C:\Users\Mouad\AppData\Roaming\Python\Python314\site-packages\playwright\_impl\_connection.py", line 492, in dispatch
    self._on_event_listener_error(exc)
    ~~~~~~~~~~~~~~~~~~~~~~~~~~~~~^^^^^
  File "C:\Users\Mouad\AppData\Roaming\Python\Python314\site-packages\playwright\_impl\_connection.py", line 495, in _on_event_listener_error
    print("Error occurred in event listener", file=sys.stderr)
    ~~~~~^^^^^^^^^^^^^^^^^^^^^^^^^^^^^^^^^^^^^^^^^^^^^^^^^^^^^
OSError: [Errno 22] Invalid argument

During handling of the above exception, another exception occurred:

Traceback (most recent call last):
  File "C:\Program Files\Python314\Lib\asyncio\events.py", line 94, in _run
    self._context.run(self._callback, *self._args)
    ~~~~~~~~~~~~~~~~~^^^^^^^^^^^^^^^^^^^^^^^^^^^^^
  File "C:\Users\Mouad\AppData\Roaming\Python\Python314\site-packages\playwright\_impl\_connection.py", line 467, in _done_callback
    exc = future.exception()
  File "C:\Users\Mouad\AppData\Roaming\Python\Python314\site-packages\playwright\_impl\_page.py", line 305, in _on_route
    handled = await route_handler.handle(route)
              ^^^^^^^^^^^^^^^^^^^^^^^^^^^^^^^^^
  File "C:\Users\Mouad\AppData\Roaming\Python\Python314\site-packages\playwright\_impl\_helper.py", line 428, in handle
    return await self._handle_internal(route)
           ^^^^^^^^^^^^^^^^^^^^^^^^^^^^^^^^^^
  File "C:\Users\Mouad\AppData\Roaming\Python\Python314\site-packages\playwright\_impl\_helper.py", line 464, in _handle_internal
    await handler_finished_future
asyncio.exceptions.CancelledError
2026-06-12 02:30:21,706 - ERROR - Exception in callback SyncBase._sync.<locals>.<lambda>() at C:\Users\Mouad\AppData\Roaming\Python\Python314\site-packages\playwright\_impl\_sync_base.py:111
handle: <Handle SyncBase._sync.<locals>.<lambda>() at C:\Users\Mouad\AppData\Roaming\Python\Python314\site-packages\playwright\_impl\_sync_base.py:111>
Traceback (most recent call last):
  File "C:\Users\Mouad\AppData\Roaming\Python\Python314\site-packages\playwright\_impl\_connection.py", line 481, in dispatch
    g.switch(self._replace_guids_with_channels(params))
    ~~~~~~~~^^^^^^^^^^^^^^^^^^^^^^^^^^^^^^^^^^^^^^^^^^^
  File "C:\Users\Mouad\AppData\Roaming\Python\Python314\site-packages\playwright\_impl\_connection.py", line 472, in _listener_with_error_handler_attached
    potential_future = listener(params)
  File "C:\Users\Mouad\AppData\Roaming\Python\Python314\site-packages\playwright\_impl\_browser_context.py", line 167, in <lambda>
    lambda event: self._on_console_message(event),
                  ~~~~~~~~~~~~~~~~~~~~~~~~^^^^^^^
  File "C:\Users\Mouad\AppData\Roaming\Python\Python314\site-packages\playwright\_impl\_browser_context.py", line 672, in _on_console_message
    page.emit(Page.Events.Console, message)
    ~~~~~~~~~^^^^^^^^^^^^^^^^^^^^^^^^^^^^^^
  File "C:\Users\Mouad\AppData\Roaming\Python\Python314\site-packages\pyee\asyncio.py", line 70, in emit
    return super().emit(event, *args, **kwargs)
           ~~~~~~~~~~~~^^^^^^^^^^^^^^^^^^^^^^^^
  File "C:\Users\Mouad\AppData\Roaming\Python\Python314\site-packages\pyee\base.py", line 220, in emit
    handled = self._call_handlers(event, args, kwargs)
  File "C:\Users\Mouad\AppData\Roaming\Python\Python314\site-packages\pyee\base.py", line 196, in _call_handlers
    self._emit_run(f, args, kwargs)
    ~~~~~~~~~~~~~~^^^^^^^^^^^^^^^^^
  File "C:\Users\Mouad\AppData\Roaming\Python\Python314\site-packages\pyee\asyncio.py", line 81, in _emit_run
    self.emit("error", exc)
    ~~~~~~~~~^^^^^^^^^^^^^^
  File "C:\Users\Mouad\AppData\Roaming\Python\Python314\site-packages\pyee\asyncio.py", line 70, in emit
    return super().emit(event, *args, **kwargs)
           ~~~~~~~~~~~~^^^^^^^^^^^^^^^^^^^^^^^^
  File "C:\Users\Mouad\AppData\Roaming\Python\Python314\site-packages\pyee\base.py", line 223, in emit
    self._emit_handle_potential_error(event, args[0] if args else None)
    ~~~~~~~~~~~~~~~~~~~~~~~~~~~~~~~~~^^^^^^^^^^^^^^^^^^^^^^^^^^^^^^^^^^
  File "C:\Users\Mouad\AppData\Roaming\Python\Python314\site-packages\pyee\base.py", line 181, in _emit_handle_potential_error
    raise error
  File "C:\Users\Mouad\AppData\Roaming\Python\Python314\site-packages\pyee\asyncio.py", line 79, in _emit_run
    coro: Any = f(*args, **kwargs)
                ~^^^^^^^^^^^^^^^^^
  File "C:\Users\Mouad\AppData\Roaming\Python\Python314\site-packages\playwright\_impl\_impl_to_api_mapping.py", line 123, in wrapper_func
    return handler(
        *list(map(lambda a: self.from_maybe_impl(a), args))[:arg_count]
    )
  File "C:\Users\Mouad\Desktop\video_player\main.py", line 38046, in handle_console
    sys.stdout.flush()
    ~~~~~~~~~~~~~~~~^^
OSError: [Errno 22] Invalid argument

During handling of the above exception, another exception occurred:

Traceback (most recent call last):
  File "C:\Users\Mouad\Desktop\video_player\main.py", line 38070, in run_pw
    browser.close()
    ~~~~~~~~~~~~~^^
  File "C:\Users\Mouad\AppData\Roaming\Python\Python314\site-packages\playwright\sync_api\_generated.py", line 15992, in close
    return mapping.from_maybe_impl(self._sync(self._impl_obj.close(reason=reason)))
                                   ~~~~~~~~~~^^^^^^^^^^^^^^^^^^^^^^^^^^^^^^^^^^^^^
  File "C:\Users\Mouad\AppData\Roaming\Python\Python314\site-packages\playwright\_impl\_sync_base.py", line 113, in _sync
    self._dispatcher_fiber.switch()
    ~~~~~~~~~~~~~~~~~~~~~~~~~~~~~^^
  File "C:\Users\Mouad\AppData\Roaming\Python\Python314\site-packages\playwright\sync_api\_context_manager.py", line 56, in greenlet_main
    self._loop.run_until_complete(self._connection.run_as_sync())
    ~~~~~~~~~~~~~~~~~~~~~~~~~~~~~^^^^^^^^^^^^^^^^^^^^^^^^^^^^^^^^
  File "C:\Program Files\Python314\Lib\asyncio\base_events.py", line 719, in run_until_complete
    return future.result()
           ~~~~~~~~~~~~~^^
  File "C:\Users\Mouad\AppData\Roaming\Python\Python314\site-packages\playwright\_impl\_connection.py", line 303, in run_as_sync
    await self.run()
  File "C:\Users\Mouad\AppData\Roaming\Python\Python314\site-packages\playwright\_impl\_connection.py", line 314, in run
    await self._transport.run()
  File "C:\Users\Mouad\AppData\Roaming\Python\Python314\site-packages\playwright\_impl\_transport.py", line 162, in run
    self.on_message(obj)
    ~~~~~~~~~~~~~~~^^^^^
  File "C:\Users\Mouad\AppData\Roaming\Python\Python314\site-packages\playwright\_impl\_connection.py", line 273, in <lambda>
    self._transport.on_message = lambda msg: self.dispatch(msg)
                                             ~~~~~~~~~~~~~^^^^^
  File "C:\Users\Mouad\AppData\Roaming\Python\Python314\site-packages\playwright\_impl\_connection.py", line 492, in dispatch
    self._on_event_listener_error(exc)
    ~~~~~~~~~~~~~~~~~~~~~~~~~~~~~^^^^^
  File "C:\Users\Mouad\AppData\Roaming\Python\Python314\site-packages\playwright\_impl\_connection.py", line 495, in _on_event_listener_error
    print("Error occurred in event listener", file=sys.stderr)
    ~~~~~^^^^^^^^^^^^^^^^^^^^^^^^^^^^^^^^^^^^^^^^^^^^^^^^^^^^^
OSError: [Errno 22] Invalid argument

During handling of the above exception, another exception occurred:

Traceback (most recent call last):
  File "C:\Program Files\Python314\Lib\asyncio\events.py", line 94, in _run
    self._context.run(self._callback, *self._args)
    ~~~~~~~~~~~~~~~~~^^^^^^^^^^^^^^^^^^^^^^^^^^^^^
  File "C:\Users\Mouad\AppData\Roaming\Python\Python314\site-packages\playwright\_impl\_sync_base.py", line 111, in <lambda>
    task.add_done_callback(lambda _: g_self.switch())
                                     ~~~~~~~~~~~~~^^
  File "C:\Users\Mouad\AppData\Roaming\Python\Python314\site-packages\playwright\_impl\_helper.py", line 455, in _handler
    self.handler(route, route.request)  # type: ignore
    ~~~~~~~~~~~~^^^^^^^^^^^^^^^^^^^^^^
  File "C:\Users\Mouad\AppData\Roaming\Python\Python314\site-packages\playwright\_impl\_impl_to_api_mapping.py", line 123, in wrapper_func
    return handler(
        *list(map(lambda a: self.from_maybe_impl(a), args))[:arg_count]
    )
  File "C:\Users\Mouad\Desktop\video_player\main.py", line 38054, in handle_request
    route.continue_()
    ~~~~~~~~~~~~~~~^^
  File "C:\Users\Mouad\AppData\Roaming\Python\Python314\site-packages\playwright\sync_api\_generated.py", line 1021, in continue_
    self._sync(
    ~~~~~~~~~~^
        self._impl_obj.continue_(
        ^^^^^^^^^^^^^^^^^^^^^^^^^
    ...<4 lines>...
        )
        ^
    )
    ^
  File "C:\Users\Mouad\AppData\Roaming\Python\Python314\site-packages\playwright\_impl\_sync_base.py", line 115, in _sync
    return task.result()
           ~~~~~~~~~~~^^
  File "C:\Users\Mouad\AppData\Roaming\Python\Python314\site-packages\playwright\_impl\_network.py", line 518, in continue_
    return await self._handle_route(_inner)
           ^^^^^^^^^^^^^^^^^^^^^^^^^^^^^^^^
  File "C:\Users\Mouad\AppData\Roaming\Python\Python314\site-packages\playwright\_impl\_network.py", line 464, in _handle_route
    await callback()
  File "C:\Users\Mouad\AppData\Roaming\Python\Python314\site-packages\playwright\_impl\_network.py", line 516, in _inner
    await self._inner_continue(False)
  File "C:\Users\Mouad\AppData\Roaming\Python\Python314\site-packages\playwright\_impl\_network.py", line 522, in _inner_continue
    await self._race_with_page_close(
    ...<17 lines>...
    )
  File "C:\Users\Mouad\AppData\Roaming\Python\Python314\site-packages\playwright\_impl\_network.py", line 558, in _race_with_page_close
    await asyncio.wait(
    ...<2 lines>...
    )
  File "C:\Program Files\Python314\Lib\asyncio\tasks.py", line 432, in wait
    return await _wait(fs, timeout, return_when, loop)
           ^^^^^^^^^^^^^^^^^^^^^^^^^^^^^^^^^^^^^^^^^^^
  File "C:\Program Files\Python314\Lib\asyncio\tasks.py", line 521, in _wait
    await waiter
asyncio.exceptions.CancelledError
2026-06-12 02:30:21,721 - ERROR - Exception in callback SyncBase._sync.<locals>.<lambda>() at C:\Users\Mouad\AppData\Roaming\Python\Python314\site-packages\playwright\_impl\_sync_base.py:111
handle: <Handle SyncBase._sync.<locals>.<lambda>() at C:\Users\Mouad\AppData\Roaming\Python\Python314\site-packages\playwright\_impl\_sync_base.py:111>
Traceback (most recent call last):
  File "C:\Users\Mouad\AppData\Roaming\Python\Python314\site-packages\playwright\_impl\_connection.py", line 481, in dispatch
    g.switch(self._replace_guids_with_channels(params))
    ~~~~~~~~^^^^^^^^^^^^^^^^^^^^^^^^^^^^^^^^^^^^^^^^^^^
  File "C:\Users\Mouad\AppData\Roaming\Python\Python314\site-packages\playwright\_impl\_connection.py", line 472, in _listener_with_error_handler_attached
    potential_future = listener(params)
  File "C:\Users\Mouad\AppData\Roaming\Python\Python314\site-packages\playwright\_impl\_browser_context.py", line 167, in <lambda>
    lambda event: self._on_console_message(event),
                  ~~~~~~~~~~~~~~~~~~~~~~~~^^^^^^^
  File "C:\Users\Mouad\AppData\Roaming\Python\Python314\site-packages\playwright\_impl\_browser_context.py", line 672, in _on_console_message
    page.emit(Page.Events.Console, message)
    ~~~~~~~~~^^^^^^^^^^^^^^^^^^^^^^^^^^^^^^
  File "C:\Users\Mouad\AppData\Roaming\Python\Python314\site-packages\pyee\asyncio.py", line 70, in emit
    return super().emit(event, *args, **kwargs)
           ~~~~~~~~~~~~^^^^^^^^^^^^^^^^^^^^^^^^
  File "C:\Users\Mouad\AppData\Roaming\Python\Python314\site-packages\pyee\base.py", line 220, in emit
    handled = self._call_handlers(event, args, kwargs)
  File "C:\Users\Mouad\AppData\Roaming\Python\Python314\site-packages\pyee\base.py", line 196, in _call_handlers
    self._emit_run(f, args, kwargs)
    ~~~~~~~~~~~~~~^^^^^^^^^^^^^^^^^
  File "C:\Users\Mouad\AppData\Roaming\Python\Python314\site-packages\pyee\asyncio.py", line 81, in _emit_run
    self.emit("error", exc)
    ~~~~~~~~~^^^^^^^^^^^^^^
  File "C:\Users\Mouad\AppData\Roaming\Python\Python314\site-packages\pyee\asyncio.py", line 70, in emit
    return super().emit(event, *args, **kwargs)
           ~~~~~~~~~~~~^^^^^^^^^^^^^^^^^^^^^^^^
  File "C:\Users\Mouad\AppData\Roaming\Python\Python314\site-packages\pyee\base.py", line 223, in emit
    self._emit_handle_potential_error(event, args[0] if args else None)
    ~~~~~~~~~~~~~~~~~~~~~~~~~~~~~~~~~^^^^^^^^^^^^^^^^^^^^^^^^^^^^^^^^^^
  File "C:\Users\Mouad\AppData\Roaming\Python\Python314\site-packages\pyee\base.py", line 181, in _emit_handle_potential_error
    raise error
  File "C:\Users\Mouad\AppData\Roaming\Python\Python314\site-packages\pyee\asyncio.py", line 79, in _emit_run
    coro: Any = f(*args, **kwargs)
                ~^^^^^^^^^^^^^^^^^
  File "C:\Users\Mouad\AppData\Roaming\Python\Python314\site-packages\playwright\_impl\_impl_to_api_mapping.py", line 123, in wrapper_func
    return handler(
        *list(map(lambda a: self.from_maybe_impl(a), args))[:arg_count]
    )
  File "C:\Users\Mouad\Desktop\video_player\main.py", line 38046, in handle_console
    sys.stdout.flush()
    ~~~~~~~~~~~~~~~~^^
OSError: [Errno 22] Invalid argument

During handling of the above exception, another exception occurred:

Traceback (most recent call last):
  File "C:\Users\Mouad\Desktop\video_player\main.py", line 38070, in run_pw
    browser.close()
    ~~~~~~~~~~~~~^^
  File "C:\Users\Mouad\AppData\Roaming\Python\Python314\site-packages\playwright\sync_api\_generated.py", line 15992, in close
    return mapping.from_maybe_impl(self._sync(self._impl_obj.close(reason=reason)))
                                   ~~~~~~~~~~^^^^^^^^^^^^^^^^^^^^^^^^^^^^^^^^^^^^^
  File "C:\Users\Mouad\AppData\Roaming\Python\Python314\site-packages\playwright\_impl\_sync_base.py", line 113, in _sync
    self._dispatcher_fiber.switch()
    ~~~~~~~~~~~~~~~~~~~~~~~~~~~~~^^
  File "C:\Users\Mouad\AppData\Roaming\Python\Python314\site-packages\playwright\sync_api\_context_manager.py", line 56, in greenlet_main
    self._loop.run_until_complete(self._connection.run_as_sync())
    ~~~~~~~~~~~~~~~~~~~~~~~~~~~~~^^^^^^^^^^^^^^^^^^^^^^^^^^^^^^^^
  File "C:\Program Files\Python314\Lib\asyncio\base_events.py", line 719, in run_until_complete
    return future.result()
           ~~~~~~~~~~~~~^^
  File "C:\Users\Mouad\AppData\Roaming\Python\Python314\site-packages\playwright\_impl\_connection.py", line 303, in run_as_sync
    await self.run()
  File "C:\Users\Mouad\AppData\Roaming\Python\Python314\site-packages\playwright\_impl\_connection.py", line 314, in run
    await self._transport.run()
  File "C:\Users\Mouad\AppData\Roaming\Python\Python314\site-packages\playwright\_impl\_transport.py", line 162, in run
    self.on_message(obj)
    ~~~~~~~~~~~~~~~^^^^^
  File "C:\Users\Mouad\AppData\Roaming\Python\Python314\site-packages\playwright\_impl\_connection.py", line 273, in <lambda>
    self._transport.on_message = lambda msg: self.dispatch(msg)
                                             ~~~~~~~~~~~~~^^^^^
  File "C:\Users\Mouad\AppData\Roaming\Python\Python314\site-packages\playwright\_impl\_connection.py", line 492, in dispatch
    self._on_event_listener_error(exc)
    ~~~~~~~~~~~~~~~~~~~~~~~~~~~~~^^^^^
  File "C:\Users\Mouad\AppData\Roaming\Python\Python314\site-packages\playwright\_impl\_connection.py", line 495, in _on_event_listener_error
    print("Error occurred in event listener", file=sys.stderr)
    ~~~~~^^^^^^^^^^^^^^^^^^^^^^^^^^^^^^^^^^^^^^^^^^^^^^^^^^^^^
OSError: [Errno 22] Invalid argument

During handling of the above exception, another exception occurred:

Traceback (most recent call last):
  File "C:\Program Files\Python314\Lib\asyncio\events.py", line 94, in _run
    self._context.run(self._callback, *self._args)
    ~~~~~~~~~~~~~~~~~^^^^^^^^^^^^^^^^^^^^^^^^^^^^^
  File "C:\Users\Mouad\AppData\Roaming\Python\Python314\site-packages\playwright\_impl\_sync_base.py", line 111, in <lambda>
    task.add_done_callback(lambda _: g_self.switch())
                                     ~~~~~~~~~~~~~^^
  File "C:\Users\Mouad\AppData\Roaming\Python\Python314\site-packages\playwright\_impl\_helper.py", line 455, in _handler
    self.handler(route, route.request)  # type: ignore
    ~~~~~~~~~~~~^^^^^^^^^^^^^^^^^^^^^^
  File "C:\Users\Mouad\AppData\Roaming\Python\Python314\site-packages\playwright\_impl\_impl_to_api_mapping.py", line 123, in wrapper_func
    return handler(
        *list(map(lambda a: self.from_maybe_impl(a), args))[:arg_count]
    )
  File "C:\Users\Mouad\Desktop\video_player\main.py", line 38054, in handle_request
    route.continue_()
    ~~~~~~~~~~~~~~~^^
  File "C:\Users\Mouad\AppData\Roaming\Python\Python314\site-packages\playwright\sync_api\_generated.py", line 1021, in continue_
    self._sync(
    ~~~~~~~~~~^
        self._impl_obj.continue_(
        ^^^^^^^^^^^^^^^^^^^^^^^^^
    ...<4 lines>...
        )
        ^
    )
    ^
  File "C:\Users\Mouad\AppData\Roaming\Python\Python314\site-packages\playwright\_impl\_sync_base.py", line 115, in _sync
    return task.result()
           ~~~~~~~~~~~^^
  File "C:\Users\Mouad\AppData\Roaming\Python\Python314\site-packages\playwright\_impl\_network.py", line 518, in continue_
    return await self._handle_route(_inner)
           ^^^^^^^^^^^^^^^^^^^^^^^^^^^^^^^^
  File "C:\Users\Mouad\AppData\Roaming\Python\Python314\site-packages\playwright\_impl\_network.py", line 464, in _handle_route
    await callback()
  File "C:\Users\Mouad\AppData\Roaming\Python\Python314\site-packages\playwright\_impl\_network.py", line 516, in _inner
    await self._inner_continue(False)
  File "C:\Users\Mouad\AppData\Roaming\Python\Python314\site-packages\playwright\_impl\_network.py", line 522, in _inner_continue
    await self._race_with_page_close(
    ...<17 lines>...
    )
  File "C:\Users\Mouad\AppData\Roaming\Python\Python314\site-packages\playwright\_impl\_network.py", line 558, in _race_with_page_close
    await asyncio.wait(
    ...<2 lines>...
    )
  File "C:\Program Files\Python314\Lib\asyncio\tasks.py", line 432, in wait
    return await _wait(fs, timeout, return_when, loop)
           ^^^^^^^^^^^^^^^^^^^^^^^^^^^^^^^^^^^^^^^^^^^
  File "C:\Program Files\Python314\Lib\asyncio\tasks.py", line 521, in _wait
    await waiter
asyncio.exceptions.CancelledError
2026-06-12 02:30:21,729 - ERROR - Exception in callback SyncBase._sync.<locals>.<lambda>() at C:\Users\Mouad\AppData\Roaming\Python\Python314\site-packages\playwright\_impl\_sync_base.py:111
handle: <Handle SyncBase._sync.<locals>.<lambda>() at C:\Users\Mouad\AppData\Roaming\Python\Python314\site-packages\playwright\_impl\_sync_base.py:111>
Traceback (most recent call last):
  File "C:\Users\Mouad\AppData\Roaming\Python\Python314\site-packages\playwright\_impl\_connection.py", line 481, in dispatch
    g.switch(self._replace_guids_with_channels(params))
    ~~~~~~~~^^^^^^^^^^^^^^^^^^^^^^^^^^^^^^^^^^^^^^^^^^^
  File "C:\Users\Mouad\AppData\Roaming\Python\Python314\site-packages\playwright\_impl\_connection.py", line 472, in _listener_with_error_handler_attached
    potential_future = listener(params)
  File "C:\Users\Mouad\AppData\Roaming\Python\Python314\site-packages\playwright\_impl\_browser_context.py", line 167, in <lambda>
    lambda event: self._on_console_message(event),
                  ~~~~~~~~~~~~~~~~~~~~~~~~^^^^^^^
  File "C:\Users\Mouad\AppData\Roaming\Python\Python314\site-packages\playwright\_impl\_browser_context.py", line 672, in _on_console_message
    page.emit(Page.Events.Console, message)
    ~~~~~~~~~^^^^^^^^^^^^^^^^^^^^^^^^^^^^^^
  File "C:\Users\Mouad\AppData\Roaming\Python\Python314\site-packages\pyee\asyncio.py", line 70, in emit
    return super().emit(event, *args, **kwargs)
           ~~~~~~~~~~~~^^^^^^^^^^^^^^^^^^^^^^^^
  File "C:\Users\Mouad\AppData\Roaming\Python\Python314\site-packages\pyee\base.py", line 220, in emit
    handled = self._call_handlers(event, args, kwargs)
  File "C:\Users\Mouad\AppData\Roaming\Python\Python314\site-packages\pyee\base.py", line 196, in _call_handlers
    self._emit_run(f, args, kwargs)
    ~~~~~~~~~~~~~~^^^^^^^^^^^^^^^^^
  File "C:\Users\Mouad\AppData\Roaming\Python\Python314\site-packages\pyee\asyncio.py", line 81, in _emit_run
    self.emit("error", exc)
    ~~~~~~~~~^^^^^^^^^^^^^^
  File "C:\Users\Mouad\AppData\Roaming\Python\Python314\site-packages\pyee\asyncio.py", line 70, in emit
    return super().emit(event, *args, **kwargs)
           ~~~~~~~~~~~~^^^^^^^^^^^^^^^^^^^^^^^^
  File "C:\Users\Mouad\AppData\Roaming\Python\Python314\site-packages\pyee\base.py", line 223, in emit
    self._emit_handle_potential_error(event, args[0] if args else None)
    ~~~~~~~~~~~~~~~~~~~~~~~~~~~~~~~~~^^^^^^^^^^^^^^^^^^^^^^^^^^^^^^^^^^
  File "C:\Users\Mouad\AppData\Roaming\Python\Python314\site-packages\pyee\base.py", line 181, in _emit_handle_potential_error
    raise error
  File "C:\Users\Mouad\AppData\Roaming\Python\Python314\site-packages\pyee\asyncio.py", line 79, in _emit_run
    coro: Any = f(*args, **kwargs)
                ~^^^^^^^^^^^^^^^^^
  File "C:\Users\Mouad\AppData\Roaming\Python\Python314\site-packages\playwright\_impl\_impl_to_api_mapping.py", line 123, in wrapper_func
    return handler(
        *list(map(lambda a: self.from_maybe_impl(a), args))[:arg_count]
    )
  File "C:\Users\Mouad\Desktop\video_player\main.py", line 38046, in handle_console
    sys.stdout.flush()
    ~~~~~~~~~~~~~~~~^^
OSError: [Errno 22] Invalid argument

During handling of the above exception, another exception occurred:

Traceback (most recent call last):
  File "C:\Users\Mouad\Desktop\video_player\main.py", line 38070, in run_pw
    browser.close()
    ~~~~~~~~~~~~~^^
  File "C:\Users\Mouad\AppData\Roaming\Python\Python314\site-packages\playwright\sync_api\_generated.py", line 15992, in close
    return mapping.from_maybe_impl(self._sync(self._impl_obj.close(reason=reason)))
                                   ~~~~~~~~~~^^^^^^^^^^^^^^^^^^^^^^^^^^^^^^^^^^^^^
  File "C:\Users\Mouad\AppData\Roaming\Python\Python314\site-packages\playwright\_impl\_sync_base.py", line 113, in _sync
    self._dispatcher_fiber.switch()
    ~~~~~~~~~~~~~~~~~~~~~~~~~~~~~^^
  File "C:\Users\Mouad\AppData\Roaming\Python\Python314\site-packages\playwright\sync_api\_context_manager.py", line 56, in greenlet_main
    self._loop.run_until_complete(self._connection.run_as_sync())
    ~~~~~~~~~~~~~~~~~~~~~~~~~~~~~^^^^^^^^^^^^^^^^^^^^^^^^^^^^^^^^
  File "C:\Program Files\Python314\Lib\asyncio\base_events.py", line 719, in run_until_complete
    return future.result()
           ~~~~~~~~~~~~~^^
  File "C:\Users\Mouad\AppData\Roaming\Python\Python314\site-packages\playwright\_impl\_connection.py", line 303, in run_as_sync
    await self.run()
  File "C:\Users\Mouad\AppData\Roaming\Python\Python314\site-packages\playwright\_impl\_connection.py", line 314, in run
    await self._transport.run()
  File "C:\Users\Mouad\AppData\Roaming\Python\Python314\site-packages\playwright\_impl\_transport.py", line 162, in run
    self.on_message(obj)
    ~~~~~~~~~~~~~~~^^^^^
  File "C:\Users\Mouad\AppData\Roaming\Python\Python314\site-packages\playwright\_impl\_connection.py", line 273, in <lambda>
    self._transport.on_message = lambda msg: self.dispatch(msg)
                                             ~~~~~~~~~~~~~^^^^^
  File "C:\Users\Mouad\AppData\Roaming\Python\Python314\site-packages\playwright\_impl\_connection.py", line 492, in dispatch
    self._on_event_listener_error(exc)
    ~~~~~~~~~~~~~~~~~~~~~~~~~~~~~^^^^^
  File "C:\Users\Mouad\AppData\Roaming\Python\Python314\site-packages\playwright\_impl\_connection.py", line 495, in _on_event_listener_error
    print("Error occurred in event listener", file=sys.stderr)
    ~~~~~^^^^^^^^^^^^^^^^^^^^^^^^^^^^^^^^^^^^^^^^^^^^^^^^^^^^^
OSError: [Errno 22] Invalid argument

During handling of the above exception, another exception occurred:

Traceback (most recent call last):
  File "C:\Program Files\Python314\Lib\asyncio\events.py", line 94, in _run
    self._context.run(self._callback, *self._args)
    ~~~~~~~~~~~~~~~~~^^^^^^^^^^^^^^^^^^^^^^^^^^^^^
  File "C:\Users\Mouad\AppData\Roaming\Python\Python314\site-packages\playwright\_impl\_sync_base.py", line 111, in <lambda>
    task.add_done_callback(lambda _: g_self.switch())
                                     ~~~~~~~~~~~~~^^
  File "C:\Users\Mouad\AppData\Roaming\Python\Python314\site-packages\playwright\_impl\_helper.py", line 455, in _handler
    self.handler(route, route.request)  # type: ignore
    ~~~~~~~~~~~~^^^^^^^^^^^^^^^^^^^^^^
  File "C:\Users\Mouad\AppData\Roaming\Python\Python314\site-packages\playwright\_impl\_impl_to_api_mapping.py", line 123, in wrapper_func
    return handler(
        *list(map(lambda a: self.from_maybe_impl(a), args))[:arg_count]
    )
  File "C:\Users\Mouad\Desktop\video_player\main.py", line 38054, in handle_request
    route.continue_()
    ~~~~~~~~~~~~~~~^^
  File "C:\Users\Mouad\AppData\Roaming\Python\Python314\site-packages\playwright\sync_api\_generated.py", line 1021, in continue_
    self._sync(
    ~~~~~~~~~~^
        self._impl_obj.continue_(
        ^^^^^^^^^^^^^^^^^^^^^^^^^
    ...<4 lines>...
        )
        ^
    )
    ^
  File "C:\Users\Mouad\AppData\Roaming\Python\Python314\site-packages\playwright\_impl\_sync_base.py", line 115, in _sync
    return task.result()
           ~~~~~~~~~~~^^
  File "C:\Users\Mouad\AppData\Roaming\Python\Python314\site-packages\playwright\_impl\_network.py", line 518, in continue_
    return await self._handle_route(_inner)
           ^^^^^^^^^^^^^^^^^^^^^^^^^^^^^^^^
  File "C:\Users\Mouad\AppData\Roaming\Python\Python314\site-packages\playwright\_impl\_network.py", line 464, in _handle_route
    await callback()
  File "C:\Users\Mouad\AppData\Roaming\Python\Python314\site-packages\playwright\_impl\_network.py", line 516, in _inner
    await self._inner_continue(False)
  File "C:\Users\Mouad\AppData\Roaming\Python\Python314\site-packages\playwright\_impl\_network.py", line 522, in _inner_continue
    await self._race_with_page_close(
    ...<17 lines>...
    )
  File "C:\Users\Mouad\AppData\Roaming\Python\Python314\site-packages\playwright\_impl\_network.py", line 558, in _race_with_page_close
    await asyncio.wait(
    ...<2 lines>...
    )
  File "C:\Program Files\Python314\Lib\asyncio\tasks.py", line 432, in wait
    return await _wait(fs, timeout, return_when, loop)
           ^^^^^^^^^^^^^^^^^^^^^^^^^^^^^^^^^^^^^^^^^^^
  File "C:\Program Files\Python314\Lib\asyncio\tasks.py", line 521, in _wait
    await waiter
asyncio.exceptions.CancelledError
2026-06-12 02:30:21,793 - ERROR - Future exception was never retrieved
future: <Future finished exception=TargetClosedError('Target page, context or browser has been closed')>
playwright._impl._errors.TargetClosedError: Target page, context or browser has been closed
2026-06-12 02:30:21,793 - ERROR - Future exception was never retrieved
future: <Future finished exception=TargetClosedError('Target page, context or browser has been closed')>
playwright._impl._errors.TargetClosedError: Target page, context or browser has been closed
2026-06-12 02:30:21,793 - ERROR - Future exception was never retrieved
future: <Future finished exception=TargetClosedError('Target page, context or browser has been closed')>
playwright._impl._errors.TargetClosedError: Target page, context or browser has been closed
2026-06-12 02:30:21,794 - ERROR - Future exception was never retrieved
future: <Future finished exception=TargetClosedError('Target page, context or browser has been closed')>
playwright._impl._errors.TargetClosedError: Target page, context or browser has been closed
2026-06-12 02:30:21,905 - ERROR - Exception in callback Connection.dispatch.<locals>._done_callback() at C:\Users\Mouad\AppData\Roaming\Python\Python314\site-packages\playwright\_impl\_connection.py:466
handle: <Handle Connection.dispatch.<locals>._done_callback() at C:\Users\Mouad\AppData\Roaming\Python\Python314\site-packages\playwright\_impl\_connection.py:466>
Traceback (most recent call last):
  File "C:\Users\Mouad\AppData\Roaming\Python\Python314\site-packages\playwright\_impl\_connection.py", line 481, in dispatch
    g.switch(self._replace_guids_with_channels(params))
    ~~~~~~~~^^^^^^^^^^^^^^^^^^^^^^^^^^^^^^^^^^^^^^^^^^^
  File "C:\Users\Mouad\AppData\Roaming\Python\Python314\site-packages\playwright\_impl\_connection.py", line 472, in _listener_with_error_handler_attached
    potential_future = listener(params)
  File "C:\Users\Mouad\AppData\Roaming\Python\Python314\site-packages\playwright\_impl\_browser_context.py", line 167, in <lambda>
    lambda event: self._on_console_message(event),
                  ~~~~~~~~~~~~~~~~~~~~~~~~^^^^^^^
  File "C:\Users\Mouad\AppData\Roaming\Python\Python314\site-packages\playwright\_impl\_browser_context.py", line 672, in _on_console_message
    page.emit(Page.Events.Console, message)
    ~~~~~~~~~^^^^^^^^^^^^^^^^^^^^^^^^^^^^^^
  File "C:\Users\Mouad\AppData\Roaming\Python\Python314\site-packages\pyee\asyncio.py", line 70, in emit
    return super().emit(event, *args, **kwargs)
           ~~~~~~~~~~~~^^^^^^^^^^^^^^^^^^^^^^^^
  File "C:\Users\Mouad\AppData\Roaming\Python\Python314\site-packages\pyee\base.py", line 220, in emit
    handled = self._call_handlers(event, args, kwargs)
  File "C:\Users\Mouad\AppData\Roaming\Python\Python314\site-packages\pyee\base.py", line 196, in _call_handlers
    self._emit_run(f, args, kwargs)
    ~~~~~~~~~~~~~~^^^^^^^^^^^^^^^^^
  File "C:\Users\Mouad\AppData\Roaming\Python\Python314\site-packages\pyee\asyncio.py", line 81, in _emit_run
    self.emit("error", exc)
    ~~~~~~~~~^^^^^^^^^^^^^^
  File "C:\Users\Mouad\AppData\Roaming\Python\Python314\site-packages\pyee\asyncio.py", line 70, in emit
    return super().emit(event, *args, **kwargs)
           ~~~~~~~~~~~~^^^^^^^^^^^^^^^^^^^^^^^^
  File "C:\Users\Mouad\AppData\Roaming\Python\Python314\site-packages\pyee\base.py", line 223, in emit
    self._emit_handle_potential_error(event, args[0] if args else None)
    ~~~~~~~~~~~~~~~~~~~~~~~~~~~~~~~~~^^^^^^^^^^^^^^^^^^^^^^^^^^^^^^^^^^
  File "C:\Users\Mouad\AppData\Roaming\Python\Python314\site-packages\pyee\base.py", line 181, in _emit_handle_potential_error
    raise error
  File "C:\Users\Mouad\AppData\Roaming\Python\Python314\site-packages\pyee\asyncio.py", line 79, in _emit_run
    coro: Any = f(*args, **kwargs)
                ~^^^^^^^^^^^^^^^^^
  File "C:\Users\Mouad\AppData\Roaming\Python\Python314\site-packages\playwright\_impl\_impl_to_api_mapping.py", line 123, in wrapper_func
    return handler(
        *list(map(lambda a: self.from_maybe_impl(a), args))[:arg_count]
    )
  File "C:\Users\Mouad\Desktop\video_player\main.py", line 38046, in handle_console
    sys.stdout.flush()
    ~~~~~~~~~~~~~~~~^^
OSError: [Errno 22] Invalid argument

During handling of the above exception, another exception occurred:

Traceback (most recent call last):
  File "C:\Users\Mouad\Desktop\video_player\main.py", line 38070, in run_pw
    browser.close()
    ~~~~~~~~~~~~~^^
  File "C:\Users\Mouad\AppData\Roaming\Python\Python314\site-packages\playwright\sync_api\_generated.py", line 15992, in close
    return mapping.from_maybe_impl(self._sync(self._impl_obj.close(reason=reason)))
                                   ~~~~~~~~~~^^^^^^^^^^^^^^^^^^^^^^^^^^^^^^^^^^^^^
  File "C:\Users\Mouad\AppData\Roaming\Python\Python314\site-packages\playwright\_impl\_sync_base.py", line 113, in _sync
    self._dispatcher_fiber.switch()
    ~~~~~~~~~~~~~~~~~~~~~~~~~~~~~^^
  File "C:\Users\Mouad\AppData\Roaming\Python\Python314\site-packages\playwright\sync_api\_context_manager.py", line 56, in greenlet_main
    self._loop.run_until_complete(self._connection.run_as_sync())
    ~~~~~~~~~~~~~~~~~~~~~~~~~~~~~^^^^^^^^^^^^^^^^^^^^^^^^^^^^^^^^
  File "C:\Program Files\Python314\Lib\asyncio\base_events.py", line 719, in run_until_complete
    return future.result()
           ~~~~~~~~~~~~~^^
  File "C:\Users\Mouad\AppData\Roaming\Python\Python314\site-packages\playwright\_impl\_connection.py", line 303, in run_as_sync
    await self.run()
  File "C:\Users\Mouad\AppData\Roaming\Python\Python314\site-packages\playwright\_impl\_connection.py", line 314, in run
    await self._transport.run()
  File "C:\Users\Mouad\AppData\Roaming\Python\Python314\site-packages\playwright\_impl\_transport.py", line 162, in run
    self.on_message(obj)
    ~~~~~~~~~~~~~~~^^^^^
  File "C:\Users\Mouad\AppData\Roaming\Python\Python314\site-packages\playwright\_impl\_connection.py", line 273, in <lambda>
    self._transport.on_message = lambda msg: self.dispatch(msg)
                                             ~~~~~~~~~~~~~^^^^^
  File "C:\Users\Mouad\AppData\Roaming\Python\Python314\site-packages\playwright\_impl\_connection.py", line 492, in dispatch
    self._on_event_listener_error(exc)
    ~~~~~~~~~~~~~~~~~~~~~~~~~~~~~^^^^^
  File "C:\Users\Mouad\AppData\Roaming\Python\Python314\site-packages\playwright\_impl\_connection.py", line 495, in _on_event_listener_error
    print("Error occurred in event listener", file=sys.stderr)
    ~~~~~^^^^^^^^^^^^^^^^^^^^^^^^^^^^^^^^^^^^^^^^^^^^^^^^^^^^^
OSError: [Errno 22] Invalid argument

During handling of the above exception, another exception occurred:

Traceback (most recent call last):
  File "C:\Program Files\Python314\Lib\asyncio\events.py", line 94, in _run
    self._context.run(self._callback, *self._args)
    ~~~~~~~~~~~~~~~~~^^^^^^^^^^^^^^^^^^^^^^^^^^^^^
  File "C:\Users\Mouad\AppData\Roaming\Python\Python314\site-packages\playwright\_impl\_connection.py", line 467, in _done_callback
    exc = future.exception()
  File "C:\Users\Mouad\AppData\Roaming\Python\Python314\site-packages\playwright\_impl\_page.py", line 305, in _on_route
    handled = await route_handler.handle(route)
              ^^^^^^^^^^^^^^^^^^^^^^^^^^^^^^^^^
  File "C:\Users\Mouad\AppData\Roaming\Python\Python314\site-packages\playwright\_impl\_helper.py", line 428, in handle
    return await self._handle_internal(route)
           ^^^^^^^^^^^^^^^^^^^^^^^^^^^^^^^^^^
  File "C:\Users\Mouad\AppData\Roaming\Python\Python314\site-packages\playwright\_impl\_helper.py", line 464, in _handle_internal
    await handler_finished_future
asyncio.exceptions.CancelledError
2026-06-12 02:30:21,915 - ERROR - Exception in callback SyncBase._sync.<locals>.<lambda>() at C:\Users\Mouad\AppData\Roaming\Python\Python314\site-packages\playwright\_impl\_sync_base.py:111
handle: <Handle SyncBase._sync.<locals>.<lambda>() at C:\Users\Mouad\AppData\Roaming\Python\Python314\site-packages\playwright\_impl\_sync_base.py:111>
Traceback (most recent call last):
  File "C:\Users\Mouad\AppData\Roaming\Python\Python314\site-packages\playwright\_impl\_connection.py", line 481, in dispatch
    g.switch(self._replace_guids_with_channels(params))
    ~~~~~~~~^^^^^^^^^^^^^^^^^^^^^^^^^^^^^^^^^^^^^^^^^^^
  File "C:\Users\Mouad\AppData\Roaming\Python\Python314\site-packages\playwright\_impl\_connection.py", line 472, in _listener_with_error_handler_attached
    potential_future = listener(params)
  File "C:\Users\Mouad\AppData\Roaming\Python\Python314\site-packages\playwright\_impl\_browser_context.py", line 167, in <lambda>
    lambda event: self._on_console_message(event),
                  ~~~~~~~~~~~~~~~~~~~~~~~~^^^^^^^
  File "C:\Users\Mouad\AppData\Roaming\Python\Python314\site-packages\playwright\_impl\_browser_context.py", line 672, in _on_console_message
    page.emit(Page.Events.Console, message)
    ~~~~~~~~~^^^^^^^^^^^^^^^^^^^^^^^^^^^^^^
  File "C:\Users\Mouad\AppData\Roaming\Python\Python314\site-packages\pyee\asyncio.py", line 70, in emit
    return super().emit(event, *args, **kwargs)
           ~~~~~~~~~~~~^^^^^^^^^^^^^^^^^^^^^^^^
  File "C:\Users\Mouad\AppData\Roaming\Python\Python314\site-packages\pyee\base.py", line 220, in emit
    handled = self._call_handlers(event, args, kwargs)
  File "C:\Users\Mouad\AppData\Roaming\Python\Python314\site-packages\pyee\base.py", line 196, in _call_handlers
    self._emit_run(f, args, kwargs)
    ~~~~~~~~~~~~~~^^^^^^^^^^^^^^^^^
  File "C:\Users\Mouad\AppData\Roaming\Python\Python314\site-packages\pyee\asyncio.py", line 81, in _emit_run
    self.emit("error", exc)
    ~~~~~~~~~^^^^^^^^^^^^^^
  File "C:\Users\Mouad\AppData\Roaming\Python\Python314\site-packages\pyee\asyncio.py", line 70, in emit
    return super().emit(event, *args, **kwargs)
           ~~~~~~~~~~~~^^^^^^^^^^^^^^^^^^^^^^^^
  File "C:\Users\Mouad\AppData\Roaming\Python\Python314\site-packages\pyee\base.py", line 223, in emit
    self._emit_handle_potential_error(event, args[0] if args else None)
    ~~~~~~~~~~~~~~~~~~~~~~~~~~~~~~~~~^^^^^^^^^^^^^^^^^^^^^^^^^^^^^^^^^^
  File "C:\Users\Mouad\AppData\Roaming\Python\Python314\site-packages\pyee\base.py", line 181, in _emit_handle_potential_error
    raise error
  File "C:\Users\Mouad\AppData\Roaming\Python\Python314\site-packages\pyee\asyncio.py", line 79, in _emit_run
    coro: Any = f(*args, **kwargs)
                ~^^^^^^^^^^^^^^^^^
  File "C:\Users\Mouad\AppData\Roaming\Python\Python314\site-packages\playwright\_impl\_impl_to_api_mapping.py", line 123, in wrapper_func
    return handler(
        *list(map(lambda a: self.from_maybe_impl(a), args))[:arg_count]
    )
  File "C:\Users\Mouad\Desktop\video_player\main.py", line 38046, in handle_console
    sys.stdout.flush()
    ~~~~~~~~~~~~~~~~^^
OSError: [Errno 22] Invalid argument

During handling of the above exception, another exception occurred:

Traceback (most recent call last):
  File "C:\Users\Mouad\Desktop\video_player\main.py", line 38070, in run_pw
    browser.close()
    ~~~~~~~~~~~~~^^
  File "C:\Users\Mouad\AppData\Roaming\Python\Python314\site-packages\playwright\sync_api\_generated.py", line 15992, in close
    return mapping.from_maybe_impl(self._sync(self._impl_obj.close(reason=reason)))
                                   ~~~~~~~~~~^^^^^^^^^^^^^^^^^^^^^^^^^^^^^^^^^^^^^
  File "C:\Users\Mouad\AppData\Roaming\Python\Python314\site-packages\playwright\_impl\_sync_base.py", line 113, in _sync
    self._dispatcher_fiber.switch()
    ~~~~~~~~~~~~~~~~~~~~~~~~~~~~~^^
  File "C:\Users\Mouad\AppData\Roaming\Python\Python314\site-packages\playwright\sync_api\_context_manager.py", line 56, in greenlet_main
    self._loop.run_until_complete(self._connection.run_as_sync())
    ~~~~~~~~~~~~~~~~~~~~~~~~~~~~~^^^^^^^^^^^^^^^^^^^^^^^^^^^^^^^^
  File "C:\Program Files\Python314\Lib\asyncio\base_events.py", line 719, in run_until_complete
    return future.result()
           ~~~~~~~~~~~~~^^
  File "C:\Users\Mouad\AppData\Roaming\Python\Python314\site-packages\playwright\_impl\_connection.py", line 303, in run_as_sync
    await self.run()
  File "C:\Users\Mouad\AppData\Roaming\Python\Python314\site-packages\playwright\_impl\_connection.py", line 314, in run
    await self._transport.run()
  File "C:\Users\Mouad\AppData\Roaming\Python\Python314\site-packages\playwright\_impl\_transport.py", line 162, in run
    self.on_message(obj)
    ~~~~~~~~~~~~~~~^^^^^
  File "C:\Users\Mouad\AppData\Roaming\Python\Python314\site-packages\playwright\_impl\_connection.py", line 273, in <lambda>
    self._transport.on_message = lambda msg: self.dispatch(msg)
                                             ~~~~~~~~~~~~~^^^^^
  File "C:\Users\Mouad\AppData\Roaming\Python\Python314\site-packages\playwright\_impl\_connection.py", line 492, in dispatch
    self._on_event_listener_error(exc)
    ~~~~~~~~~~~~~~~~~~~~~~~~~~~~~^^^^^
  File "C:\Users\Mouad\AppData\Roaming\Python\Python314\site-packages\playwright\_impl\_connection.py", line 495, in _on_event_listener_error
    print("Error occurred in event listener", file=sys.stderr)
    ~~~~~^^^^^^^^^^^^^^^^^^^^^^^^^^^^^^^^^^^^^^^^^^^^^^^^^^^^^
OSError: [Errno 22] Invalid argument

During handling of the above exception, another exception occurred:

Traceback (most recent call last):
  File "C:\Program Files\Python314\Lib\asyncio\events.py", line 94, in _run
    self._context.run(self._callback, *self._args)
    ~~~~~~~~~~~~~~~~~^^^^^^^^^^^^^^^^^^^^^^^^^^^^^
  File "C:\Users\Mouad\AppData\Roaming\Python\Python314\site-packages\playwright\_impl\_sync_base.py", line 111, in <lambda>
    task.add_done_callback(lambda _: g_self.switch())
                                     ~~~~~~~~~~~~~^^
  File "C:\Users\Mouad\AppData\Roaming\Python\Python314\site-packages\playwright\_impl\_helper.py", line 455, in _handler
    self.handler(route, route.request)  # type: ignore
    ~~~~~~~~~~~~^^^^^^^^^^^^^^^^^^^^^^
  File "C:\Users\Mouad\AppData\Roaming\Python\Python314\site-packages\playwright\_impl\_impl_to_api_mapping.py", line 123, in wrapper_func
    return handler(
        *list(map(lambda a: self.from_maybe_impl(a), args))[:arg_count]
    )
  File "C:\Users\Mouad\Desktop\video_player\main.py", line 38054, in handle_request
    route.continue_()
    ~~~~~~~~~~~~~~~^^
  File "C:\Users\Mouad\AppData\Roaming\Python\Python314\site-packages\playwright\sync_api\_generated.py", line 1021, in continue_
    self._sync(
    ~~~~~~~~~~^
        self._impl_obj.continue_(
        ^^^^^^^^^^^^^^^^^^^^^^^^^
    ...<4 lines>...
        )
        ^
    )
    ^
  File "C:\Users\Mouad\AppData\Roaming\Python\Python314\site-packages\playwright\_impl\_sync_base.py", line 115, in _sync
    return task.result()
           ~~~~~~~~~~~^^
  File "C:\Users\Mouad\AppData\Roaming\Python\Python314\site-packages\playwright\_impl\_network.py", line 518, in continue_
    return await self._handle_route(_inner)
           ^^^^^^^^^^^^^^^^^^^^^^^^^^^^^^^^
  File "C:\Users\Mouad\AppData\Roaming\Python\Python314\site-packages\playwright\_impl\_network.py", line 464, in _handle_route
    await callback()
  File "C:\Users\Mouad\AppData\Roaming\Python\Python314\site-packages\playwright\_impl\_network.py", line 516, in _inner
    await self._inner_continue(False)
  File "C:\Users\Mouad\AppData\Roaming\Python\Python314\site-packages\playwright\_impl\_network.py", line 522, in _inner_continue
    await self._race_with_page_close(
    ...<17 lines>...
    )
  File "C:\Users\Mouad\AppData\Roaming\Python\Python314\site-packages\playwright\_impl\_network.py", line 558, in _race_with_page_close
    await asyncio.wait(
    ...<2 lines>...
    )
  File "C:\Program Files\Python314\Lib\asyncio\tasks.py", line 432, in wait
    return await _wait(fs, timeout, return_when, loop)
           ^^^^^^^^^^^^^^^^^^^^^^^^^^^^^^^^^^^^^^^^^^^
  File "C:\Program Files\Python314\Lib\asyncio\tasks.py", line 521, in _wait
    await waiter
asyncio.exceptions.CancelledError
2026-06-12 02:30:21,924 - ERROR - Exception in callback SyncBase._sync.<locals>.<lambda>() at C:\Users\Mouad\AppData\Roaming\Python\Python314\site-packages\playwright\_impl\_sync_base.py:111
handle: <Handle SyncBase._sync.<locals>.<lambda>() at C:\Users\Mouad\AppData\Roaming\Python\Python314\site-packages\playwright\_impl\_sync_base.py:111>
Traceback (most recent call last):
  File "C:\Users\Mouad\AppData\Roaming\Python\Python314\site-packages\playwright\_impl\_connection.py", line 481, in dispatch
    g.switch(self._replace_guids_with_channels(params))
    ~~~~~~~~^^^^^^^^^^^^^^^^^^^^^^^^^^^^^^^^^^^^^^^^^^^
  File "C:\Users\Mouad\AppData\Roaming\Python\Python314\site-packages\playwright\_impl\_connection.py", line 472, in _listener_with_error_handler_attached
    potential_future = listener(params)
  File "C:\Users\Mouad\AppData\Roaming\Python\Python314\site-packages\playwright\_impl\_browser_context.py", line 167, in <lambda>
    lambda event: self._on_console_message(event),
                  ~~~~~~~~~~~~~~~~~~~~~~~~^^^^^^^
  File "C:\Users\Mouad\AppData\Roaming\Python\Python314\site-packages\playwright\_impl\_browser_context.py", line 672, in _on_console_message
    page.emit(Page.Events.Console, message)
    ~~~~~~~~~^^^^^^^^^^^^^^^^^^^^^^^^^^^^^^
  File "C:\Users\Mouad\AppData\Roaming\Python\Python314\site-packages\pyee\asyncio.py", line 70, in emit
    return super().emit(event, *args, **kwargs)
           ~~~~~~~~~~~~^^^^^^^^^^^^^^^^^^^^^^^^
  File "C:\Users\Mouad\AppData\Roaming\Python\Python314\site-packages\pyee\base.py", line 220, in emit
    handled = self._call_handlers(event, args, kwargs)
  File "C:\Users\Mouad\AppData\Roaming\Python\Python314\site-packages\pyee\base.py", line 196, in _call_handlers
    self._emit_run(f, args, kwargs)
    ~~~~~~~~~~~~~~^^^^^^^^^^^^^^^^^
  File "C:\Users\Mouad\AppData\Roaming\Python\Python314\site-packages\pyee\asyncio.py", line 81, in _emit_run
    self.emit("error", exc)
    ~~~~~~~~~^^^^^^^^^^^^^^
  File "C:\Users\Mouad\AppData\Roaming\Python\Python314\site-packages\pyee\asyncio.py", line 70, in emit
    return super().emit(event, *args, **kwargs)
           ~~~~~~~~~~~~^^^^^^^^^^^^^^^^^^^^^^^^
  File "C:\Users\Mouad\AppData\Roaming\Python\Python314\site-packages\pyee\base.py", line 223, in emit
    self._emit_handle_potential_error(event, args[0] if args else None)
    ~~~~~~~~~~~~~~~~~~~~~~~~~~~~~~~~~^^^^^^^^^^^^^^^^^^^^^^^^^^^^^^^^^^
  File "C:\Users\Mouad\AppData\Roaming\Python\Python314\site-packages\pyee\base.py", line 181, in _emit_handle_potential_error
    raise error
  File "C:\Users\Mouad\AppData\Roaming\Python\Python314\site-packages\pyee\asyncio.py", line 79, in _emit_run
    coro: Any = f(*args, **kwargs)
                ~^^^^^^^^^^^^^^^^^
  File "C:\Users\Mouad\AppData\Roaming\Python\Python314\site-packages\playwright\_impl\_impl_to_api_mapping.py", line 123, in wrapper_func
    return handler(
        *list(map(lambda a: self.from_maybe_impl(a), args))[:arg_count]
    )
  File "C:\Users\Mouad\Desktop\video_player\main.py", line 38046, in handle_console
    sys.stdout.flush()
    ~~~~~~~~~~~~~~~~^^
OSError: [Errno 22] Invalid argument

During handling of the above exception, another exception occurred:

Traceback (most recent call last):
  File "C:\Users\Mouad\Desktop\video_player\main.py", line 38070, in run_pw
    browser.close()
    ~~~~~~~~~~~~~^^
  File "C:\Users\Mouad\AppData\Roaming\Python\Python314\site-packages\playwright\sync_api\_generated.py", line 15992, in close
    return mapping.from_maybe_impl(self._sync(self._impl_obj.close(reason=reason)))
                                   ~~~~~~~~~~^^^^^^^^^^^^^^^^^^^^^^^^^^^^^^^^^^^^^
  File "C:\Users\Mouad\AppData\Roaming\Python\Python314\site-packages\playwright\_impl\_sync_base.py", line 113, in _sync
    self._dispatcher_fiber.switch()
    ~~~~~~~~~~~~~~~~~~~~~~~~~~~~~^^
  File "C:\Users\Mouad\AppData\Roaming\Python\Python314\site-packages\playwright\sync_api\_context_manager.py", line 56, in greenlet_main
    self._loop.run_until_complete(self._connection.run_as_sync())
    ~~~~~~~~~~~~~~~~~~~~~~~~~~~~~^^^^^^^^^^^^^^^^^^^^^^^^^^^^^^^^
  File "C:\Program Files\Python314\Lib\asyncio\base_events.py", line 719, in run_until_complete
    return future.result()
           ~~~~~~~~~~~~~^^
  File "C:\Users\Mouad\AppData\Roaming\Python\Python314\site-packages\playwright\_impl\_connection.py", line 303, in run_as_sync
    await self.run()
  File "C:\Users\Mouad\AppData\Roaming\Python\Python314\site-packages\playwright\_impl\_connection.py", line 314, in run
    await self._transport.run()
  File "C:\Users\Mouad\AppData\Roaming\Python\Python314\site-packages\playwright\_impl\_transport.py", line 162, in run
    self.on_message(obj)
    ~~~~~~~~~~~~~~~^^^^^
  File "C:\Users\Mouad\AppData\Roaming\Python\Python314\site-packages\playwright\_impl\_connection.py", line 273, in <lambda>
    self._transport.on_message = lambda msg: self.dispatch(msg)
                                             ~~~~~~~~~~~~~^^^^^
  File "C:\Users\Mouad\AppData\Roaming\Python\Python314\site-packages\playwright\_impl\_connection.py", line 492, in dispatch
    self._on_event_listener_error(exc)
    ~~~~~~~~~~~~~~~~~~~~~~~~~~~~~^^^^^
  File "C:\Users\Mouad\AppData\Roaming\Python\Python314\site-packages\playwright\_impl\_connection.py", line 495, in _on_event_listener_error
    print("Error occurred in event listener", file=sys.stderr)
    ~~~~~^^^^^^^^^^^^^^^^^^^^^^^^^^^^^^^^^^^^^^^^^^^^^^^^^^^^^
OSError: [Errno 22] Invalid argument

During handling of the above exception, another exception occurred:

Traceback (most recent call last):
  File "C:\Program Files\Python314\Lib\asyncio\events.py", line 94, in _run
    self._context.run(self._callback, *self._args)
    ~~~~~~~~~~~~~~~~~^^^^^^^^^^^^^^^^^^^^^^^^^^^^^
  File "C:\Users\Mouad\AppData\Roaming\Python\Python314\site-packages\playwright\_impl\_sync_base.py", line 111, in <lambda>
    task.add_done_callback(lambda _: g_self.switch())
                                     ~~~~~~~~~~~~~^^
  File "C:\Users\Mouad\AppData\Roaming\Python\Python314\site-packages\playwright\_impl\_helper.py", line 455, in _handler
    self.handler(route, route.request)  # type: ignore
    ~~~~~~~~~~~~^^^^^^^^^^^^^^^^^^^^^^
  File "C:\Users\Mouad\AppData\Roaming\Python\Python314\site-packages\playwright\_impl\_impl_to_api_mapping.py", line 123, in wrapper_func
    return handler(
        *list(map(lambda a: self.from_maybe_impl(a), args))[:arg_count]
    )
  File "C:\Users\Mouad\Desktop\video_player\main.py", line 38054, in handle_request
    route.continue_()
    ~~~~~~~~~~~~~~~^^
  File "C:\Users\Mouad\AppData\Roaming\Python\Python314\site-packages\playwright\sync_api\_generated.py", line 1021, in continue_
    self._sync(
    ~~~~~~~~~~^
        self._impl_obj.continue_(
        ^^^^^^^^^^^^^^^^^^^^^^^^^
    ...<4 lines>...
        )
        ^
    )
    ^
  File "C:\Users\Mouad\AppData\Roaming\Python\Python314\site-packages\playwright\_impl\_sync_base.py", line 115, in _sync
    return task.result()
           ~~~~~~~~~~~^^
  File "C:\Users\Mouad\AppData\Roaming\Python\Python314\site-packages\playwright\_impl\_network.py", line 518, in continue_
    return await self._handle_route(_inner)
           ^^^^^^^^^^^^^^^^^^^^^^^^^^^^^^^^
  File "C:\Users\Mouad\AppData\Roaming\Python\Python314\site-packages\playwright\_impl\_network.py", line 464, in _handle_route
    await callback()
  File "C:\Users\Mouad\AppData\Roaming\Python\Python314\site-packages\playwright\_impl\_network.py", line 516, in _inner
    await self._inner_continue(False)
  File "C:\Users\Mouad\AppData\Roaming\Python\Python314\site-packages\playwright\_impl\_network.py", line 522, in _inner_continue
    await self._race_with_page_close(
    ...<17 lines>...
    )
  File "C:\Users\Mouad\AppData\Roaming\Python\Python314\site-packages\playwright\_impl\_network.py", line 558, in _race_with_page_close
    await asyncio.wait(
    ...<2 lines>...
    )
  File "C:\Program Files\Python314\Lib\asyncio\tasks.py", line 432, in wait
    return await _wait(fs, timeout, return_when, loop)
           ^^^^^^^^^^^^^^^^^^^^^^^^^^^^^^^^^^^^^^^^^^^
  File "C:\Program Files\Python314\Lib\asyncio\tasks.py", line 521, in _wait
    await waiter
asyncio.exceptions.CancelledError
2026-06-12 02:30:21,943 - ERROR - Exception in callback SyncBase._sync.<locals>.<lambda>() at C:\Users\Mouad\AppData\Roaming\Python\Python314\site-packages\playwright\_impl\_sync_base.py:111
handle: <Handle SyncBase._sync.<locals>.<lambda>() at C:\Users\Mouad\AppData\Roaming\Python\Python314\site-packages\playwright\_impl\_sync_base.py:111>
Traceback (most recent call last):
  File "C:\Users\Mouad\AppData\Roaming\Python\Python314\site-packages\playwright\_impl\_connection.py", line 481, in dispatch
    g.switch(self._replace_guids_with_channels(params))
    ~~~~~~~~^^^^^^^^^^^^^^^^^^^^^^^^^^^^^^^^^^^^^^^^^^^
  File "C:\Users\Mouad\AppData\Roaming\Python\Python314\site-packages\playwright\_impl\_connection.py", line 472, in _listener_with_error_handler_attached
    potential_future = listener(params)
  File "C:\Users\Mouad\AppData\Roaming\Python\Python314\site-packages\playwright\_impl\_browser_context.py", line 167, in <lambda>
    lambda event: self._on_console_message(event),
                  ~~~~~~~~~~~~~~~~~~~~~~~~^^^^^^^
  File "C:\Users\Mouad\AppData\Roaming\Python\Python314\site-packages\playwright\_impl\_browser_context.py", line 672, in _on_console_message
    page.emit(Page.Events.Console, message)
    ~~~~~~~~~^^^^^^^^^^^^^^^^^^^^^^^^^^^^^^
  File "C:\Users\Mouad\AppData\Roaming\Python\Python314\site-packages\pyee\asyncio.py", line 70, in emit
    return super().emit(event, *args, **kwargs)
           ~~~~~~~~~~~~^^^^^^^^^^^^^^^^^^^^^^^^
  File "C:\Users\Mouad\AppData\Roaming\Python\Python314\site-packages\pyee\base.py", line 220, in emit
    handled = self._call_handlers(event, args, kwargs)
  File "C:\Users\Mouad\AppData\Roaming\Python\Python314\site-packages\pyee\base.py", line 196, in _call_handlers
    self._emit_run(f, args, kwargs)
    ~~~~~~~~~~~~~~^^^^^^^^^^^^^^^^^
  File "C:\Users\Mouad\AppData\Roaming\Python\Python314\site-packages\pyee\asyncio.py", line 81, in _emit_run
    self.emit("error", exc)
    ~~~~~~~~~^^^^^^^^^^^^^^
  File "C:\Users\Mouad\AppData\Roaming\Python\Python314\site-packages\pyee\asyncio.py", line 70, in emit
    return super().emit(event, *args, **kwargs)
           ~~~~~~~~~~~~^^^^^^^^^^^^^^^^^^^^^^^^
  File "C:\Users\Mouad\AppData\Roaming\Python\Python314\site-packages\pyee\base.py", line 223, in emit
    self._emit_handle_potential_error(event, args[0] if args else None)
    ~~~~~~~~~~~~~~~~~~~~~~~~~~~~~~~~~^^^^^^^^^^^^^^^^^^^^^^^^^^^^^^^^^^
  File "C:\Users\Mouad\AppData\Roaming\Python\Python314\site-packages\pyee\base.py", line 181, in _emit_handle_potential_error
    raise error
  File "C:\Users\Mouad\AppData\Roaming\Python\Python314\site-packages\pyee\asyncio.py", line 79, in _emit_run
    coro: Any = f(*args, **kwargs)
                ~^^^^^^^^^^^^^^^^^
  File "C:\Users\Mouad\AppData\Roaming\Python\Python314\site-packages\playwright\_impl\_impl_to_api_mapping.py", line 123, in wrapper_func
    return handler(
        *list(map(lambda a: self.from_maybe_impl(a), args))[:arg_count]
    )
  File "C:\Users\Mouad\Desktop\video_player\main.py", line 38046, in handle_console
    sys.stdout.flush()
    ~~~~~~~~~~~~~~~~^^
OSError: [Errno 22] Invalid argument

During handling of the above exception, another exception occurred:

Traceback (most recent call last):
  File "C:\Users\Mouad\Desktop\video_player\main.py", line 38070, in run_pw
    browser.close()
    ~~~~~~~~~~~~~^^
  File "C:\Users\Mouad\AppData\Roaming\Python\Python314\site-packages\playwright\sync_api\_generated.py", line 15992, in close
    return mapping.from_maybe_impl(self._sync(self._impl_obj.close(reason=reason)))
                                   ~~~~~~~~~~^^^^^^^^^^^^^^^^^^^^^^^^^^^^^^^^^^^^^
  File "C:\Users\Mouad\AppData\Roaming\Python\Python314\site-packages\playwright\_impl\_sync_base.py", line 113, in _sync
    self._dispatcher_fiber.switch()
    ~~~~~~~~~~~~~~~~~~~~~~~~~~~~~^^
  File "C:\Users\Mouad\AppData\Roaming\Python\Python314\site-packages\playwright\sync_api\_context_manager.py", line 56, in greenlet_main
    self._loop.run_until_complete(self._connection.run_as_sync())
    ~~~~~~~~~~~~~~~~~~~~~~~~~~~~~^^^^^^^^^^^^^^^^^^^^^^^^^^^^^^^^
  File "C:\Program Files\Python314\Lib\asyncio\base_events.py", line 719, in run_until_complete
    return future.result()
           ~~~~~~~~~~~~~^^
  File "C:\Users\Mouad\AppData\Roaming\Python\Python314\site-packages\playwright\_impl\_connection.py", line 303, in run_as_sync
    await self.run()
  File "C:\Users\Mouad\AppData\Roaming\Python\Python314\site-packages\playwright\_impl\_connection.py", line 314, in run
    await self._transport.run()
  File "C:\Users\Mouad\AppData\Roaming\Python\Python314\site-packages\playwright\_impl\_transport.py", line 162, in run
    self.on_message(obj)
    ~~~~~~~~~~~~~~~^^^^^
  File "C:\Users\Mouad\AppData\Roaming\Python\Python314\site-packages\playwright\_impl\_connection.py", line 273, in <lambda>
    self._transport.on_message = lambda msg: self.dispatch(msg)
                                             ~~~~~~~~~~~~~^^^^^
  File "C:\Users\Mouad\AppData\Roaming\Python\Python314\site-packages\playwright\_impl\_connection.py", line 492, in dispatch
    self._on_event_listener_error(exc)
    ~~~~~~~~~~~~~~~~~~~~~~~~~~~~~^^^^^
  File "C:\Users\Mouad\AppData\Roaming\Python\Python314\site-packages\playwright\_impl\_connection.py", line 495, in _on_event_listener_error
    print("Error occurred in event listener", file=sys.stderr)
    ~~~~~^^^^^^^^^^^^^^^^^^^^^^^^^^^^^^^^^^^^^^^^^^^^^^^^^^^^^
OSError: [Errno 22] Invalid argument

During handling of the above exception, another exception occurred:

Traceback (most recent call last):
  File "C:\Program Files\Python314\Lib\asyncio\events.py", line 94, in _run
    self._context.run(self._callback, *self._args)
    ~~~~~~~~~~~~~~~~~^^^^^^^^^^^^^^^^^^^^^^^^^^^^^
  File "C:\Users\Mouad\AppData\Roaming\Python\Python314\site-packages\playwright\_impl\_sync_base.py", line 111, in <lambda>
    task.add_done_callback(lambda _: g_self.switch())
                                     ~~~~~~~~~~~~~^^
  File "C:\Users\Mouad\AppData\Roaming\Python\Python314\site-packages\playwright\_impl\_helper.py", line 455, in _handler
    self.handler(route, route.request)  # type: ignore
    ~~~~~~~~~~~~^^^^^^^^^^^^^^^^^^^^^^
  File "C:\Users\Mouad\AppData\Roaming\Python\Python314\site-packages\playwright\_impl\_impl_to_api_mapping.py", line 123, in wrapper_func
    return handler(
        *list(map(lambda a: self.from_maybe_impl(a), args))[:arg_count]
    )
  File "C:\Users\Mouad\Desktop\video_player\main.py", line 38054, in handle_request
    route.continue_()
    ~~~~~~~~~~~~~~~^^
  File "C:\Users\Mouad\AppData\Roaming\Python\Python314\site-packages\playwright\sync_api\_generated.py", line 1021, in continue_
    self._sync(
    ~~~~~~~~~~^
        self._impl_obj.continue_(
        ^^^^^^^^^^^^^^^^^^^^^^^^^
    ...<4 lines>...
        )
        ^
    )
    ^
  File "C:\Users\Mouad\AppData\Roaming\Python\Python314\site-packages\playwright\_impl\_sync_base.py", line 115, in _sync
    return task.result()
           ~~~~~~~~~~~^^
  File "C:\Users\Mouad\AppData\Roaming\Python\Python314\site-packages\playwright\_impl\_network.py", line 518, in continue_
    return await self._handle_route(_inner)
           ^^^^^^^^^^^^^^^^^^^^^^^^^^^^^^^^
  File "C:\Users\Mouad\AppData\Roaming\Python\Python314\site-packages\playwright\_impl\_network.py", line 464, in _handle_route
    await callback()
  File "C:\Users\Mouad\AppData\Roaming\Python\Python314\site-packages\playwright\_impl\_network.py", line 516, in _inner
    await self._inner_continue(False)
  File "C:\Users\Mouad\AppData\Roaming\Python\Python314\site-packages\playwright\_impl\_network.py", line 522, in _inner_continue
    await self._race_with_page_close(
    ...<17 lines>...
    )
  File "C:\Users\Mouad\AppData\Roaming\Python\Python314\site-packages\playwright\_impl\_network.py", line 558, in _race_with_page_close
    await asyncio.wait(
    ...<2 lines>...
    )
  File "C:\Program Files\Python314\Lib\asyncio\tasks.py", line 432, in wait
    return await _wait(fs, timeout, return_when, loop)
           ^^^^^^^^^^^^^^^^^^^^^^^^^^^^^^^^^^^^^^^^^^^
  File "C:\Program Files\Python314\Lib\asyncio\tasks.py", line 521, in _wait
    await waiter
asyncio.exceptions.CancelledError
2026-06-12 02:30:21,953 - ERROR - Exception in callback Connection.dispatch.<locals>._done_callback() at C:\Users\Mouad\AppData\Roaming\Python\Python314\site-packages\playwright\_impl\_connection.py:466
handle: <Handle Connection.dispatch.<locals>._done_callback() at C:\Users\Mouad\AppData\Roaming\Python\Python314\site-packages\playwright\_impl\_connection.py:466>
Traceback (most recent call last):
  File "C:\Users\Mouad\AppData\Roaming\Python\Python314\site-packages\playwright\_impl\_connection.py", line 481, in dispatch
    g.switch(self._replace_guids_with_channels(params))
    ~~~~~~~~^^^^^^^^^^^^^^^^^^^^^^^^^^^^^^^^^^^^^^^^^^^
  File "C:\Users\Mouad\AppData\Roaming\Python\Python314\site-packages\playwright\_impl\_connection.py", line 472, in _listener_with_error_handler_attached
    potential_future = listener(params)
  File "C:\Users\Mouad\AppData\Roaming\Python\Python314\site-packages\playwright\_impl\_browser_context.py", line 167, in <lambda>
    lambda event: self._on_console_message(event),
                  ~~~~~~~~~~~~~~~~~~~~~~~~^^^^^^^
  File "C:\Users\Mouad\AppData\Roaming\Python\Python314\site-packages\playwright\_impl\_browser_context.py", line 672, in _on_console_message
    page.emit(Page.Events.Console, message)
    ~~~~~~~~~^^^^^^^^^^^^^^^^^^^^^^^^^^^^^^
  File "C:\Users\Mouad\AppData\Roaming\Python\Python314\site-packages\pyee\asyncio.py", line 70, in emit
    return super().emit(event, *args, **kwargs)
           ~~~~~~~~~~~~^^^^^^^^^^^^^^^^^^^^^^^^
  File "C:\Users\Mouad\AppData\Roaming\Python\Python314\site-packages\pyee\base.py", line 220, in emit
    handled = self._call_handlers(event, args, kwargs)
  File "C:\Users\Mouad\AppData\Roaming\Python\Python314\site-packages\pyee\base.py", line 196, in _call_handlers
    self._emit_run(f, args, kwargs)
    ~~~~~~~~~~~~~~^^^^^^^^^^^^^^^^^
  File "C:\Users\Mouad\AppData\Roaming\Python\Python314\site-packages\pyee\asyncio.py", line 81, in _emit_run
    self.emit("error", exc)
    ~~~~~~~~~^^^^^^^^^^^^^^
  File "C:\Users\Mouad\AppData\Roaming\Python\Python314\site-packages\pyee\asyncio.py", line 70, in emit
    return super().emit(event, *args, **kwargs)
           ~~~~~~~~~~~~^^^^^^^^^^^^^^^^^^^^^^^^
  File "C:\Users\Mouad\AppData\Roaming\Python\Python314\site-packages\pyee\base.py", line 223, in emit
    self._emit_handle_potential_error(event, args[0] if args else None)
    ~~~~~~~~~~~~~~~~~~~~~~~~~~~~~~~~~^^^^^^^^^^^^^^^^^^^^^^^^^^^^^^^^^^
  File "C:\Users\Mouad\AppData\Roaming\Python\Python314\site-packages\pyee\base.py", line 181, in _emit_handle_potential_error
    raise error
  File "C:\Users\Mouad\AppData\Roaming\Python\Python314\site-packages\pyee\asyncio.py", line 79, in _emit_run
    coro: Any = f(*args, **kwargs)
                ~^^^^^^^^^^^^^^^^^
  File "C:\Users\Mouad\AppData\Roaming\Python\Python314\site-packages\playwright\_impl\_impl_to_api_mapping.py", line 123, in wrapper_func
    return handler(
        *list(map(lambda a: self.from_maybe_impl(a), args))[:arg_count]
    )
  File "C:\Users\Mouad\Desktop\video_player\main.py", line 38046, in handle_console
    sys.stdout.flush()
    ~~~~~~~~~~~~~~~~^^
OSError: [Errno 22] Invalid argument

During handling of the above exception, another exception occurred:

Traceback (most recent call last):
  File "C:\Users\Mouad\Desktop\video_player\main.py", line 38070, in run_pw
    browser.close()
    ~~~~~~~~~~~~~^^
  File "C:\Users\Mouad\AppData\Roaming\Python\Python314\site-packages\playwright\sync_api\_generated.py", line 15992, in close
    return mapping.from_maybe_impl(self._sync(self._impl_obj.close(reason=reason)))
                                   ~~~~~~~~~~^^^^^^^^^^^^^^^^^^^^^^^^^^^^^^^^^^^^^
  File "C:\Users\Mouad\AppData\Roaming\Python\Python314\site-packages\playwright\_impl\_sync_base.py", line 113, in _sync
    self._dispatcher_fiber.switch()
    ~~~~~~~~~~~~~~~~~~~~~~~~~~~~~^^
  File "C:\Users\Mouad\AppData\Roaming\Python\Python314\site-packages\playwright\sync_api\_context_manager.py", line 56, in greenlet_main
    self._loop.run_until_complete(self._connection.run_as_sync())
    ~~~~~~~~~~~~~~~~~~~~~~~~~~~~~^^^^^^^^^^^^^^^^^^^^^^^^^^^^^^^^
  File "C:\Program Files\Python314\Lib\asyncio\base_events.py", line 719, in run_until_complete
    return future.result()
           ~~~~~~~~~~~~~^^
  File "C:\Users\Mouad\AppData\Roaming\Python\Python314\site-packages\playwright\_impl\_connection.py", line 303, in run_as_sync
    await self.run()
  File "C:\Users\Mouad\AppData\Roaming\Python\Python314\site-packages\playwright\_impl\_connection.py", line 314, in run
    await self._transport.run()
  File "C:\Users\Mouad\AppData\Roaming\Python\Python314\site-packages\playwright\_impl\_transport.py", line 162, in run
    self.on_message(obj)
    ~~~~~~~~~~~~~~~^^^^^
  File "C:\Users\Mouad\AppData\Roaming\Python\Python314\site-packages\playwright\_impl\_connection.py", line 273, in <lambda>
    self._transport.on_message = lambda msg: self.dispatch(msg)
                                             ~~~~~~~~~~~~~^^^^^
  File "C:\Users\Mouad\AppData\Roaming\Python\Python314\site-packages\playwright\_impl\_connection.py", line 492, in dispatch
    self._on_event_listener_error(exc)
    ~~~~~~~~~~~~~~~~~~~~~~~~~~~~~^^^^^
  File "C:\Users\Mouad\AppData\Roaming\Python\Python314\site-packages\playwright\_impl\_connection.py", line 495, in _on_event_listener_error
    print("Error occurred in event listener", file=sys.stderr)
    ~~~~~^^^^^^^^^^^^^^^^^^^^^^^^^^^^^^^^^^^^^^^^^^^^^^^^^^^^^
OSError: [Errno 22] Invalid argument

During handling of the above exception, another exception occurred:

Traceback (most recent call last):
  File "C:\Program Files\Python314\Lib\asyncio\events.py", line 94, in _run
    self._context.run(self._callback, *self._args)
    ~~~~~~~~~~~~~~~~~^^^^^^^^^^^^^^^^^^^^^^^^^^^^^
  File "C:\Users\Mouad\AppData\Roaming\Python\Python314\site-packages\playwright\_impl\_connection.py", line 467, in _done_callback
    exc = future.exception()
  File "C:\Users\Mouad\AppData\Roaming\Python\Python314\site-packages\playwright\_impl\_page.py", line 305, in _on_route
    handled = await route_handler.handle(route)
              ^^^^^^^^^^^^^^^^^^^^^^^^^^^^^^^^^
  File "C:\Users\Mouad\AppData\Roaming\Python\Python314\site-packages\playwright\_impl\_helper.py", line 428, in handle
    return await self._handle_internal(route)
           ^^^^^^^^^^^^^^^^^^^^^^^^^^^^^^^^^^
  File "C:\Users\Mouad\AppData\Roaming\Python\Python314\site-packages\playwright\_impl\_helper.py", line 464, in _handle_internal
    await handler_finished_future
asyncio.exceptions.CancelledError
2026-06-12 02:30:21,959 - ERROR - Exception in callback SyncBase._sync.<locals>.<lambda>() at C:\Users\Mouad\AppData\Roaming\Python\Python314\site-packages\playwright\_impl\_sync_base.py:111
handle: <Handle SyncBase._sync.<locals>.<lambda>() at C:\Users\Mouad\AppData\Roaming\Python\Python314\site-packages\playwright\_impl\_sync_base.py:111>
Traceback (most recent call last):
  File "C:\Users\Mouad\AppData\Roaming\Python\Python314\site-packages\playwright\_impl\_connection.py", line 481, in dispatch
    g.switch(self._replace_guids_with_channels(params))
    ~~~~~~~~^^^^^^^^^^^^^^^^^^^^^^^^^^^^^^^^^^^^^^^^^^^
  File "C:\Users\Mouad\AppData\Roaming\Python\Python314\site-packages\playwright\_impl\_connection.py", line 472, in _listener_with_error_handler_attached
    potential_future = listener(params)
  File "C:\Users\Mouad\AppData\Roaming\Python\Python314\site-packages\playwright\_impl\_browser_context.py", line 167, in <lambda>
    lambda event: self._on_console_message(event),
                  ~~~~~~~~~~~~~~~~~~~~~~~~^^^^^^^
  File "C:\Users\Mouad\AppData\Roaming\Python\Python314\site-packages\playwright\_impl\_browser_context.py", line 672, in _on_console_message
    page.emit(Page.Events.Console, message)
    ~~~~~~~~~^^^^^^^^^^^^^^^^^^^^^^^^^^^^^^
  File "C:\Users\Mouad\AppData\Roaming\Python\Python314\site-packages\pyee\asyncio.py", line 70, in emit
    return super().emit(event, *args, **kwargs)
           ~~~~~~~~~~~~^^^^^^^^^^^^^^^^^^^^^^^^
  File "C:\Users\Mouad\AppData\Roaming\Python\Python314\site-packages\pyee\base.py", line 220, in emit
    handled = self._call_handlers(event, args, kwargs)
  File "C:\Users\Mouad\AppData\Roaming\Python\Python314\site-packages\pyee\base.py", line 196, in _call_handlers
    self._emit_run(f, args, kwargs)
    ~~~~~~~~~~~~~~^^^^^^^^^^^^^^^^^
  File "C:\Users\Mouad\AppData\Roaming\Python\Python314\site-packages\pyee\asyncio.py", line 81, in _emit_run
    self.emit("error", exc)
    ~~~~~~~~~^^^^^^^^^^^^^^
  File "C:\Users\Mouad\AppData\Roaming\Python\Python314\site-packages\pyee\asyncio.py", line 70, in emit
    return super().emit(event, *args, **kwargs)
           ~~~~~~~~~~~~^^^^^^^^^^^^^^^^^^^^^^^^
  File "C:\Users\Mouad\AppData\Roaming\Python\Python314\site-packages\pyee\base.py", line 223, in emit
    self._emit_handle_potential_error(event, args[0] if args else None)
    ~~~~~~~~~~~~~~~~~~~~~~~~~~~~~~~~~^^^^^^^^^^^^^^^^^^^^^^^^^^^^^^^^^^
  File "C:\Users\Mouad\AppData\Roaming\Python\Python314\site-packages\pyee\base.py", line 181, in _emit_handle_potential_error
    raise error
  File "C:\Users\Mouad\AppData\Roaming\Python\Python314\site-packages\pyee\asyncio.py", line 79, in _emit_run
    coro: Any = f(*args, **kwargs)
                ~^^^^^^^^^^^^^^^^^
  File "C:\Users\Mouad\AppData\Roaming\Python\Python314\site-packages\playwright\_impl\_impl_to_api_mapping.py", line 123, in wrapper_func
    return handler(
        *list(map(lambda a: self.from_maybe_impl(a), args))[:arg_count]
    )
  File "C:\Users\Mouad\Desktop\video_player\main.py", line 38046, in handle_console
    sys.stdout.flush()
    ~~~~~~~~~~~~~~~~^^
OSError: [Errno 22] Invalid argument

During handling of the above exception, another exception occurred:

Traceback (most recent call last):
  File "C:\Users\Mouad\Desktop\video_player\main.py", line 38070, in run_pw
    browser.close()
    ~~~~~~~~~~~~~^^
  File "C:\Users\Mouad\AppData\Roaming\Python\Python314\site-packages\playwright\sync_api\_generated.py", line 15992, in close
    return mapping.from_maybe_impl(self._sync(self._impl_obj.close(reason=reason)))
                                   ~~~~~~~~~~^^^^^^^^^^^^^^^^^^^^^^^^^^^^^^^^^^^^^
  File "C:\Users\Mouad\AppData\Roaming\Python\Python314\site-packages\playwright\_impl\_sync_base.py", line 113, in _sync
    self._dispatcher_fiber.switch()
    ~~~~~~~~~~~~~~~~~~~~~~~~~~~~~^^
  File "C:\Users\Mouad\AppData\Roaming\Python\Python314\site-packages\playwright\sync_api\_context_manager.py", line 56, in greenlet_main
    self._loop.run_until_complete(self._connection.run_as_sync())
    ~~~~~~~~~~~~~~~~~~~~~~~~~~~~~^^^^^^^^^^^^^^^^^^^^^^^^^^^^^^^^
  File "C:\Program Files\Python314\Lib\asyncio\base_events.py", line 719, in run_until_complete
    return future.result()
           ~~~~~~~~~~~~~^^
  File "C:\Users\Mouad\AppData\Roaming\Python\Python314\site-packages\playwright\_impl\_connection.py", line 303, in run_as_sync
    await self.run()
  File "C:\Users\Mouad\AppData\Roaming\Python\Python314\site-packages\playwright\_impl\_connection.py", line 314, in run
    await self._transport.run()
  File "C:\Users\Mouad\AppData\Roaming\Python\Python314\site-packages\playwright\_impl\_transport.py", line 162, in run
    self.on_message(obj)
    ~~~~~~~~~~~~~~~^^^^^
  File "C:\Users\Mouad\AppData\Roaming\Python\Python314\site-packages\playwright\_impl\_connection.py", line 273, in <lambda>
    self._transport.on_message = lambda msg: self.dispatch(msg)
                                             ~~~~~~~~~~~~~^^^^^
  File "C:\Users\Mouad\AppData\Roaming\Python\Python314\site-packages\playwright\_impl\_connection.py", line 492, in dispatch
    self._on_event_listener_error(exc)
    ~~~~~~~~~~~~~~~~~~~~~~~~~~~~~^^^^^
  File "C:\Users\Mouad\AppData\Roaming\Python\Python314\site-packages\playwright\_impl\_connection.py", line 495, in _on_event_listener_error
    print("Error occurred in event listener", file=sys.stderr)
    ~~~~~^^^^^^^^^^^^^^^^^^^^^^^^^^^^^^^^^^^^^^^^^^^^^^^^^^^^^
OSError: [Errno 22] Invalid argument

During handling of the above exception, another exception occurred:

Traceback (most recent call last):
  File "C:\Program Files\Python314\Lib\asyncio\events.py", line 94, in _run
    self._context.run(self._callback, *self._args)
    ~~~~~~~~~~~~~~~~~^^^^^^^^^^^^^^^^^^^^^^^^^^^^^
  File "C:\Users\Mouad\AppData\Roaming\Python\Python314\site-packages\playwright\_impl\_sync_base.py", line 111, in <lambda>
    task.add_done_callback(lambda _: g_self.switch())
                                     ~~~~~~~~~~~~~^^
  File "C:\Users\Mouad\AppData\Roaming\Python\Python314\site-packages\playwright\_impl\_helper.py", line 455, in _handler
    self.handler(route, route.request)  # type: ignore
    ~~~~~~~~~~~~^^^^^^^^^^^^^^^^^^^^^^
  File "C:\Users\Mouad\AppData\Roaming\Python\Python314\site-packages\playwright\_impl\_impl_to_api_mapping.py", line 123, in wrapper_func
    return handler(
        *list(map(lambda a: self.from_maybe_impl(a), args))[:arg_count]
    )
  File "C:\Users\Mouad\Desktop\video_player\main.py", line 38054, in handle_request
    route.continue_()
    ~~~~~~~~~~~~~~~^^
  File "C:\Users\Mouad\AppData\Roaming\Python\Python314\site-packages\playwright\sync_api\_generated.py", line 1021, in continue_
    self._sync(
    ~~~~~~~~~~^
        self._impl_obj.continue_(
        ^^^^^^^^^^^^^^^^^^^^^^^^^
    ...<4 lines>...
        )
        ^
    )
    ^
  File "C:\Users\Mouad\AppData\Roaming\Python\Python314\site-packages\playwright\_impl\_sync_base.py", line 115, in _sync
    return task.result()
           ~~~~~~~~~~~^^
  File "C:\Users\Mouad\AppData\Roaming\Python\Python314\site-packages\playwright\_impl\_network.py", line 518, in continue_
    return await self._handle_route(_inner)
           ^^^^^^^^^^^^^^^^^^^^^^^^^^^^^^^^
  File "C:\Users\Mouad\AppData\Roaming\Python\Python314\site-packages\playwright\_impl\_network.py", line 464, in _handle_route
    await callback()
  File "C:\Users\Mouad\AppData\Roaming\Python\Python314\site-packages\playwright\_impl\_network.py", line 516, in _inner
    await self._inner_continue(False)
  File "C:\Users\Mouad\AppData\Roaming\Python\Python314\site-packages\playwright\_impl\_network.py", line 522, in _inner_continue
    await self._race_with_page_close(
    ...<17 lines>...
    )
  File "C:\Users\Mouad\AppData\Roaming\Python\Python314\site-packages\playwright\_impl\_network.py", line 558, in _race_with_page_close
    await asyncio.wait(
    ...<2 lines>...
    )
  File "C:\Program Files\Python314\Lib\asyncio\tasks.py", line 432, in wait
    return await _wait(fs, timeout, return_when, loop)
           ^^^^^^^^^^^^^^^^^^^^^^^^^^^^^^^^^^^^^^^^^^^
  File "C:\Program Files\Python314\Lib\asyncio\tasks.py", line 521, in _wait
    await waiter
asyncio.exceptions.CancelledError
2026-06-12 02:30:21,967 - ERROR - Exception in callback Connection.dispatch.<locals>._done_callback() at C:\Users\Mouad\AppData\Roaming\Python\Python314\site-packages\playwright\_impl\_connection.py:466
handle: <Handle Connection.dispatch.<locals>._done_callback() at C:\Users\Mouad\AppData\Roaming\Python\Python314\site-packages\playwright\_impl\_connection.py:466>
Traceback (most recent call last):
  File "C:\Users\Mouad\AppData\Roaming\Python\Python314\site-packages\playwright\_impl\_connection.py", line 481, in dispatch
    g.switch(self._replace_guids_with_channels(params))
    ~~~~~~~~^^^^^^^^^^^^^^^^^^^^^^^^^^^^^^^^^^^^^^^^^^^
  File "C:\Users\Mouad\AppData\Roaming\Python\Python314\site-packages\playwright\_impl\_connection.py", line 472, in _listener_with_error_handler_attached
    potential_future = listener(params)
  File "C:\Users\Mouad\AppData\Roaming\Python\Python314\site-packages\playwright\_impl\_browser_context.py", line 167, in <lambda>
    lambda event: self._on_console_message(event),
                  ~~~~~~~~~~~~~~~~~~~~~~~~^^^^^^^
  File "C:\Users\Mouad\AppData\Roaming\Python\Python314\site-packages\playwright\_impl\_browser_context.py", line 672, in _on_console_message
    page.emit(Page.Events.Console, message)
    ~~~~~~~~~^^^^^^^^^^^^^^^^^^^^^^^^^^^^^^
  File "C:\Users\Mouad\AppData\Roaming\Python\Python314\site-packages\pyee\asyncio.py", line 70, in emit
    return super().emit(event, *args, **kwargs)
           ~~~~~~~~~~~~^^^^^^^^^^^^^^^^^^^^^^^^
  File "C:\Users\Mouad\AppData\Roaming\Python\Python314\site-packages\pyee\base.py", line 220, in emit
    handled = self._call_handlers(event, args, kwargs)
  File "C:\Users\Mouad\AppData\Roaming\Python\Python314\site-packages\pyee\base.py", line 196, in _call_handlers
    self._emit_run(f, args, kwargs)
    ~~~~~~~~~~~~~~^^^^^^^^^^^^^^^^^
  File "C:\Users\Mouad\AppData\Roaming\Python\Python314\site-packages\pyee\asyncio.py", line 81, in _emit_run
    self.emit("error", exc)
    ~~~~~~~~~^^^^^^^^^^^^^^
  File "C:\Users\Mouad\AppData\Roaming\Python\Python314\site-packages\pyee\asyncio.py", line 70, in emit
    return super().emit(event, *args, **kwargs)
           ~~~~~~~~~~~~^^^^^^^^^^^^^^^^^^^^^^^^
  File "C:\Users\Mouad\AppData\Roaming\Python\Python314\site-packages\pyee\base.py", line 223, in emit
    self._emit_handle_potential_error(event, args[0] if args else None)
    ~~~~~~~~~~~~~~~~~~~~~~~~~~~~~~~~~^^^^^^^^^^^^^^^^^^^^^^^^^^^^^^^^^^
  File "C:\Users\Mouad\AppData\Roaming\Python\Python314\site-packages\pyee\base.py", line 181, in _emit_handle_potential_error
    raise error
  File "C:\Users\Mouad\AppData\Roaming\Python\Python314\site-packages\pyee\asyncio.py", line 79, in _emit_run
    coro: Any = f(*args, **kwargs)
                ~^^^^^^^^^^^^^^^^^
  File "C:\Users\Mouad\AppData\Roaming\Python\Python314\site-packages\playwright\_impl\_impl_to_api_mapping.py", line 123, in wrapper_func
    return handler(
        *list(map(lambda a: self.from_maybe_impl(a), args))[:arg_count]
    )
  File "C:\Users\Mouad\Desktop\video_player\main.py", line 38046, in handle_console
    sys.stdout.flush()
    ~~~~~~~~~~~~~~~~^^
OSError: [Errno 22] Invalid argument

During handling of the above exception, another exception occurred:

Traceback (most recent call last):
  File "C:\Users\Mouad\Desktop\video_player\main.py", line 38070, in run_pw
    browser.close()
    ~~~~~~~~~~~~~^^
  File "C:\Users\Mouad\AppData\Roaming\Python\Python314\site-packages\playwright\sync_api\_generated.py", line 15992, in close
    return mapping.from_maybe_impl(self._sync(self._impl_obj.close(reason=reason)))
                                   ~~~~~~~~~~^^^^^^^^^^^^^^^^^^^^^^^^^^^^^^^^^^^^^
  File "C:\Users\Mouad\AppData\Roaming\Python\Python314\site-packages\playwright\_impl\_sync_base.py", line 113, in _sync
    self._dispatcher_fiber.switch()
    ~~~~~~~~~~~~~~~~~~~~~~~~~~~~~^^
  File "C:\Users\Mouad\AppData\Roaming\Python\Python314\site-packages\playwright\sync_api\_context_manager.py", line 56, in greenlet_main
    self._loop.run_until_complete(self._connection.run_as_sync())
    ~~~~~~~~~~~~~~~~~~~~~~~~~~~~~^^^^^^^^^^^^^^^^^^^^^^^^^^^^^^^^
  File "C:\Program Files\Python314\Lib\asyncio\base_events.py", line 719, in run_until_complete
    return future.result()
           ~~~~~~~~~~~~~^^
  File "C:\Users\Mouad\AppData\Roaming\Python\Python314\site-packages\playwright\_impl\_connection.py", line 303, in run_as_sync
    await self.run()
  File "C:\Users\Mouad\AppData\Roaming\Python\Python314\site-packages\playwright\_impl\_connection.py", line 314, in run
    await self._transport.run()
  File "C:\Users\Mouad\AppData\Roaming\Python\Python314\site-packages\playwright\_impl\_transport.py", line 162, in run
    self.on_message(obj)
    ~~~~~~~~~~~~~~~^^^^^
  File "C:\Users\Mouad\AppData\Roaming\Python\Python314\site-packages\playwright\_impl\_connection.py", line 273, in <lambda>
    self._transport.on_message = lambda msg: self.dispatch(msg)
                                             ~~~~~~~~~~~~~^^^^^
  File "C:\Users\Mouad\AppData\Roaming\Python\Python314\site-packages\playwright\_impl\_connection.py", line 492, in dispatch
    self._on_event_listener_error(exc)
    ~~~~~~~~~~~~~~~~~~~~~~~~~~~~~^^^^^
  File "C:\Users\Mouad\AppData\Roaming\Python\Python314\site-packages\playwright\_impl\_connection.py", line 495, in _on_event_listener_error
    print("Error occurred in event listener", file=sys.stderr)
    ~~~~~^^^^^^^^^^^^^^^^^^^^^^^^^^^^^^^^^^^^^^^^^^^^^^^^^^^^^
OSError: [Errno 22] Invalid argument

During handling of the above exception, another exception occurred:

Traceback (most recent call last):
  File "C:\Program Files\Python314\Lib\asyncio\events.py", line 94, in _run
    self._context.run(self._callback, *self._args)
    ~~~~~~~~~~~~~~~~~^^^^^^^^^^^^^^^^^^^^^^^^^^^^^
  File "C:\Users\Mouad\AppData\Roaming\Python\Python314\site-packages\playwright\_impl\_connection.py", line 467, in _done_callback
    exc = future.exception()
  File "C:\Users\Mouad\AppData\Roaming\Python\Python314\site-packages\playwright\_impl\_page.py", line 305, in _on_route
    handled = await route_handler.handle(route)
              ^^^^^^^^^^^^^^^^^^^^^^^^^^^^^^^^^
  File "C:\Users\Mouad\AppData\Roaming\Python\Python314\site-packages\playwright\_impl\_helper.py", line 428, in handle
    return await self._handle_internal(route)
           ^^^^^^^^^^^^^^^^^^^^^^^^^^^^^^^^^^
  File "C:\Users\Mouad\AppData\Roaming\Python\Python314\site-packages\playwright\_impl\_helper.py", line 464, in _handle_internal
    await handler_finished_future
asyncio.exceptions.CancelledError
2026-06-12 02:30:21,974 - ERROR - Exception in callback Connection.dispatch.<locals>._done_callback() at C:\Users\Mouad\AppData\Roaming\Python\Python314\site-packages\playwright\_impl\_connection.py:466
handle: <Handle Connection.dispatch.<locals>._done_callback() at C:\Users\Mouad\AppData\Roaming\Python\Python314\site-packages\playwright\_impl\_connection.py:466>
Traceback (most recent call last):
  File "C:\Users\Mouad\AppData\Roaming\Python\Python314\site-packages\playwright\_impl\_connection.py", line 481, in dispatch
    g.switch(self._replace_guids_with_channels(params))
    ~~~~~~~~^^^^^^^^^^^^^^^^^^^^^^^^^^^^^^^^^^^^^^^^^^^
  File "C:\Users\Mouad\AppData\Roaming\Python\Python314\site-packages\playwright\_impl\_connection.py", line 472, in _listener_with_error_handler_attached
    potential_future = listener(params)
  File "C:\Users\Mouad\AppData\Roaming\Python\Python314\site-packages\playwright\_impl\_browser_context.py", line 167, in <lambda>
    lambda event: self._on_console_message(event),
                  ~~~~~~~~~~~~~~~~~~~~~~~~^^^^^^^
  File "C:\Users\Mouad\AppData\Roaming\Python\Python314\site-packages\playwright\_impl\_browser_context.py", line 672, in _on_console_message
    page.emit(Page.Events.Console, message)
    ~~~~~~~~~^^^^^^^^^^^^^^^^^^^^^^^^^^^^^^
  File "C:\Users\Mouad\AppData\Roaming\Python\Python314\site-packages\pyee\asyncio.py", line 70, in emit
    return super().emit(event, *args, **kwargs)
           ~~~~~~~~~~~~^^^^^^^^^^^^^^^^^^^^^^^^
  File "C:\Users\Mouad\AppData\Roaming\Python\Python314\site-packages\pyee\base.py", line 220, in emit
    handled = self._call_handlers(event, args, kwargs)
  File "C:\Users\Mouad\AppData\Roaming\Python\Python314\site-packages\pyee\base.py", line 196, in _call_handlers
    self._emit_run(f, args, kwargs)
    ~~~~~~~~~~~~~~^^^^^^^^^^^^^^^^^
  File "C:\Users\Mouad\AppData\Roaming\Python\Python314\site-packages\pyee\asyncio.py", line 81, in _emit_run
    self.emit("error", exc)
    ~~~~~~~~~^^^^^^^^^^^^^^
  File "C:\Users\Mouad\AppData\Roaming\Python\Python314\site-packages\pyee\asyncio.py", line 70, in emit
    return super().emit(event, *args, **kwargs)
           ~~~~~~~~~~~~^^^^^^^^^^^^^^^^^^^^^^^^
  File "C:\Users\Mouad\AppData\Roaming\Python\Python314\site-packages\pyee\base.py", line 223, in emit
    self._emit_handle_potential_error(event, args[0] if args else None)
    ~~~~~~~~~~~~~~~~~~~~~~~~~~~~~~~~~^^^^^^^^^^^^^^^^^^^^^^^^^^^^^^^^^^
  File "C:\Users\Mouad\AppData\Roaming\Python\Python314\site-packages\pyee\base.py", line 181, in _emit_handle_potential_error
    raise error
  File "C:\Users\Mouad\AppData\Roaming\Python\Python314\site-packages\pyee\asyncio.py", line 79, in _emit_run
    coro: Any = f(*args, **kwargs)
                ~^^^^^^^^^^^^^^^^^
  File "C:\Users\Mouad\AppData\Roaming\Python\Python314\site-packages\playwright\_impl\_impl_to_api_mapping.py", line 123, in wrapper_func
    return handler(
        *list(map(lambda a: self.from_maybe_impl(a), args))[:arg_count]
    )
  File "C:\Users\Mouad\Desktop\video_player\main.py", line 38046, in handle_console
    sys.stdout.flush()
    ~~~~~~~~~~~~~~~~^^
OSError: [Errno 22] Invalid argument

During handling of the above exception, another exception occurred:

Traceback (most recent call last):
  File "C:\Users\Mouad\Desktop\video_player\main.py", line 38070, in run_pw
    browser.close()
    ~~~~~~~~~~~~~^^
  File "C:\Users\Mouad\AppData\Roaming\Python\Python314\site-packages\playwright\sync_api\_generated.py", line 15992, in close
    return mapping.from_maybe_impl(self._sync(self._impl_obj.close(reason=reason)))
                                   ~~~~~~~~~~^^^^^^^^^^^^^^^^^^^^^^^^^^^^^^^^^^^^^
  File "C:\Users\Mouad\AppData\Roaming\Python\Python314\site-packages\playwright\_impl\_sync_base.py", line 113, in _sync
    self._dispatcher_fiber.switch()
    ~~~~~~~~~~~~~~~~~~~~~~~~~~~~~^^
  File "C:\Users\Mouad\AppData\Roaming\Python\Python314\site-packages\playwright\sync_api\_context_manager.py", line 56, in greenlet_main
    self._loop.run_until_complete(self._connection.run_as_sync())
    ~~~~~~~~~~~~~~~~~~~~~~~~~~~~~^^^^^^^^^^^^^^^^^^^^^^^^^^^^^^^^
  File "C:\Program Files\Python314\Lib\asyncio\base_events.py", line 719, in run_until_complete
    return future.result()
           ~~~~~~~~~~~~~^^
  File "C:\Users\Mouad\AppData\Roaming\Python\Python314\site-packages\playwright\_impl\_connection.py", line 303, in run_as_sync
    await self.run()
  File "C:\Users\Mouad\AppData\Roaming\Python\Python314\site-packages\playwright\_impl\_connection.py", line 314, in run
    await self._transport.run()
  File "C:\Users\Mouad\AppData\Roaming\Python\Python314\site-packages\playwright\_impl\_transport.py", line 162, in run
    self.on_message(obj)
    ~~~~~~~~~~~~~~~^^^^^
  File "C:\Users\Mouad\AppData\Roaming\Python\Python314\site-packages\playwright\_impl\_connection.py", line 273, in <lambda>
    self._transport.on_message = lambda msg: self.dispatch(msg)
                                             ~~~~~~~~~~~~~^^^^^
  File "C:\Users\Mouad\AppData\Roaming\Python\Python314\site-packages\playwright\_impl\_connection.py", line 492, in dispatch
    self._on_event_listener_error(exc)
    ~~~~~~~~~~~~~~~~~~~~~~~~~~~~~^^^^^
  File "C:\Users\Mouad\AppData\Roaming\Python\Python314\site-packages\playwright\_impl\_connection.py", line 495, in _on_event_listener_error
    print("Error occurred in event listener", file=sys.stderr)
    ~~~~~^^^^^^^^^^^^^^^^^^^^^^^^^^^^^^^^^^^^^^^^^^^^^^^^^^^^^
OSError: [Errno 22] Invalid argument

During handling of the above exception, another exception occurred:

Traceback (most recent call last):
  File "C:\Program Files\Python314\Lib\asyncio\events.py", line 94, in _run
    self._context.run(self._callback, *self._args)
    ~~~~~~~~~~~~~~~~~^^^^^^^^^^^^^^^^^^^^^^^^^^^^^
  File "C:\Users\Mouad\AppData\Roaming\Python\Python314\site-packages\playwright\_impl\_connection.py", line 467, in _done_callback
    exc = future.exception()
  File "C:\Users\Mouad\AppData\Roaming\Python\Python314\site-packages\playwright\_impl\_page.py", line 305, in _on_route
    handled = await route_handler.handle(route)
              ^^^^^^^^^^^^^^^^^^^^^^^^^^^^^^^^^
  File "C:\Users\Mouad\AppData\Roaming\Python\Python314\site-packages\playwright\_impl\_helper.py", line 428, in handle
    return await self._handle_internal(route)
           ^^^^^^^^^^^^^^^^^^^^^^^^^^^^^^^^^^
  File "C:\Users\Mouad\AppData\Roaming\Python\Python314\site-packages\playwright\_impl\_helper.py", line 464, in _handle_internal
    await handler_finished_future
asyncio.exceptions.CancelledError
2026-06-12 02:30:22,050 - ERROR - Future exception was never retrieved
future: <Future finished exception=TargetClosedError('Target page, context or browser has been closed')>
playwright._impl._errors.TargetClosedError: Target page, context or browser has been closed
2026-06-12 02:30:22,051 - ERROR - Future exception was never retrieved
future: <Future finished exception=TargetClosedError('Target page, context or browser has been closed')>
playwright._impl._errors.TargetClosedError: Target page, context or browser has been closed
2026-06-12 02:30:22,051 - ERROR - Future exception was never retrieved
future: <Future finished exception=TargetClosedError('Target page, context or browser has been closed')>
playwright._impl._errors.TargetClosedError: Target page, context or browser has been closed
2026-06-12 02:30:22,052 - ERROR - Future exception was never retrieved
future: <Future finished exception=TargetClosedError('Target page, context or browser has been closed')>
playwright._impl._errors.TargetClosedError: Target page, context or browser has been closed
2026-06-12 02:30:22,052 - ERROR - Future exception was never retrieved
future: <Future finished exception=TargetClosedError('Target page, context or browser has been closed')>
playwright._impl._errors.TargetClosedError: Target page, context or browser has been closed
2026-07-12 22:49:44,657 - ERROR - Application crash:
Traceback (most recent call last):
  File "C:\Users\Mouad\Desktop\video_player\generic_jav_integration.py", line 174, in _vp_on_generic_jav_capture_ready
    self.add_to_playlist(
    ^^^^^^^^^^^^^^^^^^^^
AttributeError: 'VideoPlayer' object has no attribute 'add_to_playlist'

2026-07-13 02:10:45,171 - ERROR - Exception in callback Connection.dispatch.<locals>._done_callback() at C:\Users\Mouad\AppData\Roaming\Python\Python314\site-packages\playwright\_impl\_connection.py:466
handle: <Handle Connection.dispatch.<locals>._done_callback() at C:\Users\Mouad\AppData\Roaming\Python\Python314\site-packages\playwright\_impl\_connection.py:466>
Traceback (most recent call last):
  File "C:\Users\Mouad\Desktop\video_player\sextb_grab.py", line 278, in grab_all_playwright
    iframes = page.query_selector_all('#sextb-player iframe, .player-wrapper iframe')
  File "C:\Users\Mouad\AppData\Roaming\Python\Python314\site-packages\playwright\sync_api\_generated.py", line 8699, in query_selector_all
    self._sync(self._impl_obj.query_selector_all(selector=selector))
    ~~~~~~~~~~^^^^^^^^^^^^^^^^^^^^^^^^^^^^^^^^^^^^^^^^^^^^^^^^^^^^^^
  File "C:\Users\Mouad\AppData\Roaming\Python\Python314\site-packages\playwright\_impl\_sync_base.py", line 115, in _sync
    return task.result()
           ~~~~~~~~~~~^^
  File "C:\Users\Mouad\AppData\Roaming\Python\Python314\site-packages\playwright\_impl\_page.py", line 415, in query_selector_all
    return await self._main_frame.query_selector_all(selector)
           ^^^^^^^^^^^^^^^^^^^^^^^^^^^^^^^^^^^^^^^^^^^^^^^^^^^
  File "C:\Users\Mouad\AppData\Roaming\Python\Python314\site-packages\playwright\_impl\_frame.py", line 358, in query_selector_all
    await self._channel.send(
    ^^^^^^^^^^^^^^^^^^^^^^^^^
        "querySelectorAll", None, dict(selector=selector)
        ^^^^^^^^^^^^^^^^^^^^^^^^^^^^^^^^^^^^^^^^^^^^^^^^^
    ),
    ^
  File "C:\Users\Mouad\AppData\Roaming\Python\Python314\site-packages\playwright\_impl\_connection.py", line 69, in send
    return await self._connection.wrap_api_call(
           ^^^^^^^^^^^^^^^^^^^^^^^^^^^^^^^^^^^^^
    ...<3 lines>...
    )
    ^
  File "C:\Users\Mouad\AppData\Roaming\Python\Python314\site-packages\playwright\_impl\_connection.py", line 559, in wrap_api_call
    raise rewrite_error(error, f"{parsed_st['apiName']}: {error}") from None
playwright._impl._errors.Error: Page.query_selector_all: Execution context was destroyed, most likely because of a navigation

During handling of the above exception, another exception occurred:

Traceback (most recent call last):
  File "C:\Program Files\Python314\Lib\asyncio\events.py", line 94, in _run
    self._context.run(self._callback, *self._args)
    ~~~~~~~~~~~~~~~~~^^^^^^^^^^^^^^^^^^^^^^^^^^^^^
  File "C:\Users\Mouad\AppData\Roaming\Python\Python314\site-packages\playwright\_impl\_connection.py", line 467, in _done_callback
    exc = future.exception()
  File "C:\Users\Mouad\AppData\Roaming\Python\Python314\site-packages\playwright\_impl\_page.py", line 305, in _on_route
    handled = await route_handler.handle(route)
              ^^^^^^^^^^^^^^^^^^^^^^^^^^^^^^^^^
  File "C:\Users\Mouad\AppData\Roaming\Python\Python314\site-packages\playwright\_impl\_helper.py", line 428, in handle
    return await self._handle_internal(route)
           ^^^^^^^^^^^^^^^^^^^^^^^^^^^^^^^^^^
  File "C:\Users\Mouad\AppData\Roaming\Python\Python314\site-packages\playwright\_impl\_helper.py", line 464, in _handle_internal
    await handler_finished_future
asyncio.exceptions.CancelledError
2026-07-13 02:10:45,265 - ERROR - Exception in callback SyncBase._sync.<locals>.<lambda>() at C:\Users\Mouad\AppData\Roaming\Python\Python314\site-packages\playwright\_impl\_sync_base.py:111
handle: <Handle SyncBase._sync.<locals>.<lambda>() at C:\Users\Mouad\AppData\Roaming\Python\Python314\site-packages\playwright\_impl\_sync_base.py:111>
Traceback (most recent call last):
  File "C:\Users\Mouad\Desktop\video_player\sextb_grab.py", line 278, in grab_all_playwright
    iframes = page.query_selector_all('#sextb-player iframe, .player-wrapper iframe')
  File "C:\Users\Mouad\AppData\Roaming\Python\Python314\site-packages\playwright\sync_api\_generated.py", line 8699, in query_selector_all
    self._sync(self._impl_obj.query_selector_all(selector=selector))
    ~~~~~~~~~~^^^^^^^^^^^^^^^^^^^^^^^^^^^^^^^^^^^^^^^^^^^^^^^^^^^^^^
  File "C:\Users\Mouad\AppData\Roaming\Python\Python314\site-packages\playwright\_impl\_sync_base.py", line 115, in _sync
    return task.result()
           ~~~~~~~~~~~^^
  File "C:\Users\Mouad\AppData\Roaming\Python\Python314\site-packages\playwright\_impl\_page.py", line 415, in query_selector_all
    return await self._main_frame.query_selector_all(selector)
           ^^^^^^^^^^^^^^^^^^^^^^^^^^^^^^^^^^^^^^^^^^^^^^^^^^^
  File "C:\Users\Mouad\AppData\Roaming\Python\Python314\site-packages\playwright\_impl\_frame.py", line 358, in query_selector_all
    await self._channel.send(
    ^^^^^^^^^^^^^^^^^^^^^^^^^
        "querySelectorAll", None, dict(selector=selector)
        ^^^^^^^^^^^^^^^^^^^^^^^^^^^^^^^^^^^^^^^^^^^^^^^^^
    ),
    ^
  File "C:\Users\Mouad\AppData\Roaming\Python\Python314\site-packages\playwright\_impl\_connection.py", line 69, in send
    return await self._connection.wrap_api_call(
           ^^^^^^^^^^^^^^^^^^^^^^^^^^^^^^^^^^^^^
    ...<3 lines>...
    )
    ^
  File "C:\Users\Mouad\AppData\Roaming\Python\Python314\site-packages\playwright\_impl\_connection.py", line 559, in wrap_api_call
    raise rewrite_error(error, f"{parsed_st['apiName']}: {error}") from None
playwright._impl._errors.Error: Page.query_selector_all: Execution context was destroyed, most likely because of a navigation

During handling of the above exception, another exception occurred:

Traceback (most recent call last):
  File "C:\Program Files\Python314\Lib\asyncio\events.py", line 94, in _run
    self._context.run(self._callback, *self._args)
    ~~~~~~~~~~~~~~~~~^^^^^^^^^^^^^^^^^^^^^^^^^^^^^
  File "C:\Users\Mouad\AppData\Roaming\Python\Python314\site-packages\playwright\_impl\_sync_base.py", line 111, in <lambda>
    task.add_done_callback(lambda _: g_self.switch())
                                     ~~~~~~~~~~~~~^^
  File "C:\Users\Mouad\AppData\Roaming\Python\Python314\site-packages\playwright\_impl\_helper.py", line 455, in _handler
    self.handler(route, route.request)  # type: ignore
    ~~~~~~~~~~~~^^^^^^^^^^^^^^^^^^^^^^
  File "C:\Users\Mouad\AppData\Roaming\Python\Python314\site-packages\playwright\_impl\_impl_to_api_mapping.py", line 123, in wrapper_func
    return handler(
        *list(map(lambda a: self.from_maybe_impl(a), args))[:arg_count]
    )
  File "C:\Users\Mouad\Desktop\video_player\sextb_grab.py", line 212, in block_ads
    route.continue_()
    ~~~~~~~~~~~~~~~^^
  File "C:\Users\Mouad\AppData\Roaming\Python\Python314\site-packages\playwright\sync_api\_generated.py", line 1021, in continue_
    self._sync(
    ~~~~~~~~~~^
        self._impl_obj.continue_(
        ^^^^^^^^^^^^^^^^^^^^^^^^^
    ...<4 lines>...
        )
        ^
    )
    ^
  File "C:\Users\Mouad\AppData\Roaming\Python\Python314\site-packages\playwright\_impl\_sync_base.py", line 115, in _sync
    return task.result()
           ~~~~~~~~~~~^^
  File "C:\Users\Mouad\AppData\Roaming\Python\Python314\site-packages\playwright\_impl\_network.py", line 518, in continue_
    return await self._handle_route(_inner)
           ^^^^^^^^^^^^^^^^^^^^^^^^^^^^^^^^
  File "C:\Users\Mouad\AppData\Roaming\Python\Python314\site-packages\playwright\_impl\_network.py", line 464, in _handle_route
    await callback()
  File "C:\Users\Mouad\AppData\Roaming\Python\Python314\site-packages\playwright\_impl\_network.py", line 516, in _inner
    await self._inner_continue(False)
  File "C:\Users\Mouad\AppData\Roaming\Python\Python314\site-packages\playwright\_impl\_network.py", line 522, in _inner_continue
    await self._race_with_page_close(
    ...<17 lines>...
    )
  File "C:\Users\Mouad\AppData\Roaming\Python\Python314\site-packages\playwright\_impl\_network.py", line 558, in _race_with_page_close
    await asyncio.wait(
    ...<2 lines>...
    )
  File "C:\Program Files\Python314\Lib\asyncio\tasks.py", line 432, in wait
    return await _wait(fs, timeout, return_when, loop)
           ^^^^^^^^^^^^^^^^^^^^^^^^^^^^^^^^^^^^^^^^^^^
  File "C:\Program Files\Python314\Lib\asyncio\tasks.py", line 521, in _wait
    await waiter
asyncio.exceptions.CancelledError
2026-07-13 02:10:45,425 - ERROR - Exception in callback SyncBase._sync.<locals>.<lambda>() at C:\Users\Mouad\AppData\Roaming\Python\Python314\site-packages\playwright\_impl\_sync_base.py:111
handle: <Handle SyncBase._sync.<locals>.<lambda>() at C:\Users\Mouad\AppData\Roaming\Python\Python314\site-packages\playwright\_impl\_sync_base.py:111>
Traceback (most recent call last):
  File "C:\Users\Mouad\Desktop\video_player\sextb_grab.py", line 278, in grab_all_playwright
    iframes = page.query_selector_all('#sextb-player iframe, .player-wrapper iframe')
  File "C:\Users\Mouad\AppData\Roaming\Python\Python314\site-packages\playwright\sync_api\_generated.py", line 8699, in query_selector_all
    self._sync(self._impl_obj.query_selector_all(selector=selector))
    ~~~~~~~~~~^^^^^^^^^^^^^^^^^^^^^^^^^^^^^^^^^^^^^^^^^^^^^^^^^^^^^^
  File "C:\Users\Mouad\AppData\Roaming\Python\Python314\site-packages\playwright\_impl\_sync_base.py", line 115, in _sync
    return task.result()
           ~~~~~~~~~~~^^
  File "C:\Users\Mouad\AppData\Roaming\Python\Python314\site-packages\playwright\_impl\_page.py", line 415, in query_selector_all
    return await self._main_frame.query_selector_all(selector)
           ^^^^^^^^^^^^^^^^^^^^^^^^^^^^^^^^^^^^^^^^^^^^^^^^^^^
  File "C:\Users\Mouad\AppData\Roaming\Python\Python314\site-packages\playwright\_impl\_frame.py", line 358, in query_selector_all
    await self._channel.send(
    ^^^^^^^^^^^^^^^^^^^^^^^^^
        "querySelectorAll", None, dict(selector=selector)
        ^^^^^^^^^^^^^^^^^^^^^^^^^^^^^^^^^^^^^^^^^^^^^^^^^
    ),
    ^
  File "C:\Users\Mouad\AppData\Roaming\Python\Python314\site-packages\playwright\_impl\_connection.py", line 69, in send
    return await self._connection.wrap_api_call(
           ^^^^^^^^^^^^^^^^^^^^^^^^^^^^^^^^^^^^^
    ...<3 lines>...
    )
    ^
  File "C:\Users\Mouad\AppData\Roaming\Python\Python314\site-packages\playwright\_impl\_connection.py", line 559, in wrap_api_call
    raise rewrite_error(error, f"{parsed_st['apiName']}: {error}") from None
playwright._impl._errors.Error: Page.query_selector_all: Execution context was destroyed, most likely because of a navigation

During handling of the above exception, another exception occurred:

Traceback (most recent call last):
  File "C:\Program Files\Python314\Lib\asyncio\events.py", line 94, in _run
    self._context.run(self._callback, *self._args)
    ~~~~~~~~~~~~~~~~~^^^^^^^^^^^^^^^^^^^^^^^^^^^^^
  File "C:\Users\Mouad\AppData\Roaming\Python\Python314\site-packages\playwright\_impl\_sync_base.py", line 111, in <lambda>
    task.add_done_callback(lambda _: g_self.switch())
                                     ~~~~~~~~~~~~~^^
  File "C:\Users\Mouad\AppData\Roaming\Python\Python314\site-packages\playwright\_impl\_helper.py", line 455, in _handler
    self.handler(route, route.request)  # type: ignore
    ~~~~~~~~~~~~^^^^^^^^^^^^^^^^^^^^^^
  File "C:\Users\Mouad\AppData\Roaming\Python\Python314\site-packages\playwright\_impl\_impl_to_api_mapping.py", line 123, in wrapper_func
    return handler(
        *list(map(lambda a: self.from_maybe_impl(a), args))[:arg_count]
    )
  File "C:\Users\Mouad\Desktop\video_player\sextb_grab.py", line 212, in block_ads
    route.continue_()
    ~~~~~~~~~~~~~~~^^
  File "C:\Users\Mouad\AppData\Roaming\Python\Python314\site-packages\playwright\sync_api\_generated.py", line 1021, in continue_
    self._sync(
    ~~~~~~~~~~^
        self._impl_obj.continue_(
        ^^^^^^^^^^^^^^^^^^^^^^^^^
    ...<4 lines>...
        )
        ^
    )
    ^
  File "C:\Users\Mouad\AppData\Roaming\Python\Python314\site-packages\playwright\_impl\_sync_base.py", line 115, in _sync
    return task.result()
           ~~~~~~~~~~~^^
  File "C:\Users\Mouad\AppData\Roaming\Python\Python314\site-packages\playwright\_impl\_network.py", line 518, in continue_
    return await self._handle_route(_inner)
           ^^^^^^^^^^^^^^^^^^^^^^^^^^^^^^^^
  File "C:\Users\Mouad\AppData\Roaming\Python\Python314\site-packages\playwright\_impl\_network.py", line 464, in _handle_route
    await callback()
  File "C:\Users\Mouad\AppData\Roaming\Python\Python314\site-packages\playwright\_impl\_network.py", line 516, in _inner
    await self._inner_continue(False)
  File "C:\Users\Mouad\AppData\Roaming\Python\Python314\site-packages\playwright\_impl\_network.py", line 522, in _inner_continue
    await self._race_with_page_close(
    ...<17 lines>...
    )
  File "C:\Users\Mouad\AppData\Roaming\Python\Python314\site-packages\playwright\_impl\_network.py", line 558, in _race_with_page_close
    await asyncio.wait(
    ...<2 lines>...
    )
  File "C:\Program Files\Python314\Lib\asyncio\tasks.py", line 432, in wait
    return await _wait(fs, timeout, return_when, loop)
           ^^^^^^^^^^^^^^^^^^^^^^^^^^^^^^^^^^^^^^^^^^^
  File "C:\Program Files\Python314\Lib\asyncio\tasks.py", line 521, in _wait
    await waiter
asyncio.exceptions.CancelledError
2026-07-13 02:10:45,510 - ERROR - Exception in callback SyncBase._sync.<locals>.<lambda>() at C:\Users\Mouad\AppData\Roaming\Python\Python314\site-packages\playwright\_impl\_sync_base.py:111
handle: <Handle SyncBase._sync.<locals>.<lambda>() at C:\Users\Mouad\AppData\Roaming\Python\Python314\site-packages\playwright\_impl\_sync_base.py:111>
Traceback (most recent call last):
  File "C:\Users\Mouad\Desktop\video_player\sextb_grab.py", line 278, in grab_all_playwright
    iframes = page.query_selector_all('#sextb-player iframe, .player-wrapper iframe')
  File "C:\Users\Mouad\AppData\Roaming\Python\Python314\site-packages\playwright\sync_api\_generated.py", line 8699, in query_selector_all
    self._sync(self._impl_obj.query_selector_all(selector=selector))
    ~~~~~~~~~~^^^^^^^^^^^^^^^^^^^^^^^^^^^^^^^^^^^^^^^^^^^^^^^^^^^^^^
  File "C:\Users\Mouad\AppData\Roaming\Python\Python314\site-packages\playwright\_impl\_sync_base.py", line 115, in _sync
    return task.result()
           ~~~~~~~~~~~^^
  File "C:\Users\Mouad\AppData\Roaming\Python\Python314\site-packages\playwright\_impl\_page.py", line 415, in query_selector_all
    return await self._main_frame.query_selector_all(selector)
           ^^^^^^^^^^^^^^^^^^^^^^^^^^^^^^^^^^^^^^^^^^^^^^^^^^^
  File "C:\Users\Mouad\AppData\Roaming\Python\Python314\site-packages\playwright\_impl\_frame.py", line 358, in query_selector_all
    await self._channel.send(
    ^^^^^^^^^^^^^^^^^^^^^^^^^
        "querySelectorAll", None, dict(selector=selector)
        ^^^^^^^^^^^^^^^^^^^^^^^^^^^^^^^^^^^^^^^^^^^^^^^^^
    ),
    ^
  File "C:\Users\Mouad\AppData\Roaming\Python\Python314\site-packages\playwright\_impl\_connection.py", line 69, in send
    return await self._connection.wrap_api_call(
           ^^^^^^^^^^^^^^^^^^^^^^^^^^^^^^^^^^^^^
    ...<3 lines>...
    )
    ^
  File "C:\Users\Mouad\AppData\Roaming\Python\Python314\site-packages\playwright\_impl\_connection.py", line 559, in wrap_api_call
    raise rewrite_error(error, f"{parsed_st['apiName']}: {error}") from None
playwright._impl._errors.Error: Page.query_selector_all: Execution context was destroyed, most likely because of a navigation

During handling of the above exception, another exception occurred:

Traceback (most recent call last):
  File "C:\Program Files\Python314\Lib\asyncio\events.py", line 94, in _run
    self._context.run(self._callback, *self._args)
    ~~~~~~~~~~~~~~~~~^^^^^^^^^^^^^^^^^^^^^^^^^^^^^
  File "C:\Users\Mouad\AppData\Roaming\Python\Python314\site-packages\playwright\_impl\_sync_base.py", line 111, in <lambda>
    task.add_done_callback(lambda _: g_self.switch())
                                     ~~~~~~~~~~~~~^^
  File "C:\Users\Mouad\AppData\Roaming\Python\Python314\site-packages\playwright\_impl\_helper.py", line 455, in _handler
    self.handler(route, route.request)  # type: ignore
    ~~~~~~~~~~~~^^^^^^^^^^^^^^^^^^^^^^
  File "C:\Users\Mouad\AppData\Roaming\Python\Python314\site-packages\playwright\_impl\_impl_to_api_mapping.py", line 123, in wrapper_func
    return handler(
        *list(map(lambda a: self.from_maybe_impl(a), args))[:arg_count]
    )
  File "C:\Users\Mouad\Desktop\video_player\sextb_grab.py", line 212, in block_ads
    route.continue_()
    ~~~~~~~~~~~~~~~^^
  File "C:\Users\Mouad\AppData\Roaming\Python\Python314\site-packages\playwright\sync_api\_generated.py", line 1021, in continue_
    self._sync(
    ~~~~~~~~~~^
        self._impl_obj.continue_(
        ^^^^^^^^^^^^^^^^^^^^^^^^^
    ...<4 lines>...
        )
        ^
    )
    ^
  File "C:\Users\Mouad\AppData\Roaming\Python\Python314\site-packages\playwright\_impl\_sync_base.py", line 115, in _sync
    return task.result()
           ~~~~~~~~~~~^^
  File "C:\Users\Mouad\AppData\Roaming\Python\Python314\site-packages\playwright\_impl\_network.py", line 518, in continue_
    return await self._handle_route(_inner)
           ^^^^^^^^^^^^^^^^^^^^^^^^^^^^^^^^
  File "C:\Users\Mouad\AppData\Roaming\Python\Python314\site-packages\playwright\_impl\_network.py", line 464, in _handle_route
    await callback()
  File "C:\Users\Mouad\AppData\Roaming\Python\Python314\site-packages\playwright\_impl\_network.py", line 516, in _inner
    await self._inner_continue(False)
  File "C:\Users\Mouad\AppData\Roaming\Python\Python314\site-packages\playwright\_impl\_network.py", line 522, in _inner_continue
    await self._race_with_page_close(
    ...<17 lines>...
    )
  File "C:\Users\Mouad\AppData\Roaming\Python\Python314\site-packages\playwright\_impl\_network.py", line 558, in _race_with_page_close
    await asyncio.wait(
    ...<2 lines>...
    )
  File "C:\Program Files\Python314\Lib\asyncio\tasks.py", line 432, in wait
    return await _wait(fs, timeout, return_when, loop)
           ^^^^^^^^^^^^^^^^^^^^^^^^^^^^^^^^^^^^^^^^^^^
  File "C:\Program Files\Python314\Lib\asyncio\tasks.py", line 521, in _wait
    await waiter
asyncio.exceptions.CancelledError
2026-07-13 02:10:45,593 - ERROR - Exception in callback SyncBase._sync.<locals>.<lambda>() at C:\Users\Mouad\AppData\Roaming\Python\Python314\site-packages\playwright\_impl\_sync_base.py:111
handle: <Handle SyncBase._sync.<locals>.<lambda>() at C:\Users\Mouad\AppData\Roaming\Python\Python314\site-packages\playwright\_impl\_sync_base.py:111>
Traceback (most recent call last):
  File "C:\Users\Mouad\Desktop\video_player\sextb_grab.py", line 278, in grab_all_playwright
    iframes = page.query_selector_all('#sextb-player iframe, .player-wrapper iframe')
  File "C:\Users\Mouad\AppData\Roaming\Python\Python314\site-packages\playwright\sync_api\_generated.py", line 8699, in query_selector_all
    self._sync(self._impl_obj.query_selector_all(selector=selector))
    ~~~~~~~~~~^^^^^^^^^^^^^^^^^^^^^^^^^^^^^^^^^^^^^^^^^^^^^^^^^^^^^^
  File "C:\Users\Mouad\AppData\Roaming\Python\Python314\site-packages\playwright\_impl\_sync_base.py", line 115, in _sync
    return task.result()
           ~~~~~~~~~~~^^
  File "C:\Users\Mouad\AppData\Roaming\Python\Python314\site-packages\playwright\_impl\_page.py", line 415, in query_selector_all
    return await self._main_frame.query_selector_all(selector)
           ^^^^^^^^^^^^^^^^^^^^^^^^^^^^^^^^^^^^^^^^^^^^^^^^^^^
  File "C:\Users\Mouad\AppData\Roaming\Python\Python314\site-packages\playwright\_impl\_frame.py", line 358, in query_selector_all
    await self._channel.send(
    ^^^^^^^^^^^^^^^^^^^^^^^^^
        "querySelectorAll", None, dict(selector=selector)
        ^^^^^^^^^^^^^^^^^^^^^^^^^^^^^^^^^^^^^^^^^^^^^^^^^
    ),
    ^
  File "C:\Users\Mouad\AppData\Roaming\Python\Python314\site-packages\playwright\_impl\_connection.py", line 69, in send
    return await self._connection.wrap_api_call(
           ^^^^^^^^^^^^^^^^^^^^^^^^^^^^^^^^^^^^^
    ...<3 lines>...
    )
    ^
  File "C:\Users\Mouad\AppData\Roaming\Python\Python314\site-packages\playwright\_impl\_connection.py", line 559, in wrap_api_call
    raise rewrite_error(error, f"{parsed_st['apiName']}: {error}") from None
playwright._impl._errors.Error: Page.query_selector_all: Execution context was destroyed, most likely because of a navigation

During handling of the above exception, another exception occurred:

Traceback (most recent call last):
  File "C:\Program Files\Python314\Lib\asyncio\events.py", line 94, in _run
    self._context.run(self._callback, *self._args)
    ~~~~~~~~~~~~~~~~~^^^^^^^^^^^^^^^^^^^^^^^^^^^^^
  File "C:\Users\Mouad\AppData\Roaming\Python\Python314\site-packages\playwright\_impl\_sync_base.py", line 111, in <lambda>
    task.add_done_callback(lambda _: g_self.switch())
                                     ~~~~~~~~~~~~~^^
  File "C:\Users\Mouad\AppData\Roaming\Python\Python314\site-packages\playwright\_impl\_helper.py", line 455, in _handler
    self.handler(route, route.request)  # type: ignore
    ~~~~~~~~~~~~^^^^^^^^^^^^^^^^^^^^^^
  File "C:\Users\Mouad\AppData\Roaming\Python\Python314\site-packages\playwright\_impl\_impl_to_api_mapping.py", line 123, in wrapper_func
    return handler(
        *list(map(lambda a: self.from_maybe_impl(a), args))[:arg_count]
    )
  File "C:\Users\Mouad\Desktop\video_player\sextb_grab.py", line 212, in block_ads
    route.continue_()
    ~~~~~~~~~~~~~~~^^
  File "C:\Users\Mouad\AppData\Roaming\Python\Python314\site-packages\playwright\sync_api\_generated.py", line 1021, in continue_
    self._sync(
    ~~~~~~~~~~^
        self._impl_obj.continue_(
        ^^^^^^^^^^^^^^^^^^^^^^^^^
    ...<4 lines>...
        )
        ^
    )
    ^
  File "C:\Users\Mouad\AppData\Roaming\Python\Python314\site-packages\playwright\_impl\_sync_base.py", line 115, in _sync
    return task.result()
           ~~~~~~~~~~~^^
  File "C:\Users\Mouad\AppData\Roaming\Python\Python314\site-packages\playwright\_impl\_network.py", line 518, in continue_
    return await self._handle_route(_inner)
           ^^^^^^^^^^^^^^^^^^^^^^^^^^^^^^^^
  File "C:\Users\Mouad\AppData\Roaming\Python\Python314\site-packages\playwright\_impl\_network.py", line 464, in _handle_route
    await callback()
  File "C:\Users\Mouad\AppData\Roaming\Python\Python314\site-packages\playwright\_impl\_network.py", line 516, in _inner
    await self._inner_continue(False)
  File "C:\Users\Mouad\AppData\Roaming\Python\Python314\site-packages\playwright\_impl\_network.py", line 522, in _inner_continue
    await self._race_with_page_close(
    ...<17 lines>...
    )
  File "C:\Users\Mouad\AppData\Roaming\Python\Python314\site-packages\playwright\_impl\_network.py", line 558, in _race_with_page_close
    await asyncio.wait(
    ...<2 lines>...
    )
  File "C:\Program Files\Python314\Lib\asyncio\tasks.py", line 432, in wait
    return await _wait(fs, timeout, return_when, loop)
           ^^^^^^^^^^^^^^^^^^^^^^^^^^^^^^^^^^^^^^^^^^^
  File "C:\Program Files\Python314\Lib\asyncio\tasks.py", line 521, in _wait
    await waiter
asyncio.exceptions.CancelledError
2026-07-13 02:10:45,677 - ERROR - Exception in callback Connection.dispatch.<locals>._done_callback() at C:\Users\Mouad\AppData\Roaming\Python\Python314\site-packages\playwright\_impl\_connection.py:466
handle: <Handle Connection.dispatch.<locals>._done_callback() at C:\Users\Mouad\AppData\Roaming\Python\Python314\site-packages\playwright\_impl\_connection.py:466>
Traceback (most recent call last):
  File "C:\Users\Mouad\Desktop\video_player\sextb_grab.py", line 278, in grab_all_playwright
    iframes = page.query_selector_all('#sextb-player iframe, .player-wrapper iframe')
  File "C:\Users\Mouad\AppData\Roaming\Python\Python314\site-packages\playwright\sync_api\_generated.py", line 8699, in query_selector_all
    self._sync(self._impl_obj.query_selector_all(selector=selector))
    ~~~~~~~~~~^^^^^^^^^^^^^^^^^^^^^^^^^^^^^^^^^^^^^^^^^^^^^^^^^^^^^^
  File "C:\Users\Mouad\AppData\Roaming\Python\Python314\site-packages\playwright\_impl\_sync_base.py", line 115, in _sync
    return task.result()
           ~~~~~~~~~~~^^
  File "C:\Users\Mouad\AppData\Roaming\Python\Python314\site-packages\playwright\_impl\_page.py", line 415, in query_selector_all
    return await self._main_frame.query_selector_all(selector)
           ^^^^^^^^^^^^^^^^^^^^^^^^^^^^^^^^^^^^^^^^^^^^^^^^^^^
  File "C:\Users\Mouad\AppData\Roaming\Python\Python314\site-packages\playwright\_impl\_frame.py", line 358, in query_selector_all
    await self._channel.send(
    ^^^^^^^^^^^^^^^^^^^^^^^^^
        "querySelectorAll", None, dict(selector=selector)
        ^^^^^^^^^^^^^^^^^^^^^^^^^^^^^^^^^^^^^^^^^^^^^^^^^
    ),
    ^
  File "C:\Users\Mouad\AppData\Roaming\Python\Python314\site-packages\playwright\_impl\_connection.py", line 69, in send
    return await self._connection.wrap_api_call(
           ^^^^^^^^^^^^^^^^^^^^^^^^^^^^^^^^^^^^^
    ...<3 lines>...
    )
    ^
  File "C:\Users\Mouad\AppData\Roaming\Python\Python314\site-packages\playwright\_impl\_connection.py", line 559, in wrap_api_call
    raise rewrite_error(error, f"{parsed_st['apiName']}: {error}") from None
playwright._impl._errors.Error: Page.query_selector_all: Execution context was destroyed, most likely because of a navigation

During handling of the above exception, another exception occurred:

Traceback (most recent call last):
  File "C:\Program Files\Python314\Lib\asyncio\events.py", line 94, in _run
    self._context.run(self._callback, *self._args)
    ~~~~~~~~~~~~~~~~~^^^^^^^^^^^^^^^^^^^^^^^^^^^^^
  File "C:\Users\Mouad\AppData\Roaming\Python\Python314\site-packages\playwright\_impl\_connection.py", line 467, in _done_callback
    exc = future.exception()
  File "C:\Users\Mouad\AppData\Roaming\Python\Python314\site-packages\playwright\_impl\_page.py", line 305, in _on_route
    handled = await route_handler.handle(route)
              ^^^^^^^^^^^^^^^^^^^^^^^^^^^^^^^^^
  File "C:\Users\Mouad\AppData\Roaming\Python\Python314\site-packages\playwright\_impl\_helper.py", line 428, in handle
    return await self._handle_internal(route)
           ^^^^^^^^^^^^^^^^^^^^^^^^^^^^^^^^^^
  File "C:\Users\Mouad\AppData\Roaming\Python\Python314\site-packages\playwright\_impl\_helper.py", line 464, in _handle_internal
    await handler_finished_future
asyncio.exceptions.CancelledError
2026-07-13 02:10:45,756 - ERROR - Exception in callback SyncBase._sync.<locals>.<lambda>() at C:\Users\Mouad\AppData\Roaming\Python\Python314\site-packages\playwright\_impl\_sync_base.py:111
handle: <Handle SyncBase._sync.<locals>.<lambda>() at C:\Users\Mouad\AppData\Roaming\Python\Python314\site-packages\playwright\_impl\_sync_base.py:111>
Traceback (most recent call last):
  File "C:\Users\Mouad\Desktop\video_player\sextb_grab.py", line 278, in grab_all_playwright
    iframes = page.query_selector_all('#sextb-player iframe, .player-wrapper iframe')
  File "C:\Users\Mouad\AppData\Roaming\Python\Python314\site-packages\playwright\sync_api\_generated.py", line 8699, in query_selector_all
    self._sync(self._impl_obj.query_selector_all(selector=selector))
    ~~~~~~~~~~^^^^^^^^^^^^^^^^^^^^^^^^^^^^^^^^^^^^^^^^^^^^^^^^^^^^^^
  File "C:\Users\Mouad\AppData\Roaming\Python\Python314\site-packages\playwright\_impl\_sync_base.py", line 115, in _sync
    return task.result()
           ~~~~~~~~~~~^^
  File "C:\Users\Mouad\AppData\Roaming\Python\Python314\site-packages\playwright\_impl\_page.py", line 415, in query_selector_all
    return await self._main_frame.query_selector_all(selector)
           ^^^^^^^^^^^^^^^^^^^^^^^^^^^^^^^^^^^^^^^^^^^^^^^^^^^
  File "C:\Users\Mouad\AppData\Roaming\Python\Python314\site-packages\playwright\_impl\_frame.py", line 358, in query_selector_all
    await self._channel.send(
    ^^^^^^^^^^^^^^^^^^^^^^^^^
        "querySelectorAll", None, dict(selector=selector)
        ^^^^^^^^^^^^^^^^^^^^^^^^^^^^^^^^^^^^^^^^^^^^^^^^^
    ),
    ^
  File "C:\Users\Mouad\AppData\Roaming\Python\Python314\site-packages\playwright\_impl\_connection.py", line 69, in send
    return await self._connection.wrap_api_call(
           ^^^^^^^^^^^^^^^^^^^^^^^^^^^^^^^^^^^^^
    ...<3 lines>...
    )
    ^
  File "C:\Users\Mouad\AppData\Roaming\Python\Python314\site-packages\playwright\_impl\_connection.py", line 559, in wrap_api_call
    raise rewrite_error(error, f"{parsed_st['apiName']}: {error}") from None
playwright._impl._errors.Error: Page.query_selector_all: Execution context was destroyed, most likely because of a navigation

During handling of the above exception, another exception occurred:

Traceback (most recent call last):
  File "C:\Program Files\Python314\Lib\asyncio\events.py", line 94, in _run
    self._context.run(self._callback, *self._args)
    ~~~~~~~~~~~~~~~~~^^^^^^^^^^^^^^^^^^^^^^^^^^^^^
  File "C:\Users\Mouad\AppData\Roaming\Python\Python314\site-packages\playwright\_impl\_sync_base.py", line 111, in <lambda>
    task.add_done_callback(lambda _: g_self.switch())
                                     ~~~~~~~~~~~~~^^
  File "C:\Users\Mouad\AppData\Roaming\Python\Python314\site-packages\playwright\_impl\_helper.py", line 455, in _handler
    self.handler(route, route.request)  # type: ignore
    ~~~~~~~~~~~~^^^^^^^^^^^^^^^^^^^^^^
  File "C:\Users\Mouad\AppData\Roaming\Python\Python314\site-packages\playwright\_impl\_impl_to_api_mapping.py", line 123, in wrapper_func
    return handler(
        *list(map(lambda a: self.from_maybe_impl(a), args))[:arg_count]
    )
  File "C:\Users\Mouad\Desktop\video_player\sextb_grab.py", line 212, in block_ads
    route.continue_()
    ~~~~~~~~~~~~~~~^^
  File "C:\Users\Mouad\AppData\Roaming\Python\Python314\site-packages\playwright\sync_api\_generated.py", line 1021, in continue_
    self._sync(
    ~~~~~~~~~~^
        self._impl_obj.continue_(
        ^^^^^^^^^^^^^^^^^^^^^^^^^
    ...<4 lines>...
        )
        ^
    )
    ^
  File "C:\Users\Mouad\AppData\Roaming\Python\Python314\site-packages\playwright\_impl\_sync_base.py", line 115, in _sync
    return task.result()
           ~~~~~~~~~~~^^
  File "C:\Users\Mouad\AppData\Roaming\Python\Python314\site-packages\playwright\_impl\_network.py", line 518, in continue_
    return await self._handle_route(_inner)
           ^^^^^^^^^^^^^^^^^^^^^^^^^^^^^^^^
  File "C:\Users\Mouad\AppData\Roaming\Python\Python314\site-packages\playwright\_impl\_network.py", line 464, in _handle_route
    await callback()
  File "C:\Users\Mouad\AppData\Roaming\Python\Python314\site-packages\playwright\_impl\_network.py", line 516, in _inner
    await self._inner_continue(False)
  File "C:\Users\Mouad\AppData\Roaming\Python\Python314\site-packages\playwright\_impl\_network.py", line 522, in _inner_continue
    await self._race_with_page_close(
    ...<17 lines>...
    )
  File "C:\Users\Mouad\AppData\Roaming\Python\Python314\site-packages\playwright\_impl\_network.py", line 558, in _race_with_page_close
    await asyncio.wait(
    ...<2 lines>...
    )
  File "C:\Program Files\Python314\Lib\asyncio\tasks.py", line 432, in wait
    return await _wait(fs, timeout, return_when, loop)
           ^^^^^^^^^^^^^^^^^^^^^^^^^^^^^^^^^^^^^^^^^^^
  File "C:\Program Files\Python314\Lib\asyncio\tasks.py", line 521, in _wait
    await waiter
asyncio.exceptions.CancelledError
2026-07-13 02:10:45,839 - ERROR - Exception in callback Connection.dispatch.<locals>._done_callback() at C:\Users\Mouad\AppData\Roaming\Python\Python314\site-packages\playwright\_impl\_connection.py:466
handle: <Handle Connection.dispatch.<locals>._done_callback() at C:\Users\Mouad\AppData\Roaming\Python\Python314\site-packages\playwright\_impl\_connection.py:466>
Traceback (most recent call last):
  File "C:\Users\Mouad\Desktop\video_player\sextb_grab.py", line 278, in grab_all_playwright
    iframes = page.query_selector_all('#sextb-player iframe, .player-wrapper iframe')
  File "C:\Users\Mouad\AppData\Roaming\Python\Python314\site-packages\playwright\sync_api\_generated.py", line 8699, in query_selector_all
    self._sync(self._impl_obj.query_selector_all(selector=selector))
    ~~~~~~~~~~^^^^^^^^^^^^^^^^^^^^^^^^^^^^^^^^^^^^^^^^^^^^^^^^^^^^^^
  File "C:\Users\Mouad\AppData\Roaming\Python\Python314\site-packages\playwright\_impl\_sync_base.py", line 115, in _sync
    return task.result()
           ~~~~~~~~~~~^^
  File "C:\Users\Mouad\AppData\Roaming\Python\Python314\site-packages\playwright\_impl\_page.py", line 415, in query_selector_all
    return await self._main_frame.query_selector_all(selector)
           ^^^^^^^^^^^^^^^^^^^^^^^^^^^^^^^^^^^^^^^^^^^^^^^^^^^
  File "C:\Users\Mouad\AppData\Roaming\Python\Python314\site-packages\playwright\_impl\_frame.py", line 358, in query_selector_all
    await self._channel.send(
    ^^^^^^^^^^^^^^^^^^^^^^^^^
        "querySelectorAll", None, dict(selector=selector)
        ^^^^^^^^^^^^^^^^^^^^^^^^^^^^^^^^^^^^^^^^^^^^^^^^^
    ),
    ^
  File "C:\Users\Mouad\AppData\Roaming\Python\Python314\site-packages\playwright\_impl\_connection.py", line 69, in send
    return await self._connection.wrap_api_call(
           ^^^^^^^^^^^^^^^^^^^^^^^^^^^^^^^^^^^^^
    ...<3 lines>...
    )
    ^
  File "C:\Users\Mouad\AppData\Roaming\Python\Python314\site-packages\playwright\_impl\_connection.py", line 559, in wrap_api_call
    raise rewrite_error(error, f"{parsed_st['apiName']}: {error}") from None
playwright._impl._errors.Error: Page.query_selector_all: Execution context was destroyed, most likely because of a navigation

During handling of the above exception, another exception occurred:

Traceback (most recent call last):
  File "C:\Program Files\Python314\Lib\asyncio\events.py", line 94, in _run
    self._context.run(self._callback, *self._args)
    ~~~~~~~~~~~~~~~~~^^^^^^^^^^^^^^^^^^^^^^^^^^^^^
  File "C:\Users\Mouad\AppData\Roaming\Python\Python314\site-packages\playwright\_impl\_connection.py", line 467, in _done_callback
    exc = future.exception()
  File "C:\Users\Mouad\AppData\Roaming\Python\Python314\site-packages\playwright\_impl\_page.py", line 305, in _on_route
    handled = await route_handler.handle(route)
              ^^^^^^^^^^^^^^^^^^^^^^^^^^^^^^^^^
  File "C:\Users\Mouad\AppData\Roaming\Python\Python314\site-packages\playwright\_impl\_helper.py", line 428, in handle
    return await self._handle_internal(route)
           ^^^^^^^^^^^^^^^^^^^^^^^^^^^^^^^^^^
  File "C:\Users\Mouad\AppData\Roaming\Python\Python314\site-packages\playwright\_impl\_helper.py", line 464, in _handle_internal
    await handler_finished_future
asyncio.exceptions.CancelledError
2026-07-13 02:10:45,885 - ERROR - Exception in callback Connection.dispatch.<locals>._done_callback() at C:\Users\Mouad\AppData\Roaming\Python\Python314\site-packages\playwright\_impl\_connection.py:466
handle: <Handle Connection.dispatch.<locals>._done_callback() at C:\Users\Mouad\AppData\Roaming\Python\Python314\site-packages\playwright\_impl\_connection.py:466>
Traceback (most recent call last):
  File "C:\Users\Mouad\Desktop\video_player\sextb_grab.py", line 278, in grab_all_playwright
    iframes = page.query_selector_all('#sextb-player iframe, .player-wrapper iframe')
  File "C:\Users\Mouad\AppData\Roaming\Python\Python314\site-packages\playwright\sync_api\_generated.py", line 8699, in query_selector_all
    self._sync(self._impl_obj.query_selector_all(selector=selector))
    ~~~~~~~~~~^^^^^^^^^^^^^^^^^^^^^^^^^^^^^^^^^^^^^^^^^^^^^^^^^^^^^^
  File "C:\Users\Mouad\AppData\Roaming\Python\Python314\site-packages\playwright\_impl\_sync_base.py", line 115, in _sync
    return task.result()
           ~~~~~~~~~~~^^
  File "C:\Users\Mouad\AppData\Roaming\Python\Python314\site-packages\playwright\_impl\_page.py", line 415, in query_selector_all
    return await self._main_frame.query_selector_all(selector)
           ^^^^^^^^^^^^^^^^^^^^^^^^^^^^^^^^^^^^^^^^^^^^^^^^^^^
  File "C:\Users\Mouad\AppData\Roaming\Python\Python314\site-packages\playwright\_impl\_frame.py", line 358, in query_selector_all
    await self._channel.send(
    ^^^^^^^^^^^^^^^^^^^^^^^^^
        "querySelectorAll", None, dict(selector=selector)
        ^^^^^^^^^^^^^^^^^^^^^^^^^^^^^^^^^^^^^^^^^^^^^^^^^
    ),
    ^
  File "C:\Users\Mouad\AppData\Roaming\Python\Python314\site-packages\playwright\_impl\_connection.py", line 69, in send
    return await self._connection.wrap_api_call(
           ^^^^^^^^^^^^^^^^^^^^^^^^^^^^^^^^^^^^^
    ...<3 lines>...
    )
    ^
  File "C:\Users\Mouad\AppData\Roaming\Python\Python314\site-packages\playwright\_impl\_connection.py", line 559, in wrap_api_call
    raise rewrite_error(error, f"{parsed_st['apiName']}: {error}") from None
playwright._impl._errors.Error: Page.query_selector_all: Execution context was destroyed, most likely because of a navigation

During handling of the above exception, another exception occurred:

Traceback (most recent call last):
  File "C:\Program Files\Python314\Lib\asyncio\events.py", line 94, in _run
    self._context.run(self._callback, *self._args)
    ~~~~~~~~~~~~~~~~~^^^^^^^^^^^^^^^^^^^^^^^^^^^^^
  File "C:\Users\Mouad\AppData\Roaming\Python\Python314\site-packages\playwright\_impl\_connection.py", line 467, in _done_callback
    exc = future.exception()
  File "C:\Users\Mouad\AppData\Roaming\Python\Python314\site-packages\playwright\_impl\_page.py", line 305, in _on_route
    handled = await route_handler.handle(route)
              ^^^^^^^^^^^^^^^^^^^^^^^^^^^^^^^^^
  File "C:\Users\Mouad\AppData\Roaming\Python\Python314\site-packages\playwright\_impl\_helper.py", line 428, in handle
    return await self._handle_internal(route)
           ^^^^^^^^^^^^^^^^^^^^^^^^^^^^^^^^^^
  File "C:\Users\Mouad\AppData\Roaming\Python\Python314\site-packages\playwright\_impl\_helper.py", line 464, in _handle_internal
    await handler_finished_future
asyncio.exceptions.CancelledError
2026-07-13 02:10:45,962 - ERROR - Exception in callback SyncBase._sync.<locals>.<lambda>() at C:\Users\Mouad\AppData\Roaming\Python\Python314\site-packages\playwright\_impl\_sync_base.py:111
handle: <Handle SyncBase._sync.<locals>.<lambda>() at C:\Users\Mouad\AppData\Roaming\Python\Python314\site-packages\playwright\_impl\_sync_base.py:111>
Traceback (most recent call last):
  File "C:\Users\Mouad\Desktop\video_player\sextb_grab.py", line 278, in grab_all_playwright
    iframes = page.query_selector_all('#sextb-player iframe, .player-wrapper iframe')
  File "C:\Users\Mouad\AppData\Roaming\Python\Python314\site-packages\playwright\sync_api\_generated.py", line 8699, in query_selector_all
    self._sync(self._impl_obj.query_selector_all(selector=selector))
    ~~~~~~~~~~^^^^^^^^^^^^^^^^^^^^^^^^^^^^^^^^^^^^^^^^^^^^^^^^^^^^^^
  File "C:\Users\Mouad\AppData\Roaming\Python\Python314\site-packages\playwright\_impl\_sync_base.py", line 115, in _sync
    return task.result()
           ~~~~~~~~~~~^^
  File "C:\Users\Mouad\AppData\Roaming\Python\Python314\site-packages\playwright\_impl\_page.py", line 415, in query_selector_all
    return await self._main_frame.query_selector_all(selector)
           ^^^^^^^^^^^^^^^^^^^^^^^^^^^^^^^^^^^^^^^^^^^^^^^^^^^
  File "C:\Users\Mouad\AppData\Roaming\Python\Python314\site-packages\playwright\_impl\_frame.py", line 358, in query_selector_all
    await self._channel.send(
    ^^^^^^^^^^^^^^^^^^^^^^^^^
        "querySelectorAll", None, dict(selector=selector)
        ^^^^^^^^^^^^^^^^^^^^^^^^^^^^^^^^^^^^^^^^^^^^^^^^^
    ),
    ^
  File "C:\Users\Mouad\AppData\Roaming\Python\Python314\site-packages\playwright\_impl\_connection.py", line 69, in send
    return await self._connection.wrap_api_call(
           ^^^^^^^^^^^^^^^^^^^^^^^^^^^^^^^^^^^^^
    ...<3 lines>...
    )
    ^
  File "C:\Users\Mouad\AppData\Roaming\Python\Python314\site-packages\playwright\_impl\_connection.py", line 559, in wrap_api_call
    raise rewrite_error(error, f"{parsed_st['apiName']}: {error}") from None
playwright._impl._errors.Error: Page.query_selector_all: Execution context was destroyed, most likely because of a navigation

During handling of the above exception, another exception occurred:

Traceback (most recent call last):
  File "C:\Program Files\Python314\Lib\asyncio\events.py", line 94, in _run
    self._context.run(self._callback, *self._args)
    ~~~~~~~~~~~~~~~~~^^^^^^^^^^^^^^^^^^^^^^^^^^^^^
  File "C:\Users\Mouad\AppData\Roaming\Python\Python314\site-packages\playwright\_impl\_sync_base.py", line 111, in <lambda>
    task.add_done_callback(lambda _: g_self.switch())
                                     ~~~~~~~~~~~~~^^
  File "C:\Users\Mouad\AppData\Roaming\Python\Python314\site-packages\playwright\_impl\_helper.py", line 455, in _handler
    self.handler(route, route.request)  # type: ignore
    ~~~~~~~~~~~~^^^^^^^^^^^^^^^^^^^^^^
  File "C:\Users\Mouad\AppData\Roaming\Python\Python314\site-packages\playwright\_impl\_impl_to_api_mapping.py", line 123, in wrapper_func
    return handler(
        *list(map(lambda a: self.from_maybe_impl(a), args))[:arg_count]
    )
  File "C:\Users\Mouad\Desktop\video_player\sextb_grab.py", line 212, in block_ads
    route.continue_()
    ~~~~~~~~~~~~~~~^^
  File "C:\Users\Mouad\AppData\Roaming\Python\Python314\site-packages\playwright\sync_api\_generated.py", line 1021, in continue_
    self._sync(
    ~~~~~~~~~~^
        self._impl_obj.continue_(
        ^^^^^^^^^^^^^^^^^^^^^^^^^
    ...<4 lines>...
        )
        ^
    )
    ^
  File "C:\Users\Mouad\AppData\Roaming\Python\Python314\site-packages\playwright\_impl\_sync_base.py", line 115, in _sync
    return task.result()
           ~~~~~~~~~~~^^
  File "C:\Users\Mouad\AppData\Roaming\Python\Python314\site-packages\playwright\_impl\_network.py", line 518, in continue_
    return await self._handle_route(_inner)
           ^^^^^^^^^^^^^^^^^^^^^^^^^^^^^^^^
  File "C:\Users\Mouad\AppData\Roaming\Python\Python314\site-packages\playwright\_impl\_network.py", line 464, in _handle_route
    await callback()
  File "C:\Users\Mouad\AppData\Roaming\Python\Python314\site-packages\playwright\_impl\_network.py", line 516, in _inner
    await self._inner_continue(False)
  File "C:\Users\Mouad\AppData\Roaming\Python\Python314\site-packages\playwright\_impl\_network.py", line 522, in _inner_continue
    await self._race_with_page_close(
    ...<17 lines>...
    )
  File "C:\Users\Mouad\AppData\Roaming\Python\Python314\site-packages\playwright\_impl\_network.py", line 558, in _race_with_page_close
    await asyncio.wait(
    ...<2 lines>...
    )
  File "C:\Program Files\Python314\Lib\asyncio\tasks.py", line 432, in wait
    return await _wait(fs, timeout, return_when, loop)
           ^^^^^^^^^^^^^^^^^^^^^^^^^^^^^^^^^^^^^^^^^^^
  File "C:\Program Files\Python314\Lib\asyncio\tasks.py", line 521, in _wait
    await waiter
asyncio.exceptions.CancelledError
2026-07-13 02:10:46,051 - ERROR - Exception in callback Connection.dispatch.<locals>._done_callback() at C:\Users\Mouad\AppData\Roaming\Python\Python314\site-packages\playwright\_impl\_connection.py:466
handle: <Handle Connection.dispatch.<locals>._done_callback() at C:\Users\Mouad\AppData\Roaming\Python\Python314\site-packages\playwright\_impl\_connection.py:466>
Traceback (most recent call last):
  File "C:\Users\Mouad\Desktop\video_player\sextb_grab.py", line 278, in grab_all_playwright
    iframes = page.query_selector_all('#sextb-player iframe, .player-wrapper iframe')
  File "C:\Users\Mouad\AppData\Roaming\Python\Python314\site-packages\playwright\sync_api\_generated.py", line 8699, in query_selector_all
    self._sync(self._impl_obj.query_selector_all(selector=selector))
    ~~~~~~~~~~^^^^^^^^^^^^^^^^^^^^^^^^^^^^^^^^^^^^^^^^^^^^^^^^^^^^^^
  File "C:\Users\Mouad\AppData\Roaming\Python\Python314\site-packages\playwright\_impl\_sync_base.py", line 115, in _sync
    return task.result()
           ~~~~~~~~~~~^^
  File "C:\Users\Mouad\AppData\Roaming\Python\Python314\site-packages\playwright\_impl\_page.py", line 415, in query_selector_all
    return await self._main_frame.query_selector_all(selector)
           ^^^^^^^^^^^^^^^^^^^^^^^^^^^^^^^^^^^^^^^^^^^^^^^^^^^
  File "C:\Users\Mouad\AppData\Roaming\Python\Python314\site-packages\playwright\_impl\_frame.py", line 358, in query_selector_all
    await self._channel.send(
    ^^^^^^^^^^^^^^^^^^^^^^^^^
        "querySelectorAll", None, dict(selector=selector)
        ^^^^^^^^^^^^^^^^^^^^^^^^^^^^^^^^^^^^^^^^^^^^^^^^^
    ),
    ^
  File "C:\Users\Mouad\AppData\Roaming\Python\Python314\site-packages\playwright\_impl\_connection.py", line 69, in send
    return await self._connection.wrap_api_call(
           ^^^^^^^^^^^^^^^^^^^^^^^^^^^^^^^^^^^^^
    ...<3 lines>...
    )
    ^
  File "C:\Users\Mouad\AppData\Roaming\Python\Python314\site-packages\playwright\_impl\_connection.py", line 559, in wrap_api_call
    raise rewrite_error(error, f"{parsed_st['apiName']}: {error}") from None
playwright._impl._errors.Error: Page.query_selector_all: Execution context was destroyed, most likely because of a navigation

During handling of the above exception, another exception occurred:

Traceback (most recent call last):
  File "C:\Program Files\Python314\Lib\asyncio\events.py", line 94, in _run
    self._context.run(self._callback, *self._args)
    ~~~~~~~~~~~~~~~~~^^^^^^^^^^^^^^^^^^^^^^^^^^^^^
  File "C:\Users\Mouad\AppData\Roaming\Python\Python314\site-packages\playwright\_impl\_connection.py", line 467, in _done_callback
    exc = future.exception()
  File "C:\Users\Mouad\AppData\Roaming\Python\Python314\site-packages\playwright\_impl\_page.py", line 305, in _on_route
    handled = await route_handler.handle(route)
              ^^^^^^^^^^^^^^^^^^^^^^^^^^^^^^^^^
  File "C:\Users\Mouad\AppData\Roaming\Python\Python314\site-packages\playwright\_impl\_helper.py", line 428, in handle
    return await self._handle_internal(route)
           ^^^^^^^^^^^^^^^^^^^^^^^^^^^^^^^^^^
  File "C:\Users\Mouad\AppData\Roaming\Python\Python314\site-packages\playwright\_impl\_helper.py", line 464, in _handle_internal
    await handler_finished_future
asyncio.exceptions.CancelledError
2026-07-13 02:10:46,175 - ERROR - Exception in callback SyncBase._sync.<locals>.<lambda>() at C:\Users\Mouad\AppData\Roaming\Python\Python314\site-packages\playwright\_impl\_sync_base.py:111
handle: <Handle SyncBase._sync.<locals>.<lambda>() at C:\Users\Mouad\AppData\Roaming\Python\Python314\site-packages\playwright\_impl\_sync_base.py:111>
Traceback (most recent call last):
  File "C:\Users\Mouad\Desktop\video_player\sextb_grab.py", line 278, in grab_all_playwright
    iframes = page.query_selector_all('#sextb-player iframe, .player-wrapper iframe')
  File "C:\Users\Mouad\AppData\Roaming\Python\Python314\site-packages\playwright\sync_api\_generated.py", line 8699, in query_selector_all
    self._sync(self._impl_obj.query_selector_all(selector=selector))
    ~~~~~~~~~~^^^^^^^^^^^^^^^^^^^^^^^^^^^^^^^^^^^^^^^^^^^^^^^^^^^^^^
  File "C:\Users\Mouad\AppData\Roaming\Python\Python314\site-packages\playwright\_impl\_sync_base.py", line 115, in _sync
    return task.result()
           ~~~~~~~~~~~^^
  File "C:\Users\Mouad\AppData\Roaming\Python\Python314\site-packages\playwright\_impl\_page.py", line 415, in query_selector_all
    return await self._main_frame.query_selector_all(selector)
           ^^^^^^^^^^^^^^^^^^^^^^^^^^^^^^^^^^^^^^^^^^^^^^^^^^^
  File "C:\Users\Mouad\AppData\Roaming\Python\Python314\site-packages\playwright\_impl\_frame.py", line 358, in query_selector_all
    await self._channel.send(
    ^^^^^^^^^^^^^^^^^^^^^^^^^
        "querySelectorAll", None, dict(selector=selector)
        ^^^^^^^^^^^^^^^^^^^^^^^^^^^^^^^^^^^^^^^^^^^^^^^^^
    ),
    ^
  File "C:\Users\Mouad\AppData\Roaming\Python\Python314\site-packages\playwright\_impl\_connection.py", line 69, in send
    return await self._connection.wrap_api_call(
           ^^^^^^^^^^^^^^^^^^^^^^^^^^^^^^^^^^^^^
    ...<3 lines>...
    )
    ^
  File "C:\Users\Mouad\AppData\Roaming\Python\Python314\site-packages\playwright\_impl\_connection.py", line 559, in wrap_api_call
    raise rewrite_error(error, f"{parsed_st['apiName']}: {error}") from None
playwright._impl._errors.Error: Page.query_selector_all: Execution context was destroyed, most likely because of a navigation

During handling of the above exception, another exception occurred:

Traceback (most recent call last):
  File "C:\Program Files\Python314\Lib\asyncio\events.py", line 94, in _run
    self._context.run(self._callback, *self._args)
    ~~~~~~~~~~~~~~~~~^^^^^^^^^^^^^^^^^^^^^^^^^^^^^
  File "C:\Users\Mouad\AppData\Roaming\Python\Python314\site-packages\playwright\_impl\_sync_base.py", line 111, in <lambda>
    task.add_done_callback(lambda _: g_self.switch())
                                     ~~~~~~~~~~~~~^^
  File "C:\Users\Mouad\AppData\Roaming\Python\Python314\site-packages\playwright\_impl\_helper.py", line 455, in _handler
    self.handler(route, route.request)  # type: ignore
    ~~~~~~~~~~~~^^^^^^^^^^^^^^^^^^^^^^
  File "C:\Users\Mouad\AppData\Roaming\Python\Python314\site-packages\playwright\_impl\_impl_to_api_mapping.py", line 123, in wrapper_func
    return handler(
        *list(map(lambda a: self.from_maybe_impl(a), args))[:arg_count]
    )
  File "C:\Users\Mouad\Desktop\video_player\sextb_grab.py", line 212, in block_ads
    route.continue_()
    ~~~~~~~~~~~~~~~^^
  File "C:\Users\Mouad\AppData\Roaming\Python\Python314\site-packages\playwright\sync_api\_generated.py", line 1021, in continue_
    self._sync(
    ~~~~~~~~~~^
        self._impl_obj.continue_(
        ^^^^^^^^^^^^^^^^^^^^^^^^^
    ...<4 lines>...
        )
        ^
    )
    ^
  File "C:\Users\Mouad\AppData\Roaming\Python\Python314\site-packages\playwright\_impl\_sync_base.py", line 115, in _sync
    return task.result()
           ~~~~~~~~~~~^^
  File "C:\Users\Mouad\AppData\Roaming\Python\Python314\site-packages\playwright\_impl\_network.py", line 518, in continue_
    return await self._handle_route(_inner)
           ^^^^^^^^^^^^^^^^^^^^^^^^^^^^^^^^
  File "C:\Users\Mouad\AppData\Roaming\Python\Python314\site-packages\playwright\_impl\_network.py", line 464, in _handle_route
    await callback()
  File "C:\Users\Mouad\AppData\Roaming\Python\Python314\site-packages\playwright\_impl\_network.py", line 516, in _inner
    await self._inner_continue(False)
  File "C:\Users\Mouad\AppData\Roaming\Python\Python314\site-packages\playwright\_impl\_network.py", line 522, in _inner_continue
    await self._race_with_page_close(
    ...<17 lines>...
    )
  File "C:\Users\Mouad\AppData\Roaming\Python\Python314\site-packages\playwright\_impl\_network.py", line 558, in _race_with_page_close
    await asyncio.wait(
    ...<2 lines>...
    )
  File "C:\Program Files\Python314\Lib\asyncio\tasks.py", line 432, in wait
    return await _wait(fs, timeout, return_when, loop)
           ^^^^^^^^^^^^^^^^^^^^^^^^^^^^^^^^^^^^^^^^^^^
  File "C:\Program Files\Python314\Lib\asyncio\tasks.py", line 521, in _wait
    await waiter
asyncio.exceptions.CancelledError
2026-07-13 02:10:46,272 - ERROR - Exception in callback SyncBase._sync.<locals>.<lambda>() at C:\Users\Mouad\AppData\Roaming\Python\Python314\site-packages\playwright\_impl\_sync_base.py:111
handle: <Handle SyncBase._sync.<locals>.<lambda>() at C:\Users\Mouad\AppData\Roaming\Python\Python314\site-packages\playwright\_impl\_sync_base.py:111>
Traceback (most recent call last):
  File "C:\Users\Mouad\Desktop\video_player\sextb_grab.py", line 278, in grab_all_playwright
    iframes = page.query_selector_all('#sextb-player iframe, .player-wrapper iframe')
  File "C:\Users\Mouad\AppData\Roaming\Python\Python314\site-packages\playwright\sync_api\_generated.py", line 8699, in query_selector_all
    self._sync(self._impl_obj.query_selector_all(selector=selector))
    ~~~~~~~~~~^^^^^^^^^^^^^^^^^^^^^^^^^^^^^^^^^^^^^^^^^^^^^^^^^^^^^^
  File "C:\Users\Mouad\AppData\Roaming\Python\Python314\site-packages\playwright\_impl\_sync_base.py", line 115, in _sync
    return task.result()
           ~~~~~~~~~~~^^
  File "C:\Users\Mouad\AppData\Roaming\Python\Python314\site-packages\playwright\_impl\_page.py", line 415, in query_selector_all
    return await self._main_frame.query_selector_all(selector)
           ^^^^^^^^^^^^^^^^^^^^^^^^^^^^^^^^^^^^^^^^^^^^^^^^^^^
  File "C:\Users\Mouad\AppData\Roaming\Python\Python314\site-packages\playwright\_impl\_frame.py", line 358, in query_selector_all
    await self._channel.send(
    ^^^^^^^^^^^^^^^^^^^^^^^^^
        "querySelectorAll", None, dict(selector=selector)
        ^^^^^^^^^^^^^^^^^^^^^^^^^^^^^^^^^^^^^^^^^^^^^^^^^
    ),
    ^
  File "C:\Users\Mouad\AppData\Roaming\Python\Python314\site-packages\playwright\_impl\_connection.py", line 69, in send
    return await self._connection.wrap_api_call(
           ^^^^^^^^^^^^^^^^^^^^^^^^^^^^^^^^^^^^^
    ...<3 lines>...
    )
    ^
  File "C:\Users\Mouad\AppData\Roaming\Python\Python314\site-packages\playwright\_impl\_connection.py", line 559, in wrap_api_call
    raise rewrite_error(error, f"{parsed_st['apiName']}: {error}") from None
playwright._impl._errors.Error: Page.query_selector_all: Execution context was destroyed, most likely because of a navigation

During handling of the above exception, another exception occurred:

Traceback (most recent call last):
  File "C:\Program Files\Python314\Lib\asyncio\events.py", line 94, in _run
    self._context.run(self._callback, *self._args)
    ~~~~~~~~~~~~~~~~~^^^^^^^^^^^^^^^^^^^^^^^^^^^^^
  File "C:\Users\Mouad\AppData\Roaming\Python\Python314\site-packages\playwright\_impl\_sync_base.py", line 111, in <lambda>
    task.add_done_callback(lambda _: g_self.switch())
                                     ~~~~~~~~~~~~~^^
  File "C:\Users\Mouad\AppData\Roaming\Python\Python314\site-packages\playwright\_impl\_helper.py", line 455, in _handler
    self.handler(route, route.request)  # type: ignore
    ~~~~~~~~~~~~^^^^^^^^^^^^^^^^^^^^^^
  File "C:\Users\Mouad\AppData\Roaming\Python\Python314\site-packages\playwright\_impl\_impl_to_api_mapping.py", line 123, in wrapper_func
    return handler(
        *list(map(lambda a: self.from_maybe_impl(a), args))[:arg_count]
    )
  File "C:\Users\Mouad\Desktop\video_player\sextb_grab.py", line 212, in block_ads
    route.continue_()
    ~~~~~~~~~~~~~~~^^
  File "C:\Users\Mouad\AppData\Roaming\Python\Python314\site-packages\playwright\sync_api\_generated.py", line 1021, in continue_
    self._sync(
    ~~~~~~~~~~^
        self._impl_obj.continue_(
        ^^^^^^^^^^^^^^^^^^^^^^^^^
    ...<4 lines>...
        )
        ^
    )
    ^
  File "C:\Users\Mouad\AppData\Roaming\Python\Python314\site-packages\playwright\_impl\_sync_base.py", line 115, in _sync
    return task.result()
           ~~~~~~~~~~~^^
  File "C:\Users\Mouad\AppData\Roaming\Python\Python314\site-packages\playwright\_impl\_network.py", line 518, in continue_
    return await self._handle_route(_inner)
           ^^^^^^^^^^^^^^^^^^^^^^^^^^^^^^^^
  File "C:\Users\Mouad\AppData\Roaming\Python\Python314\site-packages\playwright\_impl\_network.py", line 464, in _handle_route
    await callback()
  File "C:\Users\Mouad\AppData\Roaming\Python\Python314\site-packages\playwright\_impl\_network.py", line 516, in _inner
    await self._inner_continue(False)
  File "C:\Users\Mouad\AppData\Roaming\Python\Python314\site-packages\playwright\_impl\_network.py", line 522, in _inner_continue
    await self._race_with_page_close(
    ...<17 lines>...
    )
  File "C:\Users\Mouad\AppData\Roaming\Python\Python314\site-packages\playwright\_impl\_network.py", line 558, in _race_with_page_close
    await asyncio.wait(
    ...<2 lines>...
    )
  File "C:\Program Files\Python314\Lib\asyncio\tasks.py", line 432, in wait
    return await _wait(fs, timeout, return_when, loop)
           ^^^^^^^^^^^^^^^^^^^^^^^^^^^^^^^^^^^^^^^^^^^
  File "C:\Program Files\Python314\Lib\asyncio\tasks.py", line 521, in _wait
    await waiter
asyncio.exceptions.CancelledError
2026-07-13 02:10:46,368 - ERROR - Exception in callback SyncBase._sync.<locals>.<lambda>() at C:\Users\Mouad\AppData\Roaming\Python\Python314\site-packages\playwright\_impl\_sync_base.py:111
handle: <Handle SyncBase._sync.<locals>.<lambda>() at C:\Users\Mouad\AppData\Roaming\Python\Python314\site-packages\playwright\_impl\_sync_base.py:111>
Traceback (most recent call last):
  File "C:\Users\Mouad\Desktop\video_player\sextb_grab.py", line 278, in grab_all_playwright
    iframes = page.query_selector_all('#sextb-player iframe, .player-wrapper iframe')
  File "C:\Users\Mouad\AppData\Roaming\Python\Python314\site-packages\playwright\sync_api\_generated.py", line 8699, in query_selector_all
    self._sync(self._impl_obj.query_selector_all(selector=selector))
    ~~~~~~~~~~^^^^^^^^^^^^^^^^^^^^^^^^^^^^^^^^^^^^^^^^^^^^^^^^^^^^^^
  File "C:\Users\Mouad\AppData\Roaming\Python\Python314\site-packages\playwright\_impl\_sync_base.py", line 115, in _sync
    return task.result()
           ~~~~~~~~~~~^^
  File "C:\Users\Mouad\AppData\Roaming\Python\Python314\site-packages\playwright\_impl\_page.py", line 415, in query_selector_all
    return await self._main_frame.query_selector_all(selector)
           ^^^^^^^^^^^^^^^^^^^^^^^^^^^^^^^^^^^^^^^^^^^^^^^^^^^
  File "C:\Users\Mouad\AppData\Roaming\Python\Python314\site-packages\playwright\_impl\_frame.py", line 358, in query_selector_all
    await self._channel.send(
    ^^^^^^^^^^^^^^^^^^^^^^^^^
        "querySelectorAll", None, dict(selector=selector)
        ^^^^^^^^^^^^^^^^^^^^^^^^^^^^^^^^^^^^^^^^^^^^^^^^^
    ),
    ^
  File "C:\Users\Mouad\AppData\Roaming\Python\Python314\site-packages\playwright\_impl\_connection.py", line 69, in send
    return await self._connection.wrap_api_call(
           ^^^^^^^^^^^^^^^^^^^^^^^^^^^^^^^^^^^^^
    ...<3 lines>...
    )
    ^
  File "C:\Users\Mouad\AppData\Roaming\Python\Python314\site-packages\playwright\_impl\_connection.py", line 559, in wrap_api_call
    raise rewrite_error(error, f"{parsed_st['apiName']}: {error}") from None
playwright._impl._errors.Error: Page.query_selector_all: Execution context was destroyed, most likely because of a navigation

During handling of the above exception, another exception occurred:

Traceback (most recent call last):
  File "C:\Program Files\Python314\Lib\asyncio\events.py", line 94, in _run
    self._context.run(self._callback, *self._args)
    ~~~~~~~~~~~~~~~~~^^^^^^^^^^^^^^^^^^^^^^^^^^^^^
  File "C:\Users\Mouad\AppData\Roaming\Python\Python314\site-packages\playwright\_impl\_sync_base.py", line 111, in <lambda>
    task.add_done_callback(lambda _: g_self.switch())
                                     ~~~~~~~~~~~~~^^
  File "C:\Users\Mouad\AppData\Roaming\Python\Python314\site-packages\playwright\_impl\_helper.py", line 455, in _handler
    self.handler(route, route.request)  # type: ignore
    ~~~~~~~~~~~~^^^^^^^^^^^^^^^^^^^^^^
  File "C:\Users\Mouad\AppData\Roaming\Python\Python314\site-packages\playwright\_impl\_impl_to_api_mapping.py", line 123, in wrapper_func
    return handler(
        *list(map(lambda a: self.from_maybe_impl(a), args))[:arg_count]
    )
  File "C:\Users\Mouad\Desktop\video_player\sextb_grab.py", line 212, in block_ads
    route.continue_()
    ~~~~~~~~~~~~~~~^^
  File "C:\Users\Mouad\AppData\Roaming\Python\Python314\site-packages\playwright\sync_api\_generated.py", line 1021, in continue_
    self._sync(
    ~~~~~~~~~~^
        self._impl_obj.continue_(
        ^^^^^^^^^^^^^^^^^^^^^^^^^
    ...<4 lines>...
        )
        ^
    )
    ^
  File "C:\Users\Mouad\AppData\Roaming\Python\Python314\site-packages\playwright\_impl\_sync_base.py", line 115, in _sync
    return task.result()
           ~~~~~~~~~~~^^
  File "C:\Users\Mouad\AppData\Roaming\Python\Python314\site-packages\playwright\_impl\_network.py", line 518, in continue_
    return await self._handle_route(_inner)
           ^^^^^^^^^^^^^^^^^^^^^^^^^^^^^^^^
  File "C:\Users\Mouad\AppData\Roaming\Python\Python314\site-packages\playwright\_impl\_network.py", line 464, in _handle_route
    await callback()
  File "C:\Users\Mouad\AppData\Roaming\Python\Python314\site-packages\playwright\_impl\_network.py", line 516, in _inner
    await self._inner_continue(False)
  File "C:\Users\Mouad\AppData\Roaming\Python\Python314\site-packages\playwright\_impl\_network.py", line 522, in _inner_continue
    await self._race_with_page_close(
    ...<17 lines>...
    )
  File "C:\Users\Mouad\AppData\Roaming\Python\Python314\site-packages\playwright\_impl\_network.py", line 558, in _race_with_page_close
    await asyncio.wait(
    ...<2 lines>...
    )
  File "C:\Program Files\Python314\Lib\asyncio\tasks.py", line 432, in wait
    return await _wait(fs, timeout, return_when, loop)
           ^^^^^^^^^^^^^^^^^^^^^^^^^^^^^^^^^^^^^^^^^^^
  File "C:\Program Files\Python314\Lib\asyncio\tasks.py", line 521, in _wait
    await waiter
asyncio.exceptions.CancelledError
2026-07-13 02:10:46,503 - ERROR - Exception in callback Connection.dispatch.<locals>._done_callback() at C:\Users\Mouad\AppData\Roaming\Python\Python314\site-packages\playwright\_impl\_connection.py:466
handle: <Handle Connection.dispatch.<locals>._done_callback() at C:\Users\Mouad\AppData\Roaming\Python\Python314\site-packages\playwright\_impl\_connection.py:466>
Traceback (most recent call last):
  File "C:\Users\Mouad\Desktop\video_player\sextb_grab.py", line 278, in grab_all_playwright
    iframes = page.query_selector_all('#sextb-player iframe, .player-wrapper iframe')
  File "C:\Users\Mouad\AppData\Roaming\Python\Python314\site-packages\playwright\sync_api\_generated.py", line 8699, in query_selector_all
    self._sync(self._impl_obj.query_selector_all(selector=selector))
    ~~~~~~~~~~^^^^^^^^^^^^^^^^^^^^^^^^^^^^^^^^^^^^^^^^^^^^^^^^^^^^^^
  File "C:\Users\Mouad\AppData\Roaming\Python\Python314\site-packages\playwright\_impl\_sync_base.py", line 115, in _sync
    return task.result()
           ~~~~~~~~~~~^^
  File "C:\Users\Mouad\AppData\Roaming\Python\Python314\site-packages\playwright\_impl\_page.py", line 415, in query_selector_all
    return await self._main_frame.query_selector_all(selector)
           ^^^^^^^^^^^^^^^^^^^^^^^^^^^^^^^^^^^^^^^^^^^^^^^^^^^
  File "C:\Users\Mouad\AppData\Roaming\Python\Python314\site-packages\playwright\_impl\_frame.py", line 358, in query_selector_all
    await self._channel.send(
    ^^^^^^^^^^^^^^^^^^^^^^^^^
        "querySelectorAll", None, dict(selector=selector)
        ^^^^^^^^^^^^^^^^^^^^^^^^^^^^^^^^^^^^^^^^^^^^^^^^^
    ),
    ^
  File "C:\Users\Mouad\AppData\Roaming\Python\Python314\site-packages\playwright\_impl\_connection.py", line 69, in send
    return await self._connection.wrap_api_call(
           ^^^^^^^^^^^^^^^^^^^^^^^^^^^^^^^^^^^^^
    ...<3 lines>...
    )
    ^
  File "C:\Users\Mouad\AppData\Roaming\Python\Python314\site-packages\playwright\_impl\_connection.py", line 559, in wrap_api_call
    raise rewrite_error(error, f"{parsed_st['apiName']}: {error}") from None
playwright._impl._errors.Error: Page.query_selector_all: Execution context was destroyed, most likely because of a navigation

During handling of the above exception, another exception occurred:

Traceback (most recent call last):
  File "C:\Program Files\Python314\Lib\asyncio\events.py", line 94, in _run
    self._context.run(self._callback, *self._args)
    ~~~~~~~~~~~~~~~~~^^^^^^^^^^^^^^^^^^^^^^^^^^^^^
  File "C:\Users\Mouad\AppData\Roaming\Python\Python314\site-packages\playwright\_impl\_connection.py", line 467, in _done_callback
    exc = future.exception()
  File "C:\Users\Mouad\AppData\Roaming\Python\Python314\site-packages\playwright\_impl\_page.py", line 305, in _on_route
    handled = await route_handler.handle(route)
              ^^^^^^^^^^^^^^^^^^^^^^^^^^^^^^^^^
  File "C:\Users\Mouad\AppData\Roaming\Python\Python314\site-packages\playwright\_impl\_helper.py", line 428, in handle
    return await self._handle_internal(route)
           ^^^^^^^^^^^^^^^^^^^^^^^^^^^^^^^^^^
  File "C:\Users\Mouad\AppData\Roaming\Python\Python314\site-packages\playwright\_impl\_helper.py", line 464, in _handle_internal
    await handler_finished_future
asyncio.exceptions.CancelledError
2026-07-13 02:10:46,589 - ERROR - Exception in callback Connection.dispatch.<locals>._done_callback() at C:\Users\Mouad\AppData\Roaming\Python\Python314\site-packages\playwright\_impl\_connection.py:466
handle: <Handle Connection.dispatch.<locals>._done_callback() at C:\Users\Mouad\AppData\Roaming\Python\Python314\site-packages\playwright\_impl\_connection.py:466>
Traceback (most recent call last):
  File "C:\Users\Mouad\Desktop\video_player\sextb_grab.py", line 278, in grab_all_playwright
    iframes = page.query_selector_all('#sextb-player iframe, .player-wrapper iframe')
  File "C:\Users\Mouad\AppData\Roaming\Python\Python314\site-packages\playwright\sync_api\_generated.py", line 8699, in query_selector_all
    self._sync(self._impl_obj.query_selector_all(selector=selector))
    ~~~~~~~~~~^^^^^^^^^^^^^^^^^^^^^^^^^^^^^^^^^^^^^^^^^^^^^^^^^^^^^^
  File "C:\Users\Mouad\AppData\Roaming\Python\Python314\site-packages\playwright\_impl\_sync_base.py", line 115, in _sync
    return task.result()
           ~~~~~~~~~~~^^
  File "C:\Users\Mouad\AppData\Roaming\Python\Python314\site-packages\playwright\_impl\_page.py", line 415, in query_selector_all
    return await self._main_frame.query_selector_all(selector)
           ^^^^^^^^^^^^^^^^^^^^^^^^^^^^^^^^^^^^^^^^^^^^^^^^^^^
  File "C:\Users\Mouad\AppData\Roaming\Python\Python314\site-packages\playwright\_impl\_frame.py", line 358, in query_selector_all
    await self._channel.send(
    ^^^^^^^^^^^^^^^^^^^^^^^^^
        "querySelectorAll", None, dict(selector=selector)
        ^^^^^^^^^^^^^^^^^^^^^^^^^^^^^^^^^^^^^^^^^^^^^^^^^
    ),
    ^
  File "C:\Users\Mouad\AppData\Roaming\Python\Python314\site-packages\playwright\_impl\_connection.py", line 69, in send
    return await self._connection.wrap_api_call(
           ^^^^^^^^^^^^^^^^^^^^^^^^^^^^^^^^^^^^^
    ...<3 lines>...
    )
    ^
  File "C:\Users\Mouad\AppData\Roaming\Python\Python314\site-packages\playwright\_impl\_connection.py", line 559, in wrap_api_call
    raise rewrite_error(error, f"{parsed_st['apiName']}: {error}") from None
playwright._impl._errors.Error: Page.query_selector_all: Execution context was destroyed, most likely because of a navigation

During handling of the above exception, another exception occurred:

Traceback (most recent call last):
  File "C:\Program Files\Python314\Lib\asyncio\events.py", line 94, in _run
    self._context.run(self._callback, *self._args)
    ~~~~~~~~~~~~~~~~~^^^^^^^^^^^^^^^^^^^^^^^^^^^^^
  File "C:\Users\Mouad\AppData\Roaming\Python\Python314\site-packages\playwright\_impl\_connection.py", line 467, in _done_callback
    exc = future.exception()
  File "C:\Users\Mouad\AppData\Roaming\Python\Python314\site-packages\playwright\_impl\_page.py", line 305, in _on_route
    handled = await route_handler.handle(route)
              ^^^^^^^^^^^^^^^^^^^^^^^^^^^^^^^^^
  File "C:\Users\Mouad\AppData\Roaming\Python\Python314\site-packages\playwright\_impl\_helper.py", line 428, in handle
    return await self._handle_internal(route)
           ^^^^^^^^^^^^^^^^^^^^^^^^^^^^^^^^^^
  File "C:\Users\Mouad\AppData\Roaming\Python\Python314\site-packages\playwright\_impl\_helper.py", line 464, in _handle_internal
    await handler_finished_future
asyncio.exceptions.CancelledError
2026-07-13 02:10:46,645 - ERROR - Exception in callback SyncBase._sync.<locals>.<lambda>() at C:\Users\Mouad\AppData\Roaming\Python\Python314\site-packages\playwright\_impl\_sync_base.py:111
handle: <Handle SyncBase._sync.<locals>.<lambda>() at C:\Users\Mouad\AppData\Roaming\Python\Python314\site-packages\playwright\_impl\_sync_base.py:111>
Traceback (most recent call last):
  File "C:\Users\Mouad\Desktop\video_player\sextb_grab.py", line 278, in grab_all_playwright
    iframes = page.query_selector_all('#sextb-player iframe, .player-wrapper iframe')
  File "C:\Users\Mouad\AppData\Roaming\Python\Python314\site-packages\playwright\sync_api\_generated.py", line 8699, in query_selector_all
    self._sync(self._impl_obj.query_selector_all(selector=selector))
    ~~~~~~~~~~^^^^^^^^^^^^^^^^^^^^^^^^^^^^^^^^^^^^^^^^^^^^^^^^^^^^^^
  File "C:\Users\Mouad\AppData\Roaming\Python\Python314\site-packages\playwright\_impl\_sync_base.py", line 115, in _sync
    return task.result()
           ~~~~~~~~~~~^^
  File "C:\Users\Mouad\AppData\Roaming\Python\Python314\site-packages\playwright\_impl\_page.py", line 415, in query_selector_all
    return await self._main_frame.query_selector_all(selector)
           ^^^^^^^^^^^^^^^^^^^^^^^^^^^^^^^^^^^^^^^^^^^^^^^^^^^
  File "C:\Users\Mouad\AppData\Roaming\Python\Python314\site-packages\playwright\_impl\_frame.py", line 358, in query_selector_all
    await self._channel.send(
    ^^^^^^^^^^^^^^^^^^^^^^^^^
        "querySelectorAll", None, dict(selector=selector)
        ^^^^^^^^^^^^^^^^^^^^^^^^^^^^^^^^^^^^^^^^^^^^^^^^^
    ),
    ^
  File "C:\Users\Mouad\AppData\Roaming\Python\Python314\site-packages\playwright\_impl\_connection.py", line 69, in send
    return await self._connection.wrap_api_call(
           ^^^^^^^^^^^^^^^^^^^^^^^^^^^^^^^^^^^^^
    ...<3 lines>...
    )
    ^
  File "C:\Users\Mouad\AppData\Roaming\Python\Python314\site-packages\playwright\_impl\_connection.py", line 559, in wrap_api_call
    raise rewrite_error(error, f"{parsed_st['apiName']}: {error}") from None
playwright._impl._errors.Error: Page.query_selector_all: Execution context was destroyed, most likely because of a navigation

During handling of the above exception, another exception occurred:

Traceback (most recent call last):
  File "C:\Program Files\Python314\Lib\asyncio\events.py", line 94, in _run
    self._context.run(self._callback, *self._args)
    ~~~~~~~~~~~~~~~~~^^^^^^^^^^^^^^^^^^^^^^^^^^^^^
  File "C:\Users\Mouad\AppData\Roaming\Python\Python314\site-packages\playwright\_impl\_sync_base.py", line 111, in <lambda>
    task.add_done_callback(lambda _: g_self.switch())
                                     ~~~~~~~~~~~~~^^
  File "C:\Users\Mouad\AppData\Roaming\Python\Python314\site-packages\playwright\_impl\_helper.py", line 455, in _handler
    self.handler(route, route.request)  # type: ignore
    ~~~~~~~~~~~~^^^^^^^^^^^^^^^^^^^^^^
  File "C:\Users\Mouad\AppData\Roaming\Python\Python314\site-packages\playwright\_impl\_impl_to_api_mapping.py", line 123, in wrapper_func
    return handler(
        *list(map(lambda a: self.from_maybe_impl(a), args))[:arg_count]
    )
  File "C:\Users\Mouad\Desktop\video_player\sextb_grab.py", line 212, in block_ads
    route.continue_()
    ~~~~~~~~~~~~~~~^^
  File "C:\Users\Mouad\AppData\Roaming\Python\Python314\site-packages\playwright\sync_api\_generated.py", line 1021, in continue_
    self._sync(
    ~~~~~~~~~~^
        self._impl_obj.continue_(
        ^^^^^^^^^^^^^^^^^^^^^^^^^
    ...<4 lines>...
        )
        ^
    )
    ^
  File "C:\Users\Mouad\AppData\Roaming\Python\Python314\site-packages\playwright\_impl\_sync_base.py", line 115, in _sync
    return task.result()
           ~~~~~~~~~~~^^
  File "C:\Users\Mouad\AppData\Roaming\Python\Python314\site-packages\playwright\_impl\_network.py", line 518, in continue_
    return await self._handle_route(_inner)
           ^^^^^^^^^^^^^^^^^^^^^^^^^^^^^^^^
  File "C:\Users\Mouad\AppData\Roaming\Python\Python314\site-packages\playwright\_impl\_network.py", line 464, in _handle_route
    await callback()
  File "C:\Users\Mouad\AppData\Roaming\Python\Python314\site-packages\playwright\_impl\_network.py", line 516, in _inner
    await self._inner_continue(False)
  File "C:\Users\Mouad\AppData\Roaming\Python\Python314\site-packages\playwright\_impl\_network.py", line 522, in _inner_continue
    await self._race_with_page_close(
    ...<17 lines>...
    )
  File "C:\Users\Mouad\AppData\Roaming\Python\Python314\site-packages\playwright\_impl\_network.py", line 558, in _race_with_page_close
    await asyncio.wait(
    ...<2 lines>...
    )
  File "C:\Program Files\Python314\Lib\asyncio\tasks.py", line 432, in wait
    return await _wait(fs, timeout, return_when, loop)
           ^^^^^^^^^^^^^^^^^^^^^^^^^^^^^^^^^^^^^^^^^^^
  File "C:\Program Files\Python314\Lib\asyncio\tasks.py", line 521, in _wait
    await waiter
asyncio.exceptions.CancelledError
2026-07-13 02:10:46,787 - ERROR - Exception in callback Connection.dispatch.<locals>._done_callback() at C:\Users\Mouad\AppData\Roaming\Python\Python314\site-packages\playwright\_impl\_connection.py:466
handle: <Handle Connection.dispatch.<locals>._done_callback() at C:\Users\Mouad\AppData\Roaming\Python\Python314\site-packages\playwright\_impl\_connection.py:466>
Traceback (most recent call last):
  File "C:\Users\Mouad\Desktop\video_player\sextb_grab.py", line 278, in grab_all_playwright
    iframes = page.query_selector_all('#sextb-player iframe, .player-wrapper iframe')
  File "C:\Users\Mouad\AppData\Roaming\Python\Python314\site-packages\playwright\sync_api\_generated.py", line 8699, in query_selector_all
    self._sync(self._impl_obj.query_selector_all(selector=selector))
    ~~~~~~~~~~^^^^^^^^^^^^^^^^^^^^^^^^^^^^^^^^^^^^^^^^^^^^^^^^^^^^^^
  File "C:\Users\Mouad\AppData\Roaming\Python\Python314\site-packages\playwright\_impl\_sync_base.py", line 115, in _sync
    return task.result()
           ~~~~~~~~~~~^^
  File "C:\Users\Mouad\AppData\Roaming\Python\Python314\site-packages\playwright\_impl\_page.py", line 415, in query_selector_all
    return await self._main_frame.query_selector_all(selector)
           ^^^^^^^^^^^^^^^^^^^^^^^^^^^^^^^^^^^^^^^^^^^^^^^^^^^
  File "C:\Users\Mouad\AppData\Roaming\Python\Python314\site-packages\playwright\_impl\_frame.py", line 358, in query_selector_all
    await self._channel.send(
    ^^^^^^^^^^^^^^^^^^^^^^^^^
        "querySelectorAll", None, dict(selector=selector)
        ^^^^^^^^^^^^^^^^^^^^^^^^^^^^^^^^^^^^^^^^^^^^^^^^^
    ),
    ^
  File "C:\Users\Mouad\AppData\Roaming\Python\Python314\site-packages\playwright\_impl\_connection.py", line 69, in send
    return await self._connection.wrap_api_call(
           ^^^^^^^^^^^^^^^^^^^^^^^^^^^^^^^^^^^^^
    ...<3 lines>...
    )
    ^
  File "C:\Users\Mouad\AppData\Roaming\Python\Python314\site-packages\playwright\_impl\_connection.py", line 559, in wrap_api_call
    raise rewrite_error(error, f"{parsed_st['apiName']}: {error}") from None
playwright._impl._errors.Error: Page.query_selector_all: Execution context was destroyed, most likely because of a navigation

During handling of the above exception, another exception occurred:

Traceback (most recent call last):
  File "C:\Program Files\Python314\Lib\asyncio\events.py", line 94, in _run
    self._context.run(self._callback, *self._args)
    ~~~~~~~~~~~~~~~~~^^^^^^^^^^^^^^^^^^^^^^^^^^^^^
  File "C:\Users\Mouad\AppData\Roaming\Python\Python314\site-packages\playwright\_impl\_connection.py", line 467, in _done_callback
    exc = future.exception()
  File "C:\Users\Mouad\AppData\Roaming\Python\Python314\site-packages\playwright\_impl\_page.py", line 305, in _on_route
    handled = await route_handler.handle(route)
              ^^^^^^^^^^^^^^^^^^^^^^^^^^^^^^^^^
  File "C:\Users\Mouad\AppData\Roaming\Python\Python314\site-packages\playwright\_impl\_helper.py", line 428, in handle
    return await self._handle_internal(route)
           ^^^^^^^^^^^^^^^^^^^^^^^^^^^^^^^^^^
  File "C:\Users\Mouad\AppData\Roaming\Python\Python314\site-packages\playwright\_impl\_helper.py", line 464, in _handle_internal
    await handler_finished_future
asyncio.exceptions.CancelledError
2026-07-13 02:10:46,921 - ERROR - Exception in callback SyncBase._sync.<locals>.<lambda>() at C:\Users\Mouad\AppData\Roaming\Python\Python314\site-packages\playwright\_impl\_sync_base.py:111
handle: <Handle SyncBase._sync.<locals>.<lambda>() at C:\Users\Mouad\AppData\Roaming\Python\Python314\site-packages\playwright\_impl\_sync_base.py:111>
Traceback (most recent call last):
  File "C:\Users\Mouad\Desktop\video_player\sextb_grab.py", line 278, in grab_all_playwright
    iframes = page.query_selector_all('#sextb-player iframe, .player-wrapper iframe')
  File "C:\Users\Mouad\AppData\Roaming\Python\Python314\site-packages\playwright\sync_api\_generated.py", line 8699, in query_selector_all
    self._sync(self._impl_obj.query_selector_all(selector=selector))
    ~~~~~~~~~~^^^^^^^^^^^^^^^^^^^^^^^^^^^^^^^^^^^^^^^^^^^^^^^^^^^^^^
  File "C:\Users\Mouad\AppData\Roaming\Python\Python314\site-packages\playwright\_impl\_sync_base.py", line 115, in _sync
    return task.result()
           ~~~~~~~~~~~^^
  File "C:\Users\Mouad\AppData\Roaming\Python\Python314\site-packages\playwright\_impl\_page.py", line 415, in query_selector_all
    return await self._main_frame.query_selector_all(selector)
           ^^^^^^^^^^^^^^^^^^^^^^^^^^^^^^^^^^^^^^^^^^^^^^^^^^^
  File "C:\Users\Mouad\AppData\Roaming\Python\Python314\site-packages\playwright\_impl\_frame.py", line 358, in query_selector_all
    await self._channel.send(
    ^^^^^^^^^^^^^^^^^^^^^^^^^
        "querySelectorAll", None, dict(selector=selector)
        ^^^^^^^^^^^^^^^^^^^^^^^^^^^^^^^^^^^^^^^^^^^^^^^^^
    ),
    ^
  File "C:\Users\Mouad\AppData\Roaming\Python\Python314\site-packages\playwright\_impl\_connection.py", line 69, in send
    return await self._connection.wrap_api_call(
           ^^^^^^^^^^^^^^^^^^^^^^^^^^^^^^^^^^^^^
    ...<3 lines>...
    )
    ^
  File "C:\Users\Mouad\AppData\Roaming\Python\Python314\site-packages\playwright\_impl\_connection.py", line 559, in wrap_api_call
    raise rewrite_error(error, f"{parsed_st['apiName']}: {error}") from None
playwright._impl._errors.Error: Page.query_selector_all: Execution context was destroyed, most likely because of a navigation

During handling of the above exception, another exception occurred:

Traceback (most recent call last):
  File "C:\Program Files\Python314\Lib\asyncio\events.py", line 94, in _run
    self._context.run(self._callback, *self._args)
    ~~~~~~~~~~~~~~~~~^^^^^^^^^^^^^^^^^^^^^^^^^^^^^
  File "C:\Users\Mouad\AppData\Roaming\Python\Python314\site-packages\playwright\_impl\_sync_base.py", line 111, in <lambda>
    task.add_done_callback(lambda _: g_self.switch())
                                     ~~~~~~~~~~~~~^^
  File "C:\Users\Mouad\AppData\Roaming\Python\Python314\site-packages\playwright\_impl\_helper.py", line 455, in _handler
    self.handler(route, route.request)  # type: ignore
    ~~~~~~~~~~~~^^^^^^^^^^^^^^^^^^^^^^
  File "C:\Users\Mouad\AppData\Roaming\Python\Python314\site-packages\playwright\_impl\_impl_to_api_mapping.py", line 123, in wrapper_func
    return handler(
        *list(map(lambda a: self.from_maybe_impl(a), args))[:arg_count]
    )
  File "C:\Users\Mouad\Desktop\video_player\sextb_grab.py", line 212, in block_ads
    route.continue_()
    ~~~~~~~~~~~~~~~^^
  File "C:\Users\Mouad\AppData\Roaming\Python\Python314\site-packages\playwright\sync_api\_generated.py", line 1021, in continue_
    self._sync(
    ~~~~~~~~~~^
        self._impl_obj.continue_(
        ^^^^^^^^^^^^^^^^^^^^^^^^^
    ...<4 lines>...
        )
        ^
    )
    ^
  File "C:\Users\Mouad\AppData\Roaming\Python\Python314\site-packages\playwright\_impl\_sync_base.py", line 115, in _sync
    return task.result()
           ~~~~~~~~~~~^^
  File "C:\Users\Mouad\AppData\Roaming\Python\Python314\site-packages\playwright\_impl\_network.py", line 518, in continue_
    return await self._handle_route(_inner)
           ^^^^^^^^^^^^^^^^^^^^^^^^^^^^^^^^
  File "C:\Users\Mouad\AppData\Roaming\Python\Python314\site-packages\playwright\_impl\_network.py", line 464, in _handle_route
    await callback()
  File "C:\Users\Mouad\AppData\Roaming\Python\Python314\site-packages\playwright\_impl\_network.py", line 516, in _inner
    await self._inner_continue(False)
  File "C:\Users\Mouad\AppData\Roaming\Python\Python314\site-packages\playwright\_impl\_network.py", line 522, in _inner_continue
    await self._race_with_page_close(
    ...<17 lines>...
    )
  File "C:\Users\Mouad\AppData\Roaming\Python\Python314\site-packages\playwright\_impl\_network.py", line 558, in _race_with_page_close
    await asyncio.wait(
    ...<2 lines>...
    )
  File "C:\Program Files\Python314\Lib\asyncio\tasks.py", line 432, in wait
    return await _wait(fs, timeout, return_when, loop)
           ^^^^^^^^^^^^^^^^^^^^^^^^^^^^^^^^^^^^^^^^^^^
  File "C:\Program Files\Python314\Lib\asyncio\tasks.py", line 521, in _wait
    await waiter
asyncio.exceptions.CancelledError
2026-07-13 02:10:47,063 - ERROR - Exception in callback Connection.dispatch.<locals>._done_callback() at C:\Users\Mouad\AppData\Roaming\Python\Python314\site-packages\playwright\_impl\_connection.py:466
handle: <Handle Connection.dispatch.<locals>._done_callback() at C:\Users\Mouad\AppData\Roaming\Python\Python314\site-packages\playwright\_impl\_connection.py:466>
Traceback (most recent call last):
  File "C:\Users\Mouad\Desktop\video_player\sextb_grab.py", line 278, in grab_all_playwright
    iframes = page.query_selector_all('#sextb-player iframe, .player-wrapper iframe')
  File "C:\Users\Mouad\AppData\Roaming\Python\Python314\site-packages\playwright\sync_api\_generated.py", line 8699, in query_selector_all
    self._sync(self._impl_obj.query_selector_all(selector=selector))
    ~~~~~~~~~~^^^^^^^^^^^^^^^^^^^^^^^^^^^^^^^^^^^^^^^^^^^^^^^^^^^^^^
  File "C:\Users\Mouad\AppData\Roaming\Python\Python314\site-packages\playwright\_impl\_sync_base.py", line 115, in _sync
    return task.result()
           ~~~~~~~~~~~^^
  File "C:\Users\Mouad\AppData\Roaming\Python\Python314\site-packages\playwright\_impl\_page.py", line 415, in query_selector_all
    return await self._main_frame.query_selector_all(selector)
           ^^^^^^^^^^^^^^^^^^^^^^^^^^^^^^^^^^^^^^^^^^^^^^^^^^^
  File "C:\Users\Mouad\AppData\Roaming\Python\Python314\site-packages\playwright\_impl\_frame.py", line 358, in query_selector_all
    await self._channel.send(
    ^^^^^^^^^^^^^^^^^^^^^^^^^
        "querySelectorAll", None, dict(selector=selector)
        ^^^^^^^^^^^^^^^^^^^^^^^^^^^^^^^^^^^^^^^^^^^^^^^^^
    ),
    ^
  File "C:\Users\Mouad\AppData\Roaming\Python\Python314\site-packages\playwright\_impl\_connection.py", line 69, in send
    return await self._connection.wrap_api_call(
           ^^^^^^^^^^^^^^^^^^^^^^^^^^^^^^^^^^^^^
    ...<3 lines>...
    )
    ^
  File "C:\Users\Mouad\AppData\Roaming\Python\Python314\site-packages\playwright\_impl\_connection.py", line 559, in wrap_api_call
    raise rewrite_error(error, f"{parsed_st['apiName']}: {error}") from None
playwright._impl._errors.Error: Page.query_selector_all: Execution context was destroyed, most likely because of a navigation

During handling of the above exception, another exception occurred:

Traceback (most recent call last):
  File "C:\Program Files\Python314\Lib\asyncio\events.py", line 94, in _run
    self._context.run(self._callback, *self._args)
    ~~~~~~~~~~~~~~~~~^^^^^^^^^^^^^^^^^^^^^^^^^^^^^
  File "C:\Users\Mouad\AppData\Roaming\Python\Python314\site-packages\playwright\_impl\_connection.py", line 467, in _done_callback
    exc = future.exception()
  File "C:\Users\Mouad\AppData\Roaming\Python\Python314\site-packages\playwright\_impl\_page.py", line 305, in _on_route
    handled = await route_handler.handle(route)
              ^^^^^^^^^^^^^^^^^^^^^^^^^^^^^^^^^
  File "C:\Users\Mouad\AppData\Roaming\Python\Python314\site-packages\playwright\_impl\_helper.py", line 428, in handle
    return await self._handle_internal(route)
           ^^^^^^^^^^^^^^^^^^^^^^^^^^^^^^^^^^
  File "C:\Users\Mouad\AppData\Roaming\Python\Python314\site-packages\playwright\_impl\_helper.py", line 464, in _handle_internal
    await handler_finished_future
asyncio.exceptions.CancelledError
2026-07-13 02:10:47,153 - ERROR - Exception in callback Connection.dispatch.<locals>._done_callback() at C:\Users\Mouad\AppData\Roaming\Python\Python314\site-packages\playwright\_impl\_connection.py:466
handle: <Handle Connection.dispatch.<locals>._done_callback() at C:\Users\Mouad\AppData\Roaming\Python\Python314\site-packages\playwright\_impl\_connection.py:466>
Traceback (most recent call last):
  File "C:\Users\Mouad\Desktop\video_player\sextb_grab.py", line 278, in grab_all_playwright
    iframes = page.query_selector_all('#sextb-player iframe, .player-wrapper iframe')
  File "C:\Users\Mouad\AppData\Roaming\Python\Python314\site-packages\playwright\sync_api\_generated.py", line 8699, in query_selector_all
    self._sync(self._impl_obj.query_selector_all(selector=selector))
    ~~~~~~~~~~^^^^^^^^^^^^^^^^^^^^^^^^^^^^^^^^^^^^^^^^^^^^^^^^^^^^^^
  File "C:\Users\Mouad\AppData\Roaming\Python\Python314\site-packages\playwright\_impl\_sync_base.py", line 115, in _sync
    return task.result()
           ~~~~~~~~~~~^^
  File "C:\Users\Mouad\AppData\Roaming\Python\Python314\site-packages\playwright\_impl\_page.py", line 415, in query_selector_all
    return await self._main_frame.query_selector_all(selector)
           ^^^^^^^^^^^^^^^^^^^^^^^^^^^^^^^^^^^^^^^^^^^^^^^^^^^
  File "C:\Users\Mouad\AppData\Roaming\Python\Python314\site-packages\playwright\_impl\_frame.py", line 358, in query_selector_all
    await self._channel.send(
    ^^^^^^^^^^^^^^^^^^^^^^^^^
        "querySelectorAll", None, dict(selector=selector)
        ^^^^^^^^^^^^^^^^^^^^^^^^^^^^^^^^^^^^^^^^^^^^^^^^^
    ),
    ^
  File "C:\Users\Mouad\AppData\Roaming\Python\Python314\site-packages\playwright\_impl\_connection.py", line 69, in send
    return await self._connection.wrap_api_call(
           ^^^^^^^^^^^^^^^^^^^^^^^^^^^^^^^^^^^^^
    ...<3 lines>...
    )
    ^
  File "C:\Users\Mouad\AppData\Roaming\Python\Python314\site-packages\playwright\_impl\_connection.py", line 559, in wrap_api_call
    raise rewrite_error(error, f"{parsed_st['apiName']}: {error}") from None
playwright._impl._errors.Error: Page.query_selector_all: Execution context was destroyed, most likely because of a navigation

During handling of the above exception, another exception occurred:

Traceback (most recent call last):
  File "C:\Program Files\Python314\Lib\asyncio\events.py", line 94, in _run
    self._context.run(self._callback, *self._args)
    ~~~~~~~~~~~~~~~~~^^^^^^^^^^^^^^^^^^^^^^^^^^^^^
  File "C:\Users\Mouad\AppData\Roaming\Python\Python314\site-packages\playwright\_impl\_connection.py", line 467, in _done_callback
    exc = future.exception()
  File "C:\Users\Mouad\AppData\Roaming\Python\Python314\site-packages\playwright\_impl\_page.py", line 305, in _on_route
    handled = await route_handler.handle(route)
              ^^^^^^^^^^^^^^^^^^^^^^^^^^^^^^^^^
  File "C:\Users\Mouad\AppData\Roaming\Python\Python314\site-packages\playwright\_impl\_helper.py", line 428, in handle
    return await self._handle_internal(route)
           ^^^^^^^^^^^^^^^^^^^^^^^^^^^^^^^^^^
  File "C:\Users\Mouad\AppData\Roaming\Python\Python314\site-packages\playwright\_impl\_helper.py", line 464, in _handle_internal
    await handler_finished_future
asyncio.exceptions.CancelledError
2026-07-13 02:10:47,245 - ERROR - Exception in callback Connection.dispatch.<locals>._done_callback() at C:\Users\Mouad\AppData\Roaming\Python\Python314\site-packages\playwright\_impl\_connection.py:466
handle: <Handle Connection.dispatch.<locals>._done_callback() at C:\Users\Mouad\AppData\Roaming\Python\Python314\site-packages\playwright\_impl\_connection.py:466>
Traceback (most recent call last):
  File "C:\Users\Mouad\Desktop\video_player\sextb_grab.py", line 278, in grab_all_playwright
    iframes = page.query_selector_all('#sextb-player iframe, .player-wrapper iframe')
  File "C:\Users\Mouad\AppData\Roaming\Python\Python314\site-packages\playwright\sync_api\_generated.py", line 8699, in query_selector_all
    self._sync(self._impl_obj.query_selector_all(selector=selector))
    ~~~~~~~~~~^^^^^^^^^^^^^^^^^^^^^^^^^^^^^^^^^^^^^^^^^^^^^^^^^^^^^^
  File "C:\Users\Mouad\AppData\Roaming\Python\Python314\site-packages\playwright\_impl\_sync_base.py", line 115, in _sync
    return task.result()
           ~~~~~~~~~~~^^
  File "C:\Users\Mouad\AppData\Roaming\Python\Python314\site-packages\playwright\_impl\_page.py", line 415, in query_selector_all
    return await self._main_frame.query_selector_all(selector)
           ^^^^^^^^^^^^^^^^^^^^^^^^^^^^^^^^^^^^^^^^^^^^^^^^^^^
  File "C:\Users\Mouad\AppData\Roaming\Python\Python314\site-packages\playwright\_impl\_frame.py", line 358, in query_selector_all
    await self._channel.send(
    ^^^^^^^^^^^^^^^^^^^^^^^^^
        "querySelectorAll", None, dict(selector=selector)
        ^^^^^^^^^^^^^^^^^^^^^^^^^^^^^^^^^^^^^^^^^^^^^^^^^
    ),
    ^
  File "C:\Users\Mouad\AppData\Roaming\Python\Python314\site-packages\playwright\_impl\_connection.py", line 69, in send
    return await self._connection.wrap_api_call(
           ^^^^^^^^^^^^^^^^^^^^^^^^^^^^^^^^^^^^^
    ...<3 lines>...
    )
    ^
  File "C:\Users\Mouad\AppData\Roaming\Python\Python314\site-packages\playwright\_impl\_connection.py", line 559, in wrap_api_call
    raise rewrite_error(error, f"{parsed_st['apiName']}: {error}") from None
playwright._impl._errors.Error: Page.query_selector_all: Execution context was destroyed, most likely because of a navigation

During handling of the above exception, another exception occurred:

Traceback (most recent call last):
  File "C:\Program Files\Python314\Lib\asyncio\events.py", line 94, in _run
    self._context.run(self._callback, *self._args)
    ~~~~~~~~~~~~~~~~~^^^^^^^^^^^^^^^^^^^^^^^^^^^^^
  File "C:\Users\Mouad\AppData\Roaming\Python\Python314\site-packages\playwright\_impl\_connection.py", line 467, in _done_callback
    exc = future.exception()
  File "C:\Users\Mouad\AppData\Roaming\Python\Python314\site-packages\playwright\_impl\_page.py", line 305, in _on_route
    handled = await route_handler.handle(route)
              ^^^^^^^^^^^^^^^^^^^^^^^^^^^^^^^^^
  File "C:\Users\Mouad\AppData\Roaming\Python\Python314\site-packages\playwright\_impl\_helper.py", line 428, in handle
    return await self._handle_internal(route)
           ^^^^^^^^^^^^^^^^^^^^^^^^^^^^^^^^^^
  File "C:\Users\Mouad\AppData\Roaming\Python\Python314\site-packages\playwright\_impl\_helper.py", line 464, in _handle_internal
    await handler_finished_future
asyncio.exceptions.CancelledError
2026-07-13 02:10:47,340 - ERROR - Exception in callback SyncBase._sync.<locals>.<lambda>() at C:\Users\Mouad\AppData\Roaming\Python\Python314\site-packages\playwright\_impl\_sync_base.py:111
handle: <Handle SyncBase._sync.<locals>.<lambda>() at C:\Users\Mouad\AppData\Roaming\Python\Python314\site-packages\playwright\_impl\_sync_base.py:111>
Traceback (most recent call last):
  File "C:\Users\Mouad\Desktop\video_player\sextb_grab.py", line 278, in grab_all_playwright
    iframes = page.query_selector_all('#sextb-player iframe, .player-wrapper iframe')
  File "C:\Users\Mouad\AppData\Roaming\Python\Python314\site-packages\playwright\sync_api\_generated.py", line 8699, in query_selector_all
    self._sync(self._impl_obj.query_selector_all(selector=selector))
    ~~~~~~~~~~^^^^^^^^^^^^^^^^^^^^^^^^^^^^^^^^^^^^^^^^^^^^^^^^^^^^^^
  File "C:\Users\Mouad\AppData\Roaming\Python\Python314\site-packages\playwright\_impl\_sync_base.py", line 115, in _sync
    return task.result()
           ~~~~~~~~~~~^^
  File "C:\Users\Mouad\AppData\Roaming\Python\Python314\site-packages\playwright\_impl\_page.py", line 415, in query_selector_all
    return await self._main_frame.query_selector_all(selector)
           ^^^^^^^^^^^^^^^^^^^^^^^^^^^^^^^^^^^^^^^^^^^^^^^^^^^
  File "C:\Users\Mouad\AppData\Roaming\Python\Python314\site-packages\playwright\_impl\_frame.py", line 358, in query_selector_all
    await self._channel.send(
    ^^^^^^^^^^^^^^^^^^^^^^^^^
        "querySelectorAll", None, dict(selector=selector)
        ^^^^^^^^^^^^^^^^^^^^^^^^^^^^^^^^^^^^^^^^^^^^^^^^^
    ),
    ^
  File "C:\Users\Mouad\AppData\Roaming\Python\Python314\site-packages\playwright\_impl\_connection.py", line 69, in send
    return await self._connection.wrap_api_call(
           ^^^^^^^^^^^^^^^^^^^^^^^^^^^^^^^^^^^^^
    ...<3 lines>...
    )
    ^
  File "C:\Users\Mouad\AppData\Roaming\Python\Python314\site-packages\playwright\_impl\_connection.py", line 559, in wrap_api_call
    raise rewrite_error(error, f"{parsed_st['apiName']}: {error}") from None
playwright._impl._errors.Error: Page.query_selector_all: Execution context was destroyed, most likely because of a navigation

During handling of the above exception, another exception occurred:

Traceback (most recent call last):
  File "C:\Program Files\Python314\Lib\asyncio\events.py", line 94, in _run
    self._context.run(self._callback, *self._args)
    ~~~~~~~~~~~~~~~~~^^^^^^^^^^^^^^^^^^^^^^^^^^^^^
  File "C:\Users\Mouad\AppData\Roaming\Python\Python314\site-packages\playwright\_impl\_sync_base.py", line 111, in <lambda>
    task.add_done_callback(lambda _: g_self.switch())
                                     ~~~~~~~~~~~~~^^
  File "C:\Users\Mouad\AppData\Roaming\Python\Python314\site-packages\playwright\_impl\_helper.py", line 455, in _handler
    self.handler(route, route.request)  # type: ignore
    ~~~~~~~~~~~~^^^^^^^^^^^^^^^^^^^^^^
  File "C:\Users\Mouad\AppData\Roaming\Python\Python314\site-packages\playwright\_impl\_impl_to_api_mapping.py", line 123, in wrapper_func
    return handler(
        *list(map(lambda a: self.from_maybe_impl(a), args))[:arg_count]
    )
  File "C:\Users\Mouad\Desktop\video_player\sextb_grab.py", line 212, in block_ads
    route.continue_()
    ~~~~~~~~~~~~~~~^^
  File "C:\Users\Mouad\AppData\Roaming\Python\Python314\site-packages\playwright\sync_api\_generated.py", line 1021, in continue_
    self._sync(
    ~~~~~~~~~~^
        self._impl_obj.continue_(
        ^^^^^^^^^^^^^^^^^^^^^^^^^
    ...<4 lines>...
        )
        ^
    )
    ^
  File "C:\Users\Mouad\AppData\Roaming\Python\Python314\site-packages\playwright\_impl\_sync_base.py", line 115, in _sync
    return task.result()
           ~~~~~~~~~~~^^
  File "C:\Users\Mouad\AppData\Roaming\Python\Python314\site-packages\playwright\_impl\_network.py", line 518, in continue_
    return await self._handle_route(_inner)
           ^^^^^^^^^^^^^^^^^^^^^^^^^^^^^^^^
  File "C:\Users\Mouad\AppData\Roaming\Python\Python314\site-packages\playwright\_impl\_network.py", line 464, in _handle_route
    await callback()
  File "C:\Users\Mouad\AppData\Roaming\Python\Python314\site-packages\playwright\_impl\_network.py", line 516, in _inner
    await self._inner_continue(False)
  File "C:\Users\Mouad\AppData\Roaming\Python\Python314\site-packages\playwright\_impl\_network.py", line 522, in _inner_continue
    await self._race_with_page_close(
    ...<17 lines>...
    )
  File "C:\Users\Mouad\AppData\Roaming\Python\Python314\site-packages\playwright\_impl\_network.py", line 558, in _race_with_page_close
    await asyncio.wait(
    ...<2 lines>...
    )
  File "C:\Program Files\Python314\Lib\asyncio\tasks.py", line 432, in wait
    return await _wait(fs, timeout, return_when, loop)
           ^^^^^^^^^^^^^^^^^^^^^^^^^^^^^^^^^^^^^^^^^^^
  File "C:\Program Files\Python314\Lib\asyncio\tasks.py", line 521, in _wait
    await waiter
asyncio.exceptions.CancelledError
2026-07-13 02:10:47,435 - ERROR - Exception in callback SyncBase._sync.<locals>.<lambda>() at C:\Users\Mouad\AppData\Roaming\Python\Python314\site-packages\playwright\_impl\_sync_base.py:111
handle: <Handle SyncBase._sync.<locals>.<lambda>() at C:\Users\Mouad\AppData\Roaming\Python\Python314\site-packages\playwright\_impl\_sync_base.py:111>
Traceback (most recent call last):
  File "C:\Users\Mouad\Desktop\video_player\sextb_grab.py", line 278, in grab_all_playwright
    iframes = page.query_selector_all('#sextb-player iframe, .player-wrapper iframe')
  File "C:\Users\Mouad\AppData\Roaming\Python\Python314\site-packages\playwright\sync_api\_generated.py", line 8699, in query_selector_all
    self._sync(self._impl_obj.query_selector_all(selector=selector))
    ~~~~~~~~~~^^^^^^^^^^^^^^^^^^^^^^^^^^^^^^^^^^^^^^^^^^^^^^^^^^^^^^
  File "C:\Users\Mouad\AppData\Roaming\Python\Python314\site-packages\playwright\_impl\_sync_base.py", line 115, in _sync
    return task.result()
           ~~~~~~~~~~~^^
  File "C:\Users\Mouad\AppData\Roaming\Python\Python314\site-packages\playwright\_impl\_page.py", line 415, in query_selector_all
    return await self._main_frame.query_selector_all(selector)
           ^^^^^^^^^^^^^^^^^^^^^^^^^^^^^^^^^^^^^^^^^^^^^^^^^^^
  File "C:\Users\Mouad\AppData\Roaming\Python\Python314\site-packages\playwright\_impl\_frame.py", line 358, in query_selector_all
    await self._channel.send(
    ^^^^^^^^^^^^^^^^^^^^^^^^^
        "querySelectorAll", None, dict(selector=selector)
        ^^^^^^^^^^^^^^^^^^^^^^^^^^^^^^^^^^^^^^^^^^^^^^^^^
    ),
    ^
  File "C:\Users\Mouad\AppData\Roaming\Python\Python314\site-packages\playwright\_impl\_connection.py", line 69, in send
    return await self._connection.wrap_api_call(
           ^^^^^^^^^^^^^^^^^^^^^^^^^^^^^^^^^^^^^
    ...<3 lines>...
    )
    ^
  File "C:\Users\Mouad\AppData\Roaming\Python\Python314\site-packages\playwright\_impl\_connection.py", line 559, in wrap_api_call
    raise rewrite_error(error, f"{parsed_st['apiName']}: {error}") from None
playwright._impl._errors.Error: Page.query_selector_all: Execution context was destroyed, most likely because of a navigation

During handling of the above exception, another exception occurred:

Traceback (most recent call last):
  File "C:\Program Files\Python314\Lib\asyncio\events.py", line 94, in _run
    self._context.run(self._callback, *self._args)
    ~~~~~~~~~~~~~~~~~^^^^^^^^^^^^^^^^^^^^^^^^^^^^^
  File "C:\Users\Mouad\AppData\Roaming\Python\Python314\site-packages\playwright\_impl\_sync_base.py", line 111, in <lambda>
    task.add_done_callback(lambda _: g_self.switch())
                                     ~~~~~~~~~~~~~^^
  File "C:\Users\Mouad\AppData\Roaming\Python\Python314\site-packages\playwright\_impl\_helper.py", line 455, in _handler
    self.handler(route, route.request)  # type: ignore
    ~~~~~~~~~~~~^^^^^^^^^^^^^^^^^^^^^^
  File "C:\Users\Mouad\AppData\Roaming\Python\Python314\site-packages\playwright\_impl\_impl_to_api_mapping.py", line 123, in wrapper_func
    return handler(
        *list(map(lambda a: self.from_maybe_impl(a), args))[:arg_count]
    )
  File "C:\Users\Mouad\Desktop\video_player\sextb_grab.py", line 212, in block_ads
    route.continue_()
    ~~~~~~~~~~~~~~~^^
  File "C:\Users\Mouad\AppData\Roaming\Python\Python314\site-packages\playwright\sync_api\_generated.py", line 1021, in continue_
    self._sync(
    ~~~~~~~~~~^
        self._impl_obj.continue_(
        ^^^^^^^^^^^^^^^^^^^^^^^^^
    ...<4 lines>...
        )
        ^
    )
    ^
  File "C:\Users\Mouad\AppData\Roaming\Python\Python314\site-packages\playwright\_impl\_sync_base.py", line 115, in _sync
    return task.result()
           ~~~~~~~~~~~^^
  File "C:\Users\Mouad\AppData\Roaming\Python\Python314\site-packages\playwright\_impl\_network.py", line 518, in continue_
    return await self._handle_route(_inner)
           ^^^^^^^^^^^^^^^^^^^^^^^^^^^^^^^^
  File "C:\Users\Mouad\AppData\Roaming\Python\Python314\site-packages\playwright\_impl\_network.py", line 464, in _handle_route
    await callback()
  File "C:\Users\Mouad\AppData\Roaming\Python\Python314\site-packages\playwright\_impl\_network.py", line 516, in _inner
    await self._inner_continue(False)
  File "C:\Users\Mouad\AppData\Roaming\Python\Python314\site-packages\playwright\_impl\_network.py", line 522, in _inner_continue
    await self._race_with_page_close(
    ...<17 lines>...
    )
  File "C:\Users\Mouad\AppData\Roaming\Python\Python314\site-packages\playwright\_impl\_network.py", line 558, in _race_with_page_close
    await asyncio.wait(
    ...<2 lines>...
    )
  File "C:\Program Files\Python314\Lib\asyncio\tasks.py", line 432, in wait
    return await _wait(fs, timeout, return_when, loop)
           ^^^^^^^^^^^^^^^^^^^^^^^^^^^^^^^^^^^^^^^^^^^
  File "C:\Program Files\Python314\Lib\asyncio\tasks.py", line 521, in _wait
    await waiter
asyncio.exceptions.CancelledError
2026-07-13 02:10:47,529 - ERROR - Exception in callback SyncBase._sync.<locals>.<lambda>() at C:\Users\Mouad\AppData\Roaming\Python\Python314\site-packages\playwright\_impl\_sync_base.py:111
handle: <Handle SyncBase._sync.<locals>.<lambda>() at C:\Users\Mouad\AppData\Roaming\Python\Python314\site-packages\playwright\_impl\_sync_base.py:111>
Traceback (most recent call last):
  File "C:\Users\Mouad\Desktop\video_player\sextb_grab.py", line 278, in grab_all_playwright
    iframes = page.query_selector_all('#sextb-player iframe, .player-wrapper iframe')
  File "C:\Users\Mouad\AppData\Roaming\Python\Python314\site-packages\playwright\sync_api\_generated.py", line 8699, in query_selector_all
    self._sync(self._impl_obj.query_selector_all(selector=selector))
    ~~~~~~~~~~^^^^^^^^^^^^^^^^^^^^^^^^^^^^^^^^^^^^^^^^^^^^^^^^^^^^^^
  File "C:\Users\Mouad\AppData\Roaming\Python\Python314\site-packages\playwright\_impl\_sync_base.py", line 115, in _sync
    return task.result()
           ~~~~~~~~~~~^^
  File "C:\Users\Mouad\AppData\Roaming\Python\Python314\site-packages\playwright\_impl\_page.py", line 415, in query_selector_all
    return await self._main_frame.query_selector_all(selector)
           ^^^^^^^^^^^^^^^^^^^^^^^^^^^^^^^^^^^^^^^^^^^^^^^^^^^
  File "C:\Users\Mouad\AppData\Roaming\Python\Python314\site-packages\playwright\_impl\_frame.py", line 358, in query_selector_all
    await self._channel.send(
    ^^^^^^^^^^^^^^^^^^^^^^^^^
        "querySelectorAll", None, dict(selector=selector)
        ^^^^^^^^^^^^^^^^^^^^^^^^^^^^^^^^^^^^^^^^^^^^^^^^^
    ),
    ^
  File "C:\Users\Mouad\AppData\Roaming\Python\Python314\site-packages\playwright\_impl\_connection.py", line 69, in send
    return await self._connection.wrap_api_call(
           ^^^^^^^^^^^^^^^^^^^^^^^^^^^^^^^^^^^^^
    ...<3 lines>...
    )
    ^
  File "C:\Users\Mouad\AppData\Roaming\Python\Python314\site-packages\playwright\_impl\_connection.py", line 559, in wrap_api_call
    raise rewrite_error(error, f"{parsed_st['apiName']}: {error}") from None
playwright._impl._errors.Error: Page.query_selector_all: Execution context was destroyed, most likely because of a navigation

During handling of the above exception, another exception occurred:

Traceback (most recent call last):
  File "C:\Program Files\Python314\Lib\asyncio\events.py", line 94, in _run
    self._context.run(self._callback, *self._args)
    ~~~~~~~~~~~~~~~~~^^^^^^^^^^^^^^^^^^^^^^^^^^^^^
  File "C:\Users\Mouad\AppData\Roaming\Python\Python314\site-packages\playwright\_impl\_sync_base.py", line 111, in <lambda>
    task.add_done_callback(lambda _: g_self.switch())
                                     ~~~~~~~~~~~~~^^
  File "C:\Users\Mouad\AppData\Roaming\Python\Python314\site-packages\playwright\_impl\_helper.py", line 455, in _handler
    self.handler(route, route.request)  # type: ignore
    ~~~~~~~~~~~~^^^^^^^^^^^^^^^^^^^^^^
  File "C:\Users\Mouad\AppData\Roaming\Python\Python314\site-packages\playwright\_impl\_impl_to_api_mapping.py", line 123, in wrapper_func
    return handler(
        *list(map(lambda a: self.from_maybe_impl(a), args))[:arg_count]
    )
  File "C:\Users\Mouad\Desktop\video_player\sextb_grab.py", line 212, in block_ads
    route.continue_()
    ~~~~~~~~~~~~~~~^^
  File "C:\Users\Mouad\AppData\Roaming\Python\Python314\site-packages\playwright\sync_api\_generated.py", line 1021, in continue_
    self._sync(
    ~~~~~~~~~~^
        self._impl_obj.continue_(
        ^^^^^^^^^^^^^^^^^^^^^^^^^
    ...<4 lines>...
        )
        ^
    )
    ^
  File "C:\Users\Mouad\AppData\Roaming\Python\Python314\site-packages\playwright\_impl\_sync_base.py", line 115, in _sync
    return task.result()
           ~~~~~~~~~~~^^
  File "C:\Users\Mouad\AppData\Roaming\Python\Python314\site-packages\playwright\_impl\_network.py", line 518, in continue_
    return await self._handle_route(_inner)
           ^^^^^^^^^^^^^^^^^^^^^^^^^^^^^^^^
  File "C:\Users\Mouad\AppData\Roaming\Python\Python314\site-packages\playwright\_impl\_network.py", line 464, in _handle_route
    await callback()
  File "C:\Users\Mouad\AppData\Roaming\Python\Python314\site-packages\playwright\_impl\_network.py", line 516, in _inner
    await self._inner_continue(False)
  File "C:\Users\Mouad\AppData\Roaming\Python\Python314\site-packages\playwright\_impl\_network.py", line 522, in _inner_continue
    await self._race_with_page_close(
    ...<17 lines>...
    )
  File "C:\Users\Mouad\AppData\Roaming\Python\Python314\site-packages\playwright\_impl\_network.py", line 558, in _race_with_page_close
    await asyncio.wait(
    ...<2 lines>...
    )
  File "C:\Program Files\Python314\Lib\asyncio\tasks.py", line 432, in wait
    return await _wait(fs, timeout, return_when, loop)
           ^^^^^^^^^^^^^^^^^^^^^^^^^^^^^^^^^^^^^^^^^^^
  File "C:\Program Files\Python314\Lib\asyncio\tasks.py", line 521, in _wait
    await waiter
asyncio.exceptions.CancelledError
2026-07-13 02:10:47,666 - ERROR - Exception in callback Connection.dispatch.<locals>._done_callback() at C:\Users\Mouad\AppData\Roaming\Python\Python314\site-packages\playwright\_impl\_connection.py:466
handle: <Handle Connection.dispatch.<locals>._done_callback() at C:\Users\Mouad\AppData\Roaming\Python\Python314\site-packages\playwright\_impl\_connection.py:466>
Traceback (most recent call last):
  File "C:\Users\Mouad\Desktop\video_player\sextb_grab.py", line 278, in grab_all_playwright
    iframes = page.query_selector_all('#sextb-player iframe, .player-wrapper iframe')
  File "C:\Users\Mouad\AppData\Roaming\Python\Python314\site-packages\playwright\sync_api\_generated.py", line 8699, in query_selector_all
    self._sync(self._impl_obj.query_selector_all(selector=selector))
    ~~~~~~~~~~^^^^^^^^^^^^^^^^^^^^^^^^^^^^^^^^^^^^^^^^^^^^^^^^^^^^^^
  File "C:\Users\Mouad\AppData\Roaming\Python\Python314\site-packages\playwright\_impl\_sync_base.py", line 115, in _sync
    return task.result()
           ~~~~~~~~~~~^^
  File "C:\Users\Mouad\AppData\Roaming\Python\Python314\site-packages\playwright\_impl\_page.py", line 415, in query_selector_all
    return await self._main_frame.query_selector_all(selector)
           ^^^^^^^^^^^^^^^^^^^^^^^^^^^^^^^^^^^^^^^^^^^^^^^^^^^
  File "C:\Users\Mouad\AppData\Roaming\Python\Python314\site-packages\playwright\_impl\_frame.py", line 358, in query_selector_all
    await self._channel.send(
    ^^^^^^^^^^^^^^^^^^^^^^^^^
        "querySelectorAll", None, dict(selector=selector)
        ^^^^^^^^^^^^^^^^^^^^^^^^^^^^^^^^^^^^^^^^^^^^^^^^^
    ),
    ^
  File "C:\Users\Mouad\AppData\Roaming\Python\Python314\site-packages\playwright\_impl\_connection.py", line 69, in send
    return await self._connection.wrap_api_call(
           ^^^^^^^^^^^^^^^^^^^^^^^^^^^^^^^^^^^^^
    ...<3 lines>...
    )
    ^
  File "C:\Users\Mouad\AppData\Roaming\Python\Python314\site-packages\playwright\_impl\_connection.py", line 559, in wrap_api_call
    raise rewrite_error(error, f"{parsed_st['apiName']}: {error}") from None
playwright._impl._errors.Error: Page.query_selector_all: Execution context was destroyed, most likely because of a navigation

During handling of the above exception, another exception occurred:

Traceback (most recent call last):
  File "C:\Program Files\Python314\Lib\asyncio\events.py", line 94, in _run
    self._context.run(self._callback, *self._args)
    ~~~~~~~~~~~~~~~~~^^^^^^^^^^^^^^^^^^^^^^^^^^^^^
  File "C:\Users\Mouad\AppData\Roaming\Python\Python314\site-packages\playwright\_impl\_connection.py", line 467, in _done_callback
    exc = future.exception()
  File "C:\Users\Mouad\AppData\Roaming\Python\Python314\site-packages\playwright\_impl\_page.py", line 305, in _on_route
    handled = await route_handler.handle(route)
              ^^^^^^^^^^^^^^^^^^^^^^^^^^^^^^^^^
  File "C:\Users\Mouad\AppData\Roaming\Python\Python314\site-packages\playwright\_impl\_helper.py", line 428, in handle
    return await self._handle_internal(route)
           ^^^^^^^^^^^^^^^^^^^^^^^^^^^^^^^^^^
  File "C:\Users\Mouad\AppData\Roaming\Python\Python314\site-packages\playwright\_impl\_helper.py", line 464, in _handle_internal
    await handler_finished_future
asyncio.exceptions.CancelledError
2026-07-13 02:10:47,759 - ERROR - Exception in callback Connection.dispatch.<locals>._done_callback() at C:\Users\Mouad\AppData\Roaming\Python\Python314\site-packages\playwright\_impl\_connection.py:466
handle: <Handle Connection.dispatch.<locals>._done_callback() at C:\Users\Mouad\AppData\Roaming\Python\Python314\site-packages\playwright\_impl\_connection.py:466>
Traceback (most recent call last):
  File "C:\Users\Mouad\Desktop\video_player\sextb_grab.py", line 278, in grab_all_playwright
    iframes = page.query_selector_all('#sextb-player iframe, .player-wrapper iframe')
  File "C:\Users\Mouad\AppData\Roaming\Python\Python314\site-packages\playwright\sync_api\_generated.py", line 8699, in query_selector_all
    self._sync(self._impl_obj.query_selector_all(selector=selector))
    ~~~~~~~~~~^^^^^^^^^^^^^^^^^^^^^^^^^^^^^^^^^^^^^^^^^^^^^^^^^^^^^^
  File "C:\Users\Mouad\AppData\Roaming\Python\Python314\site-packages\playwright\_impl\_sync_base.py", line 115, in _sync
    return task.result()
           ~~~~~~~~~~~^^
  File "C:\Users\Mouad\AppData\Roaming\Python\Python314\site-packages\playwright\_impl\_page.py", line 415, in query_selector_all
    return await self._main_frame.query_selector_all(selector)
           ^^^^^^^^^^^^^^^^^^^^^^^^^^^^^^^^^^^^^^^^^^^^^^^^^^^
  File "C:\Users\Mouad\AppData\Roaming\Python\Python314\site-packages\playwright\_impl\_frame.py", line 358, in query_selector_all
    await self._channel.send(
    ^^^^^^^^^^^^^^^^^^^^^^^^^
        "querySelectorAll", None, dict(selector=selector)
        ^^^^^^^^^^^^^^^^^^^^^^^^^^^^^^^^^^^^^^^^^^^^^^^^^
    ),
    ^
  File "C:\Users\Mouad\AppData\Roaming\Python\Python314\site-packages\playwright\_impl\_connection.py", line 69, in send
    return await self._connection.wrap_api_call(
           ^^^^^^^^^^^^^^^^^^^^^^^^^^^^^^^^^^^^^
    ...<3 lines>...
    )
    ^
  File "C:\Users\Mouad\AppData\Roaming\Python\Python314\site-packages\playwright\_impl\_connection.py", line 559, in wrap_api_call
    raise rewrite_error(error, f"{parsed_st['apiName']}: {error}") from None
playwright._impl._errors.Error: Page.query_selector_all: Execution context was destroyed, most likely because of a navigation

During handling of the above exception, another exception occurred:

Traceback (most recent call last):
  File "C:\Program Files\Python314\Lib\asyncio\events.py", line 94, in _run
    self._context.run(self._callback, *self._args)
    ~~~~~~~~~~~~~~~~~^^^^^^^^^^^^^^^^^^^^^^^^^^^^^
  File "C:\Users\Mouad\AppData\Roaming\Python\Python314\site-packages\playwright\_impl\_connection.py", line 467, in _done_callback
    exc = future.exception()
  File "C:\Users\Mouad\AppData\Roaming\Python\Python314\site-packages\playwright\_impl\_page.py", line 305, in _on_route
    handled = await route_handler.handle(route)
              ^^^^^^^^^^^^^^^^^^^^^^^^^^^^^^^^^
  File "C:\Users\Mouad\AppData\Roaming\Python\Python314\site-packages\playwright\_impl\_helper.py", line 428, in handle
    return await self._handle_internal(route)
           ^^^^^^^^^^^^^^^^^^^^^^^^^^^^^^^^^^
  File "C:\Users\Mouad\AppData\Roaming\Python\Python314\site-packages\playwright\_impl\_helper.py", line 464, in _handle_internal
    await handler_finished_future
asyncio.exceptions.CancelledError
2026-07-13 02:10:47,884 - ERROR - Exception in callback SyncBase._sync.<locals>.<lambda>() at C:\Users\Mouad\AppData\Roaming\Python\Python314\site-packages\playwright\_impl\_sync_base.py:111
handle: <Handle SyncBase._sync.<locals>.<lambda>() at C:\Users\Mouad\AppData\Roaming\Python\Python314\site-packages\playwright\_impl\_sync_base.py:111>
Traceback (most recent call last):
  File "C:\Users\Mouad\Desktop\video_player\sextb_grab.py", line 278, in grab_all_playwright
    iframes = page.query_selector_all('#sextb-player iframe, .player-wrapper iframe')
  File "C:\Users\Mouad\AppData\Roaming\Python\Python314\site-packages\playwright\sync_api\_generated.py", line 8699, in query_selector_all
    self._sync(self._impl_obj.query_selector_all(selector=selector))
    ~~~~~~~~~~^^^^^^^^^^^^^^^^^^^^^^^^^^^^^^^^^^^^^^^^^^^^^^^^^^^^^^
  File "C:\Users\Mouad\AppData\Roaming\Python\Python314\site-packages\playwright\_impl\_sync_base.py", line 115, in _sync
    return task.result()
           ~~~~~~~~~~~^^
  File "C:\Users\Mouad\AppData\Roaming\Python\Python314\site-packages\playwright\_impl\_page.py", line 415, in query_selector_all
    return await self._main_frame.query_selector_all(selector)
           ^^^^^^^^^^^^^^^^^^^^^^^^^^^^^^^^^^^^^^^^^^^^^^^^^^^
  File "C:\Users\Mouad\AppData\Roaming\Python\Python314\site-packages\playwright\_impl\_frame.py", line 358, in query_selector_all
    await self._channel.send(
    ^^^^^^^^^^^^^^^^^^^^^^^^^
        "querySelectorAll", None, dict(selector=selector)
        ^^^^^^^^^^^^^^^^^^^^^^^^^^^^^^^^^^^^^^^^^^^^^^^^^
    ),
    ^
  File "C:\Users\Mouad\AppData\Roaming\Python\Python314\site-packages\playwright\_impl\_connection.py", line 69, in send
    return await self._connection.wrap_api_call(
           ^^^^^^^^^^^^^^^^^^^^^^^^^^^^^^^^^^^^^
    ...<3 lines>...
    )
    ^
  File "C:\Users\Mouad\AppData\Roaming\Python\Python314\site-packages\playwright\_impl\_connection.py", line 559, in wrap_api_call
    raise rewrite_error(error, f"{parsed_st['apiName']}: {error}") from None
playwright._impl._errors.Error: Page.query_selector_all: Execution context was destroyed, most likely because of a navigation

During handling of the above exception, another exception occurred:

Traceback (most recent call last):
  File "C:\Program Files\Python314\Lib\asyncio\events.py", line 94, in _run
    self._context.run(self._callback, *self._args)
    ~~~~~~~~~~~~~~~~~^^^^^^^^^^^^^^^^^^^^^^^^^^^^^
  File "C:\Users\Mouad\AppData\Roaming\Python\Python314\site-packages\playwright\_impl\_sync_base.py", line 111, in <lambda>
    task.add_done_callback(lambda _: g_self.switch())
                                     ~~~~~~~~~~~~~^^
  File "C:\Users\Mouad\AppData\Roaming\Python\Python314\site-packages\playwright\_impl\_helper.py", line 455, in _handler
    self.handler(route, route.request)  # type: ignore
    ~~~~~~~~~~~~^^^^^^^^^^^^^^^^^^^^^^
  File "C:\Users\Mouad\AppData\Roaming\Python\Python314\site-packages\playwright\_impl\_impl_to_api_mapping.py", line 123, in wrapper_func
    return handler(
        *list(map(lambda a: self.from_maybe_impl(a), args))[:arg_count]
    )
  File "C:\Users\Mouad\Desktop\video_player\sextb_grab.py", line 212, in block_ads
    route.continue_()
    ~~~~~~~~~~~~~~~^^
  File "C:\Users\Mouad\AppData\Roaming\Python\Python314\site-packages\playwright\sync_api\_generated.py", line 1021, in continue_
    self._sync(
    ~~~~~~~~~~^
        self._impl_obj.continue_(
        ^^^^^^^^^^^^^^^^^^^^^^^^^
    ...<4 lines>...
        )
        ^
    )
    ^
  File "C:\Users\Mouad\AppData\Roaming\Python\Python314\site-packages\playwright\_impl\_sync_base.py", line 115, in _sync
    return task.result()
           ~~~~~~~~~~~^^
  File "C:\Users\Mouad\AppData\Roaming\Python\Python314\site-packages\playwright\_impl\_network.py", line 518, in continue_
    return await self._handle_route(_inner)
           ^^^^^^^^^^^^^^^^^^^^^^^^^^^^^^^^
  File "C:\Users\Mouad\AppData\Roaming\Python\Python314\site-packages\playwright\_impl\_network.py", line 464, in _handle_route
    await callback()
  File "C:\Users\Mouad\AppData\Roaming\Python\Python314\site-packages\playwright\_impl\_network.py", line 516, in _inner
    await self._inner_continue(False)
  File "C:\Users\Mouad\AppData\Roaming\Python\Python314\site-packages\playwright\_impl\_network.py", line 522, in _inner_continue
    await self._race_with_page_close(
    ...<17 lines>...
    )
  File "C:\Users\Mouad\AppData\Roaming\Python\Python314\site-packages\playwright\_impl\_network.py", line 558, in _race_with_page_close
    await asyncio.wait(
    ...<2 lines>...
    )
  File "C:\Program Files\Python314\Lib\asyncio\tasks.py", line 432, in wait
    return await _wait(fs, timeout, return_when, loop)
           ^^^^^^^^^^^^^^^^^^^^^^^^^^^^^^^^^^^^^^^^^^^
  File "C:\Program Files\Python314\Lib\asyncio\tasks.py", line 521, in _wait
    await waiter
asyncio.exceptions.CancelledError
2026-07-13 02:10:48,021 - ERROR - Exception in callback Connection.dispatch.<locals>._done_callback() at C:\Users\Mouad\AppData\Roaming\Python\Python314\site-packages\playwright\_impl\_connection.py:466
handle: <Handle Connection.dispatch.<locals>._done_callback() at C:\Users\Mouad\AppData\Roaming\Python\Python314\site-packages\playwright\_impl\_connection.py:466>
Traceback (most recent call last):
  File "C:\Users\Mouad\Desktop\video_player\sextb_grab.py", line 278, in grab_all_playwright
    iframes = page.query_selector_all('#sextb-player iframe, .player-wrapper iframe')
  File "C:\Users\Mouad\AppData\Roaming\Python\Python314\site-packages\playwright\sync_api\_generated.py", line 8699, in query_selector_all
    self._sync(self._impl_obj.query_selector_all(selector=selector))
    ~~~~~~~~~~^^^^^^^^^^^^^^^^^^^^^^^^^^^^^^^^^^^^^^^^^^^^^^^^^^^^^^
  File "C:\Users\Mouad\AppData\Roaming\Python\Python314\site-packages\playwright\_impl\_sync_base.py", line 115, in _sync
    return task.result()
           ~~~~~~~~~~~^^
  File "C:\Users\Mouad\AppData\Roaming\Python\Python314\site-packages\playwright\_impl\_page.py", line 415, in query_selector_all
    return await self._main_frame.query_selector_all(selector)
           ^^^^^^^^^^^^^^^^^^^^^^^^^^^^^^^^^^^^^^^^^^^^^^^^^^^
  File "C:\Users\Mouad\AppData\Roaming\Python\Python314\site-packages\playwright\_impl\_frame.py", line 358, in query_selector_all
    await self._channel.send(
    ^^^^^^^^^^^^^^^^^^^^^^^^^
        "querySelectorAll", None, dict(selector=selector)
        ^^^^^^^^^^^^^^^^^^^^^^^^^^^^^^^^^^^^^^^^^^^^^^^^^
    ),
    ^
  File "C:\Users\Mouad\AppData\Roaming\Python\Python314\site-packages\playwright\_impl\_connection.py", line 69, in send
    return await self._connection.wrap_api_call(
           ^^^^^^^^^^^^^^^^^^^^^^^^^^^^^^^^^^^^^
    ...<3 lines>...
    )
    ^
  File "C:\Users\Mouad\AppData\Roaming\Python\Python314\site-packages\playwright\_impl\_connection.py", line 559, in wrap_api_call
    raise rewrite_error(error, f"{parsed_st['apiName']}: {error}") from None
playwright._impl._errors.Error: Page.query_selector_all: Execution context was destroyed, most likely because of a navigation

During handling of the above exception, another exception occurred:

Traceback (most recent call last):
  File "C:\Program Files\Python314\Lib\asyncio\events.py", line 94, in _run
    self._context.run(self._callback, *self._args)
    ~~~~~~~~~~~~~~~~~^^^^^^^^^^^^^^^^^^^^^^^^^^^^^
  File "C:\Users\Mouad\AppData\Roaming\Python\Python314\site-packages\playwright\_impl\_connection.py", line 467, in _done_callback
    exc = future.exception()
  File "C:\Users\Mouad\AppData\Roaming\Python\Python314\site-packages\playwright\_impl\_page.py", line 305, in _on_route
    handled = await route_handler.handle(route)
              ^^^^^^^^^^^^^^^^^^^^^^^^^^^^^^^^^
  File "C:\Users\Mouad\AppData\Roaming\Python\Python314\site-packages\playwright\_impl\_helper.py", line 428, in handle
    return await self._handle_internal(route)
           ^^^^^^^^^^^^^^^^^^^^^^^^^^^^^^^^^^
  File "C:\Users\Mouad\AppData\Roaming\Python\Python314\site-packages\playwright\_impl\_helper.py", line 464, in _handle_internal
    await handler_finished_future
asyncio.exceptions.CancelledError
2026-07-13 02:10:48,078 - ERROR - Exception in callback Connection.dispatch.<locals>._done_callback() at C:\Users\Mouad\AppData\Roaming\Python\Python314\site-packages\playwright\_impl\_connection.py:466
handle: <Handle Connection.dispatch.<locals>._done_callback() at C:\Users\Mouad\AppData\Roaming\Python\Python314\site-packages\playwright\_impl\_connection.py:466>
Traceback (most recent call last):
  File "C:\Users\Mouad\Desktop\video_player\sextb_grab.py", line 278, in grab_all_playwright
    iframes = page.query_selector_all('#sextb-player iframe, .player-wrapper iframe')
  File "C:\Users\Mouad\AppData\Roaming\Python\Python314\site-packages\playwright\sync_api\_generated.py", line 8699, in query_selector_all
    self._sync(self._impl_obj.query_selector_all(selector=selector))
    ~~~~~~~~~~^^^^^^^^^^^^^^^^^^^^^^^^^^^^^^^^^^^^^^^^^^^^^^^^^^^^^^
  File "C:\Users\Mouad\AppData\Roaming\Python\Python314\site-packages\playwright\_impl\_sync_base.py", line 115, in _sync
    return task.result()
           ~~~~~~~~~~~^^
  File "C:\Users\Mouad\AppData\Roaming\Python\Python314\site-packages\playwright\_impl\_page.py", line 415, in query_selector_all
    return await self._main_frame.query_selector_all(selector)
           ^^^^^^^^^^^^^^^^^^^^^^^^^^^^^^^^^^^^^^^^^^^^^^^^^^^
  File "C:\Users\Mouad\AppData\Roaming\Python\Python314\site-packages\playwright\_impl\_frame.py", line 358, in query_selector_all
    await self._channel.send(
    ^^^^^^^^^^^^^^^^^^^^^^^^^
        "querySelectorAll", None, dict(selector=selector)
        ^^^^^^^^^^^^^^^^^^^^^^^^^^^^^^^^^^^^^^^^^^^^^^^^^
    ),
    ^
  File "C:\Users\Mouad\AppData\Roaming\Python\Python314\site-packages\playwright\_impl\_connection.py", line 69, in send
    return await self._connection.wrap_api_call(
           ^^^^^^^^^^^^^^^^^^^^^^^^^^^^^^^^^^^^^
    ...<3 lines>...
    )
    ^
  File "C:\Users\Mouad\AppData\Roaming\Python\Python314\site-packages\playwright\_impl\_connection.py", line 559, in wrap_api_call
    raise rewrite_error(error, f"{parsed_st['apiName']}: {error}") from None
playwright._impl._errors.Error: Page.query_selector_all: Execution context was destroyed, most likely because of a navigation

During handling of the above exception, another exception occurred:

Traceback (most recent call last):
  File "C:\Program Files\Python314\Lib\asyncio\events.py", line 94, in _run
    self._context.run(self._callback, *self._args)
    ~~~~~~~~~~~~~~~~~^^^^^^^^^^^^^^^^^^^^^^^^^^^^^
  File "C:\Users\Mouad\AppData\Roaming\Python\Python314\site-packages\playwright\_impl\_connection.py", line 467, in _done_callback
    exc = future.exception()
  File "C:\Users\Mouad\AppData\Roaming\Python\Python314\site-packages\playwright\_impl\_page.py", line 305, in _on_route
    handled = await route_handler.handle(route)
              ^^^^^^^^^^^^^^^^^^^^^^^^^^^^^^^^^
  File "C:\Users\Mouad\AppData\Roaming\Python\Python314\site-packages\playwright\_impl\_helper.py", line 428, in handle
    return await self._handle_internal(route)
           ^^^^^^^^^^^^^^^^^^^^^^^^^^^^^^^^^^
  File "C:\Users\Mouad\AppData\Roaming\Python\Python314\site-packages\playwright\_impl\_helper.py", line 464, in _handle_internal
    await handler_finished_future
asyncio.exceptions.CancelledError
2026-07-13 02:10:48,208 - ERROR - Exception in callback SyncBase._sync.<locals>.<lambda>() at C:\Users\Mouad\AppData\Roaming\Python\Python314\site-packages\playwright\_impl\_sync_base.py:111
handle: <Handle SyncBase._sync.<locals>.<lambda>() at C:\Users\Mouad\AppData\Roaming\Python\Python314\site-packages\playwright\_impl\_sync_base.py:111>
Traceback (most recent call last):
  File "C:\Users\Mouad\Desktop\video_player\sextb_grab.py", line 278, in grab_all_playwright
    iframes = page.query_selector_all('#sextb-player iframe, .player-wrapper iframe')
  File "C:\Users\Mouad\AppData\Roaming\Python\Python314\site-packages\playwright\sync_api\_generated.py", line 8699, in query_selector_all
    self._sync(self._impl_obj.query_selector_all(selector=selector))
    ~~~~~~~~~~^^^^^^^^^^^^^^^^^^^^^^^^^^^^^^^^^^^^^^^^^^^^^^^^^^^^^^
  File "C:\Users\Mouad\AppData\Roaming\Python\Python314\site-packages\playwright\_impl\_sync_base.py", line 115, in _sync
    return task.result()
           ~~~~~~~~~~~^^
  File "C:\Users\Mouad\AppData\Roaming\Python\Python314\site-packages\playwright\_impl\_page.py", line 415, in query_selector_all
    return await self._main_frame.query_selector_all(selector)
           ^^^^^^^^^^^^^^^^^^^^^^^^^^^^^^^^^^^^^^^^^^^^^^^^^^^
  File "C:\Users\Mouad\AppData\Roaming\Python\Python314\site-packages\playwright\_impl\_frame.py", line 358, in query_selector_all
    await self._channel.send(
    ^^^^^^^^^^^^^^^^^^^^^^^^^
        "querySelectorAll", None, dict(selector=selector)
        ^^^^^^^^^^^^^^^^^^^^^^^^^^^^^^^^^^^^^^^^^^^^^^^^^
    ),
    ^
  File "C:\Users\Mouad\AppData\Roaming\Python\Python314\site-packages\playwright\_impl\_connection.py", line 69, in send
    return await self._connection.wrap_api_call(
           ^^^^^^^^^^^^^^^^^^^^^^^^^^^^^^^^^^^^^
    ...<3 lines>...
    )
    ^
  File "C:\Users\Mouad\AppData\Roaming\Python\Python314\site-packages\playwright\_impl\_connection.py", line 559, in wrap_api_call
    raise rewrite_error(error, f"{parsed_st['apiName']}: {error}") from None
playwright._impl._errors.Error: Page.query_selector_all: Execution context was destroyed, most likely because of a navigation

During handling of the above exception, another exception occurred:

Traceback (most recent call last):
  File "C:\Program Files\Python314\Lib\asyncio\events.py", line 94, in _run
    self._context.run(self._callback, *self._args)
    ~~~~~~~~~~~~~~~~~^^^^^^^^^^^^^^^^^^^^^^^^^^^^^
  File "C:\Users\Mouad\AppData\Roaming\Python\Python314\site-packages\playwright\_impl\_sync_base.py", line 111, in <lambda>
    task.add_done_callback(lambda _: g_self.switch())
                                     ~~~~~~~~~~~~~^^
  File "C:\Users\Mouad\AppData\Roaming\Python\Python314\site-packages\playwright\_impl\_helper.py", line 455, in _handler
    self.handler(route, route.request)  # type: ignore
    ~~~~~~~~~~~~^^^^^^^^^^^^^^^^^^^^^^
  File "C:\Users\Mouad\AppData\Roaming\Python\Python314\site-packages\playwright\_impl\_impl_to_api_mapping.py", line 123, in wrapper_func
    return handler(
        *list(map(lambda a: self.from_maybe_impl(a), args))[:arg_count]
    )
  File "C:\Users\Mouad\Desktop\video_player\sextb_grab.py", line 212, in block_ads
    route.continue_()
    ~~~~~~~~~~~~~~~^^
  File "C:\Users\Mouad\AppData\Roaming\Python\Python314\site-packages\playwright\sync_api\_generated.py", line 1021, in continue_
    self._sync(
    ~~~~~~~~~~^
        self._impl_obj.continue_(
        ^^^^^^^^^^^^^^^^^^^^^^^^^
    ...<4 lines>...
        )
        ^
    )
    ^
  File "C:\Users\Mouad\AppData\Roaming\Python\Python314\site-packages\playwright\_impl\_sync_base.py", line 115, in _sync
    return task.result()
           ~~~~~~~~~~~^^
  File "C:\Users\Mouad\AppData\Roaming\Python\Python314\site-packages\playwright\_impl\_network.py", line 518, in continue_
    return await self._handle_route(_inner)
           ^^^^^^^^^^^^^^^^^^^^^^^^^^^^^^^^
  File "C:\Users\Mouad\AppData\Roaming\Python\Python314\site-packages\playwright\_impl\_network.py", line 464, in _handle_route
    await callback()
  File "C:\Users\Mouad\AppData\Roaming\Python\Python314\site-packages\playwright\_impl\_network.py", line 516, in _inner
    await self._inner_continue(False)
  File "C:\Users\Mouad\AppData\Roaming\Python\Python314\site-packages\playwright\_impl\_network.py", line 522, in _inner_continue
    await self._race_with_page_close(
    ...<17 lines>...
    )
  File "C:\Users\Mouad\AppData\Roaming\Python\Python314\site-packages\playwright\_impl\_network.py", line 558, in _race_with_page_close
    await asyncio.wait(
    ...<2 lines>...
    )
  File "C:\Program Files\Python314\Lib\asyncio\tasks.py", line 432, in wait
    return await _wait(fs, timeout, return_when, loop)
           ^^^^^^^^^^^^^^^^^^^^^^^^^^^^^^^^^^^^^^^^^^^
  File "C:\Program Files\Python314\Lib\asyncio\tasks.py", line 521, in _wait
    await waiter
asyncio.exceptions.CancelledError
2026-07-13 02:10:48,344 - ERROR - Exception in callback SyncBase._sync.<locals>.<lambda>() at C:\Users\Mouad\AppData\Roaming\Python\Python314\site-packages\playwright\_impl\_sync_base.py:111
handle: <Handle SyncBase._sync.<locals>.<lambda>() at C:\Users\Mouad\AppData\Roaming\Python\Python314\site-packages\playwright\_impl\_sync_base.py:111>
Traceback (most recent call last):
  File "C:\Users\Mouad\Desktop\video_player\sextb_grab.py", line 278, in grab_all_playwright
    iframes = page.query_selector_all('#sextb-player iframe, .player-wrapper iframe')
  File "C:\Users\Mouad\AppData\Roaming\Python\Python314\site-packages\playwright\sync_api\_generated.py", line 8699, in query_selector_all
    self._sync(self._impl_obj.query_selector_all(selector=selector))
    ~~~~~~~~~~^^^^^^^^^^^^^^^^^^^^^^^^^^^^^^^^^^^^^^^^^^^^^^^^^^^^^^
  File "C:\Users\Mouad\AppData\Roaming\Python\Python314\site-packages\playwright\_impl\_sync_base.py", line 115, in _sync
    return task.result()
           ~~~~~~~~~~~^^
  File "C:\Users\Mouad\AppData\Roaming\Python\Python314\site-packages\playwright\_impl\_page.py", line 415, in query_selector_all
    return await self._main_frame.query_selector_all(selector)
           ^^^^^^^^^^^^^^^^^^^^^^^^^^^^^^^^^^^^^^^^^^^^^^^^^^^
  File "C:\Users\Mouad\AppData\Roaming\Python\Python314\site-packages\playwright\_impl\_frame.py", line 358, in query_selector_all
    await self._channel.send(
    ^^^^^^^^^^^^^^^^^^^^^^^^^
        "querySelectorAll", None, dict(selector=selector)
        ^^^^^^^^^^^^^^^^^^^^^^^^^^^^^^^^^^^^^^^^^^^^^^^^^
    ),
    ^
  File "C:\Users\Mouad\AppData\Roaming\Python\Python314\site-packages\playwright\_impl\_connection.py", line 69, in send
    return await self._connection.wrap_api_call(
           ^^^^^^^^^^^^^^^^^^^^^^^^^^^^^^^^^^^^^
    ...<3 lines>...
    )
    ^
  File "C:\Users\Mouad\AppData\Roaming\Python\Python314\site-packages\playwright\_impl\_connection.py", line 559, in wrap_api_call
    raise rewrite_error(error, f"{parsed_st['apiName']}: {error}") from None
playwright._impl._errors.Error: Page.query_selector_all: Execution context was destroyed, most likely because of a navigation

During handling of the above exception, another exception occurred:

Traceback (most recent call last):
  File "C:\Program Files\Python314\Lib\asyncio\events.py", line 94, in _run
    self._context.run(self._callback, *self._args)
    ~~~~~~~~~~~~~~~~~^^^^^^^^^^^^^^^^^^^^^^^^^^^^^
  File "C:\Users\Mouad\AppData\Roaming\Python\Python314\site-packages\playwright\_impl\_sync_base.py", line 111, in <lambda>
    task.add_done_callback(lambda _: g_self.switch())
                                     ~~~~~~~~~~~~~^^
  File "C:\Users\Mouad\AppData\Roaming\Python\Python314\site-packages\playwright\_impl\_helper.py", line 455, in _handler
    self.handler(route, route.request)  # type: ignore
    ~~~~~~~~~~~~^^^^^^^^^^^^^^^^^^^^^^
  File "C:\Users\Mouad\AppData\Roaming\Python\Python314\site-packages\playwright\_impl\_impl_to_api_mapping.py", line 123, in wrapper_func
    return handler(
        *list(map(lambda a: self.from_maybe_impl(a), args))[:arg_count]
    )
  File "C:\Users\Mouad\Desktop\video_player\sextb_grab.py", line 212, in block_ads
    route.continue_()
    ~~~~~~~~~~~~~~~^^
  File "C:\Users\Mouad\AppData\Roaming\Python\Python314\site-packages\playwright\sync_api\_generated.py", line 1021, in continue_
    self._sync(
    ~~~~~~~~~~^
        self._impl_obj.continue_(
        ^^^^^^^^^^^^^^^^^^^^^^^^^
    ...<4 lines>...
        )
        ^
    )
    ^
  File "C:\Users\Mouad\AppData\Roaming\Python\Python314\site-packages\playwright\_impl\_sync_base.py", line 115, in _sync
    return task.result()
           ~~~~~~~~~~~^^
  File "C:\Users\Mouad\AppData\Roaming\Python\Python314\site-packages\playwright\_impl\_network.py", line 518, in continue_
    return await self._handle_route(_inner)
           ^^^^^^^^^^^^^^^^^^^^^^^^^^^^^^^^
  File "C:\Users\Mouad\AppData\Roaming\Python\Python314\site-packages\playwright\_impl\_network.py", line 464, in _handle_route
    await callback()
  File "C:\Users\Mouad\AppData\Roaming\Python\Python314\site-packages\playwright\_impl\_network.py", line 516, in _inner
    await self._inner_continue(False)
  File "C:\Users\Mouad\AppData\Roaming\Python\Python314\site-packages\playwright\_impl\_network.py", line 522, in _inner_continue
    await self._race_with_page_close(
    ...<17 lines>...
    )
  File "C:\Users\Mouad\AppData\Roaming\Python\Python314\site-packages\playwright\_impl\_network.py", line 558, in _race_with_page_close
    await asyncio.wait(
    ...<2 lines>...
    )
  File "C:\Program Files\Python314\Lib\asyncio\tasks.py", line 432, in wait
    return await _wait(fs, timeout, return_when, loop)
           ^^^^^^^^^^^^^^^^^^^^^^^^^^^^^^^^^^^^^^^^^^^
  File "C:\Program Files\Python314\Lib\asyncio\tasks.py", line 521, in _wait
    await waiter
asyncio.exceptions.CancelledError
2026-07-13 02:10:48,437 - ERROR - Exception in callback Connection.dispatch.<locals>._done_callback() at C:\Users\Mouad\AppData\Roaming\Python\Python314\site-packages\playwright\_impl\_connection.py:466
handle: <Handle Connection.dispatch.<locals>._done_callback() at C:\Users\Mouad\AppData\Roaming\Python\Python314\site-packages\playwright\_impl\_connection.py:466>
Traceback (most recent call last):
  File "C:\Users\Mouad\Desktop\video_player\sextb_grab.py", line 278, in grab_all_playwright
    iframes = page.query_selector_all('#sextb-player iframe, .player-wrapper iframe')
  File "C:\Users\Mouad\AppData\Roaming\Python\Python314\site-packages\playwright\sync_api\_generated.py", line 8699, in query_selector_all
    self._sync(self._impl_obj.query_selector_all(selector=selector))
    ~~~~~~~~~~^^^^^^^^^^^^^^^^^^^^^^^^^^^^^^^^^^^^^^^^^^^^^^^^^^^^^^
  File "C:\Users\Mouad\AppData\Roaming\Python\Python314\site-packages\playwright\_impl\_sync_base.py", line 115, in _sync
    return task.result()
           ~~~~~~~~~~~^^
  File "C:\Users\Mouad\AppData\Roaming\Python\Python314\site-packages\playwright\_impl\_page.py", line 415, in query_selector_all
    return await self._main_frame.query_selector_all(selector)
           ^^^^^^^^^^^^^^^^^^^^^^^^^^^^^^^^^^^^^^^^^^^^^^^^^^^
  File "C:\Users\Mouad\AppData\Roaming\Python\Python314\site-packages\playwright\_impl\_frame.py", line 358, in query_selector_all
    await self._channel.send(
    ^^^^^^^^^^^^^^^^^^^^^^^^^
        "querySelectorAll", None, dict(selector=selector)
        ^^^^^^^^^^^^^^^^^^^^^^^^^^^^^^^^^^^^^^^^^^^^^^^^^
    ),
    ^
  File "C:\Users\Mouad\AppData\Roaming\Python\Python314\site-packages\playwright\_impl\_connection.py", line 69, in send
    return await self._connection.wrap_api_call(
           ^^^^^^^^^^^^^^^^^^^^^^^^^^^^^^^^^^^^^
    ...<3 lines>...
    )
    ^
  File "C:\Users\Mouad\AppData\Roaming\Python\Python314\site-packages\playwright\_impl\_connection.py", line 559, in wrap_api_call
    raise rewrite_error(error, f"{parsed_st['apiName']}: {error}") from None
playwright._impl._errors.Error: Page.query_selector_all: Execution context was destroyed, most likely because of a navigation

During handling of the above exception, another exception occurred:

Traceback (most recent call last):
  File "C:\Program Files\Python314\Lib\asyncio\events.py", line 94, in _run
    self._context.run(self._callback, *self._args)
    ~~~~~~~~~~~~~~~~~^^^^^^^^^^^^^^^^^^^^^^^^^^^^^
  File "C:\Users\Mouad\AppData\Roaming\Python\Python314\site-packages\playwright\_impl\_connection.py", line 467, in _done_callback
    exc = future.exception()
  File "C:\Users\Mouad\AppData\Roaming\Python\Python314\site-packages\playwright\_impl\_page.py", line 305, in _on_route
    handled = await route_handler.handle(route)
              ^^^^^^^^^^^^^^^^^^^^^^^^^^^^^^^^^
  File "C:\Users\Mouad\AppData\Roaming\Python\Python314\site-packages\playwright\_impl\_helper.py", line 428, in handle
    return await self._handle_internal(route)
           ^^^^^^^^^^^^^^^^^^^^^^^^^^^^^^^^^^
  File "C:\Users\Mouad\AppData\Roaming\Python\Python314\site-packages\playwright\_impl\_helper.py", line 464, in _handle_internal
    await handler_finished_future
asyncio.exceptions.CancelledError
2026-07-13 02:10:48,566 - ERROR - Exception in callback SyncBase._sync.<locals>.<lambda>() at C:\Users\Mouad\AppData\Roaming\Python\Python314\site-packages\playwright\_impl\_sync_base.py:111
handle: <Handle SyncBase._sync.<locals>.<lambda>() at C:\Users\Mouad\AppData\Roaming\Python\Python314\site-packages\playwright\_impl\_sync_base.py:111>
Traceback (most recent call last):
  File "C:\Users\Mouad\Desktop\video_player\sextb_grab.py", line 278, in grab_all_playwright
    iframes = page.query_selector_all('#sextb-player iframe, .player-wrapper iframe')
  File "C:\Users\Mouad\AppData\Roaming\Python\Python314\site-packages\playwright\sync_api\_generated.py", line 8699, in query_selector_all
    self._sync(self._impl_obj.query_selector_all(selector=selector))
    ~~~~~~~~~~^^^^^^^^^^^^^^^^^^^^^^^^^^^^^^^^^^^^^^^^^^^^^^^^^^^^^^
  File "C:\Users\Mouad\AppData\Roaming\Python\Python314\site-packages\playwright\_impl\_sync_base.py", line 115, in _sync
    return task.result()
           ~~~~~~~~~~~^^
  File "C:\Users\Mouad\AppData\Roaming\Python\Python314\site-packages\playwright\_impl\_page.py", line 415, in query_selector_all
    return await self._main_frame.query_selector_all(selector)
           ^^^^^^^^^^^^^^^^^^^^^^^^^^^^^^^^^^^^^^^^^^^^^^^^^^^
  File "C:\Users\Mouad\AppData\Roaming\Python\Python314\site-packages\playwright\_impl\_frame.py", line 358, in query_selector_all
    await self._channel.send(
    ^^^^^^^^^^^^^^^^^^^^^^^^^
        "querySelectorAll", None, dict(selector=selector)
        ^^^^^^^^^^^^^^^^^^^^^^^^^^^^^^^^^^^^^^^^^^^^^^^^^
    ),
    ^
  File "C:\Users\Mouad\AppData\Roaming\Python\Python314\site-packages\playwright\_impl\_connection.py", line 69, in send
    return await self._connection.wrap_api_call(
           ^^^^^^^^^^^^^^^^^^^^^^^^^^^^^^^^^^^^^
    ...<3 lines>...
    )
    ^
  File "C:\Users\Mouad\AppData\Roaming\Python\Python314\site-packages\playwright\_impl\_connection.py", line 559, in wrap_api_call
    raise rewrite_error(error, f"{parsed_st['apiName']}: {error}") from None
playwright._impl._errors.Error: Page.query_selector_all: Execution context was destroyed, most likely because of a navigation

During handling of the above exception, another exception occurred:

Traceback (most recent call last):
  File "C:\Program Files\Python314\Lib\asyncio\events.py", line 94, in _run
    self._context.run(self._callback, *self._args)
    ~~~~~~~~~~~~~~~~~^^^^^^^^^^^^^^^^^^^^^^^^^^^^^
  File "C:\Users\Mouad\AppData\Roaming\Python\Python314\site-packages\playwright\_impl\_sync_base.py", line 111, in <lambda>
    task.add_done_callback(lambda _: g_self.switch())
                                     ~~~~~~~~~~~~~^^
  File "C:\Users\Mouad\AppData\Roaming\Python\Python314\site-packages\playwright\_impl\_helper.py", line 455, in _handler
    self.handler(route, route.request)  # type: ignore
    ~~~~~~~~~~~~^^^^^^^^^^^^^^^^^^^^^^
  File "C:\Users\Mouad\AppData\Roaming\Python\Python314\site-packages\playwright\_impl\_impl_to_api_mapping.py", line 123, in wrapper_func
    return handler(
        *list(map(lambda a: self.from_maybe_impl(a), args))[:arg_count]
    )
  File "C:\Users\Mouad\Desktop\video_player\sextb_grab.py", line 212, in block_ads
    route.continue_()
    ~~~~~~~~~~~~~~~^^
  File "C:\Users\Mouad\AppData\Roaming\Python\Python314\site-packages\playwright\sync_api\_generated.py", line 1021, in continue_
    self._sync(
    ~~~~~~~~~~^
        self._impl_obj.continue_(
        ^^^^^^^^^^^^^^^^^^^^^^^^^
    ...<4 lines>...
        )
        ^
    )
    ^
  File "C:\Users\Mouad\AppData\Roaming\Python\Python314\site-packages\playwright\_impl\_sync_base.py", line 115, in _sync
    return task.result()
           ~~~~~~~~~~~^^
  File "C:\Users\Mouad\AppData\Roaming\Python\Python314\site-packages\playwright\_impl\_network.py", line 518, in continue_
    return await self._handle_route(_inner)
           ^^^^^^^^^^^^^^^^^^^^^^^^^^^^^^^^
  File "C:\Users\Mouad\AppData\Roaming\Python\Python314\site-packages\playwright\_impl\_network.py", line 464, in _handle_route
    await callback()
  File "C:\Users\Mouad\AppData\Roaming\Python\Python314\site-packages\playwright\_impl\_network.py", line 516, in _inner
    await self._inner_continue(False)
  File "C:\Users\Mouad\AppData\Roaming\Python\Python314\site-packages\playwright\_impl\_network.py", line 522, in _inner_continue
    await self._race_with_page_close(
    ...<17 lines>...
    )
  File "C:\Users\Mouad\AppData\Roaming\Python\Python314\site-packages\playwright\_impl\_network.py", line 558, in _race_with_page_close
    await asyncio.wait(
    ...<2 lines>...
    )
  File "C:\Program Files\Python314\Lib\asyncio\tasks.py", line 432, in wait
    return await _wait(fs, timeout, return_when, loop)
           ^^^^^^^^^^^^^^^^^^^^^^^^^^^^^^^^^^^^^^^^^^^
  File "C:\Program Files\Python314\Lib\asyncio\tasks.py", line 521, in _wait
    await waiter
asyncio.exceptions.CancelledError
2026-07-13 02:10:48,628 - ERROR - Exception in callback SyncBase._sync.<locals>.<lambda>() at C:\Users\Mouad\AppData\Roaming\Python\Python314\site-packages\playwright\_impl\_sync_base.py:111
handle: <Handle SyncBase._sync.<locals>.<lambda>() at C:\Users\Mouad\AppData\Roaming\Python\Python314\site-packages\playwright\_impl\_sync_base.py:111>
Traceback (most recent call last):
  File "C:\Users\Mouad\Desktop\video_player\sextb_grab.py", line 278, in grab_all_playwright
    iframes = page.query_selector_all('#sextb-player iframe, .player-wrapper iframe')
  File "C:\Users\Mouad\AppData\Roaming\Python\Python314\site-packages\playwright\sync_api\_generated.py", line 8699, in query_selector_all
    self._sync(self._impl_obj.query_selector_all(selector=selector))
    ~~~~~~~~~~^^^^^^^^^^^^^^^^^^^^^^^^^^^^^^^^^^^^^^^^^^^^^^^^^^^^^^
  File "C:\Users\Mouad\AppData\Roaming\Python\Python314\site-packages\playwright\_impl\_sync_base.py", line 115, in _sync
    return task.result()
           ~~~~~~~~~~~^^
  File "C:\Users\Mouad\AppData\Roaming\Python\Python314\site-packages\playwright\_impl\_page.py", line 415, in query_selector_all
    return await self._main_frame.query_selector_all(selector)
           ^^^^^^^^^^^^^^^^^^^^^^^^^^^^^^^^^^^^^^^^^^^^^^^^^^^
  File "C:\Users\Mouad\AppData\Roaming\Python\Python314\site-packages\playwright\_impl\_frame.py", line 358, in query_selector_all
    await self._channel.send(
    ^^^^^^^^^^^^^^^^^^^^^^^^^
        "querySelectorAll", None, dict(selector=selector)
        ^^^^^^^^^^^^^^^^^^^^^^^^^^^^^^^^^^^^^^^^^^^^^^^^^
    ),
    ^
  File "C:\Users\Mouad\AppData\Roaming\Python\Python314\site-packages\playwright\_impl\_connection.py", line 69, in send
    return await self._connection.wrap_api_call(
           ^^^^^^^^^^^^^^^^^^^^^^^^^^^^^^^^^^^^^
    ...<3 lines>...
    )
    ^
  File "C:\Users\Mouad\AppData\Roaming\Python\Python314\site-packages\playwright\_impl\_connection.py", line 559, in wrap_api_call
    raise rewrite_error(error, f"{parsed_st['apiName']}: {error}") from None
playwright._impl._errors.Error: Page.query_selector_all: Execution context was destroyed, most likely because of a navigation

During handling of the above exception, another exception occurred:

Traceback (most recent call last):
  File "C:\Program Files\Python314\Lib\asyncio\events.py", line 94, in _run
    self._context.run(self._callback, *self._args)
    ~~~~~~~~~~~~~~~~~^^^^^^^^^^^^^^^^^^^^^^^^^^^^^
  File "C:\Users\Mouad\AppData\Roaming\Python\Python314\site-packages\playwright\_impl\_sync_base.py", line 111, in <lambda>
    task.add_done_callback(lambda _: g_self.switch())
                                     ~~~~~~~~~~~~~^^
  File "C:\Users\Mouad\AppData\Roaming\Python\Python314\site-packages\playwright\_impl\_helper.py", line 455, in _handler
    self.handler(route, route.request)  # type: ignore
    ~~~~~~~~~~~~^^^^^^^^^^^^^^^^^^^^^^
  File "C:\Users\Mouad\AppData\Roaming\Python\Python314\site-packages\playwright\_impl\_impl_to_api_mapping.py", line 123, in wrapper_func
    return handler(
        *list(map(lambda a: self.from_maybe_impl(a), args))[:arg_count]
    )
  File "C:\Users\Mouad\Desktop\video_player\sextb_grab.py", line 212, in block_ads
    route.continue_()
    ~~~~~~~~~~~~~~~^^
  File "C:\Users\Mouad\AppData\Roaming\Python\Python314\site-packages\playwright\sync_api\_generated.py", line 1021, in continue_
    self._sync(
    ~~~~~~~~~~^
        self._impl_obj.continue_(
        ^^^^^^^^^^^^^^^^^^^^^^^^^
    ...<4 lines>...
        )
        ^
    )
    ^
  File "C:\Users\Mouad\AppData\Roaming\Python\Python314\site-packages\playwright\_impl\_sync_base.py", line 115, in _sync
    return task.result()
           ~~~~~~~~~~~^^
  File "C:\Users\Mouad\AppData\Roaming\Python\Python314\site-packages\playwright\_impl\_network.py", line 518, in continue_
    return await self._handle_route(_inner)
           ^^^^^^^^^^^^^^^^^^^^^^^^^^^^^^^^
  File "C:\Users\Mouad\AppData\Roaming\Python\Python314\site-packages\playwright\_impl\_network.py", line 464, in _handle_route
    await callback()
  File "C:\Users\Mouad\AppData\Roaming\Python\Python314\site-packages\playwright\_impl\_network.py", line 516, in _inner
    await self._inner_continue(False)
  File "C:\Users\Mouad\AppData\Roaming\Python\Python314\site-packages\playwright\_impl\_network.py", line 522, in _inner_continue
    await self._race_with_page_close(
    ...<17 lines>...
    )
  File "C:\Users\Mouad\AppData\Roaming\Python\Python314\site-packages\playwright\_impl\_network.py", line 558, in _race_with_page_close
    await asyncio.wait(
    ...<2 lines>...
    )
  File "C:\Program Files\Python314\Lib\asyncio\tasks.py", line 432, in wait
    return await _wait(fs, timeout, return_when, loop)
           ^^^^^^^^^^^^^^^^^^^^^^^^^^^^^^^^^^^^^^^^^^^
  File "C:\Program Files\Python314\Lib\asyncio\tasks.py", line 521, in _wait
    await waiter
asyncio.exceptions.CancelledError
2026-07-13 02:10:48,727 - ERROR - Exception in callback Connection.dispatch.<locals>._done_callback() at C:\Users\Mouad\AppData\Roaming\Python\Python314\site-packages\playwright\_impl\_connection.py:466
handle: <Handle Connection.dispatch.<locals>._done_callback() at C:\Users\Mouad\AppData\Roaming\Python\Python314\site-packages\playwright\_impl\_connection.py:466>
Traceback (most recent call last):
  File "C:\Users\Mouad\Desktop\video_player\sextb_grab.py", line 278, in grab_all_playwright
    iframes = page.query_selector_all('#sextb-player iframe, .player-wrapper iframe')
  File "C:\Users\Mouad\AppData\Roaming\Python\Python314\site-packages\playwright\sync_api\_generated.py", line 8699, in query_selector_all
    self._sync(self._impl_obj.query_selector_all(selector=selector))
    ~~~~~~~~~~^^^^^^^^^^^^^^^^^^^^^^^^^^^^^^^^^^^^^^^^^^^^^^^^^^^^^^
  File "C:\Users\Mouad\AppData\Roaming\Python\Python314\site-packages\playwright\_impl\_sync_base.py", line 115, in _sync
    return task.result()
           ~~~~~~~~~~~^^
  File "C:\Users\Mouad\AppData\Roaming\Python\Python314\site-packages\playwright\_impl\_page.py", line 415, in query_selector_all
    return await self._main_frame.query_selector_all(selector)
           ^^^^^^^^^^^^^^^^^^^^^^^^^^^^^^^^^^^^^^^^^^^^^^^^^^^
  File "C:\Users\Mouad\AppData\Roaming\Python\Python314\site-packages\playwright\_impl\_frame.py", line 358, in query_selector_all
    await self._channel.send(
    ^^^^^^^^^^^^^^^^^^^^^^^^^
        "querySelectorAll", None, dict(selector=selector)
        ^^^^^^^^^^^^^^^^^^^^^^^^^^^^^^^^^^^^^^^^^^^^^^^^^
    ),
    ^
  File "C:\Users\Mouad\AppData\Roaming\Python\Python314\site-packages\playwright\_impl\_connection.py", line 69, in send
    return await self._connection.wrap_api_call(
           ^^^^^^^^^^^^^^^^^^^^^^^^^^^^^^^^^^^^^
    ...<3 lines>...
    )
    ^
  File "C:\Users\Mouad\AppData\Roaming\Python\Python314\site-packages\playwright\_impl\_connection.py", line 559, in wrap_api_call
    raise rewrite_error(error, f"{parsed_st['apiName']}: {error}") from None
playwright._impl._errors.Error: Page.query_selector_all: Execution context was destroyed, most likely because of a navigation

During handling of the above exception, another exception occurred:

Traceback (most recent call last):
  File "C:\Program Files\Python314\Lib\asyncio\events.py", line 94, in _run
    self._context.run(self._callback, *self._args)
    ~~~~~~~~~~~~~~~~~^^^^^^^^^^^^^^^^^^^^^^^^^^^^^
  File "C:\Users\Mouad\AppData\Roaming\Python\Python314\site-packages\playwright\_impl\_connection.py", line 467, in _done_callback
    exc = future.exception()
  File "C:\Users\Mouad\AppData\Roaming\Python\Python314\site-packages\playwright\_impl\_page.py", line 305, in _on_route
    handled = await route_handler.handle(route)
              ^^^^^^^^^^^^^^^^^^^^^^^^^^^^^^^^^
  File "C:\Users\Mouad\AppData\Roaming\Python\Python314\site-packages\playwright\_impl\_helper.py", line 428, in handle
    return await self._handle_internal(route)
           ^^^^^^^^^^^^^^^^^^^^^^^^^^^^^^^^^^
  File "C:\Users\Mouad\AppData\Roaming\Python\Python314\site-packages\playwright\_impl\_helper.py", line 464, in _handle_internal
    await handler_finished_future
asyncio.exceptions.CancelledError
2026-07-13 02:10:48,851 - ERROR - Exception in callback SyncBase._sync.<locals>.<lambda>() at C:\Users\Mouad\AppData\Roaming\Python\Python314\site-packages\playwright\_impl\_sync_base.py:111
handle: <Handle SyncBase._sync.<locals>.<lambda>() at C:\Users\Mouad\AppData\Roaming\Python\Python314\site-packages\playwright\_impl\_sync_base.py:111>
Traceback (most recent call last):
  File "C:\Users\Mouad\Desktop\video_player\sextb_grab.py", line 278, in grab_all_playwright
    iframes = page.query_selector_all('#sextb-player iframe, .player-wrapper iframe')
  File "C:\Users\Mouad\AppData\Roaming\Python\Python314\site-packages\playwright\sync_api\_generated.py", line 8699, in query_selector_all
    self._sync(self._impl_obj.query_selector_all(selector=selector))
    ~~~~~~~~~~^^^^^^^^^^^^^^^^^^^^^^^^^^^^^^^^^^^^^^^^^^^^^^^^^^^^^^
  File "C:\Users\Mouad\AppData\Roaming\Python\Python314\site-packages\playwright\_impl\_sync_base.py", line 115, in _sync
    return task.result()
           ~~~~~~~~~~~^^
  File "C:\Users\Mouad\AppData\Roaming\Python\Python314\site-packages\playwright\_impl\_page.py", line 415, in query_selector_all
    return await self._main_frame.query_selector_all(selector)
           ^^^^^^^^^^^^^^^^^^^^^^^^^^^^^^^^^^^^^^^^^^^^^^^^^^^
  File "C:\Users\Mouad\AppData\Roaming\Python\Python314\site-packages\playwright\_impl\_frame.py", line 358, in query_selector_all
    await self._channel.send(
    ^^^^^^^^^^^^^^^^^^^^^^^^^
        "querySelectorAll", None, dict(selector=selector)
        ^^^^^^^^^^^^^^^^^^^^^^^^^^^^^^^^^^^^^^^^^^^^^^^^^
    ),
    ^
  File "C:\Users\Mouad\AppData\Roaming\Python\Python314\site-packages\playwright\_impl\_connection.py", line 69, in send
    return await self._connection.wrap_api_call(
           ^^^^^^^^^^^^^^^^^^^^^^^^^^^^^^^^^^^^^
    ...<3 lines>...
    )
    ^
  File "C:\Users\Mouad\AppData\Roaming\Python\Python314\site-packages\playwright\_impl\_connection.py", line 559, in wrap_api_call
    raise rewrite_error(error, f"{parsed_st['apiName']}: {error}") from None
playwright._impl._errors.Error: Page.query_selector_all: Execution context was destroyed, most likely because of a navigation

During handling of the above exception, another exception occurred:

Traceback (most recent call last):
  File "C:\Program Files\Python314\Lib\asyncio\events.py", line 94, in _run
    self._context.run(self._callback, *self._args)
    ~~~~~~~~~~~~~~~~~^^^^^^^^^^^^^^^^^^^^^^^^^^^^^
  File "C:\Users\Mouad\AppData\Roaming\Python\Python314\site-packages\playwright\_impl\_sync_base.py", line 111, in <lambda>
    task.add_done_callback(lambda _: g_self.switch())
                                     ~~~~~~~~~~~~~^^
  File "C:\Users\Mouad\AppData\Roaming\Python\Python314\site-packages\playwright\_impl\_helper.py", line 455, in _handler
    self.handler(route, route.request)  # type: ignore
    ~~~~~~~~~~~~^^^^^^^^^^^^^^^^^^^^^^
  File "C:\Users\Mouad\AppData\Roaming\Python\Python314\site-packages\playwright\_impl\_impl_to_api_mapping.py", line 123, in wrapper_func
    return handler(
        *list(map(lambda a: self.from_maybe_impl(a), args))[:arg_count]
    )
  File "C:\Users\Mouad\Desktop\video_player\sextb_grab.py", line 212, in block_ads
    route.continue_()
    ~~~~~~~~~~~~~~~^^
  File "C:\Users\Mouad\AppData\Roaming\Python\Python314\site-packages\playwright\sync_api\_generated.py", line 1021, in continue_
    self._sync(
    ~~~~~~~~~~^
        self._impl_obj.continue_(
        ^^^^^^^^^^^^^^^^^^^^^^^^^
    ...<4 lines>...
        )
        ^
    )
    ^
  File "C:\Users\Mouad\AppData\Roaming\Python\Python314\site-packages\playwright\_impl\_sync_base.py", line 115, in _sync
    return task.result()
           ~~~~~~~~~~~^^
  File "C:\Users\Mouad\AppData\Roaming\Python\Python314\site-packages\playwright\_impl\_network.py", line 518, in continue_
    return await self._handle_route(_inner)
           ^^^^^^^^^^^^^^^^^^^^^^^^^^^^^^^^
  File "C:\Users\Mouad\AppData\Roaming\Python\Python314\site-packages\playwright\_impl\_network.py", line 464, in _handle_route
    await callback()
  File "C:\Users\Mouad\AppData\Roaming\Python\Python314\site-packages\playwright\_impl\_network.py", line 516, in _inner
    await self._inner_continue(False)
  File "C:\Users\Mouad\AppData\Roaming\Python\Python314\site-packages\playwright\_impl\_network.py", line 522, in _inner_continue
    await self._race_with_page_close(
    ...<17 lines>...
    )
  File "C:\Users\Mouad\AppData\Roaming\Python\Python314\site-packages\playwright\_impl\_network.py", line 558, in _race_with_page_close
    await asyncio.wait(
    ...<2 lines>...
    )
  File "C:\Program Files\Python314\Lib\asyncio\tasks.py", line 432, in wait
    return await _wait(fs, timeout, return_when, loop)
           ^^^^^^^^^^^^^^^^^^^^^^^^^^^^^^^^^^^^^^^^^^^
  File "C:\Program Files\Python314\Lib\asyncio\tasks.py", line 521, in _wait
    await waiter
asyncio.exceptions.CancelledError
2026-07-13 02:10:48,947 - ERROR - Exception in callback Connection.dispatch.<locals>._done_callback() at C:\Users\Mouad\AppData\Roaming\Python\Python314\site-packages\playwright\_impl\_connection.py:466
handle: <Handle Connection.dispatch.<locals>._done_callback() at C:\Users\Mouad\AppData\Roaming\Python\Python314\site-packages\playwright\_impl\_connection.py:466>
Traceback (most recent call last):
  File "C:\Users\Mouad\Desktop\video_player\sextb_grab.py", line 278, in grab_all_playwright
    iframes = page.query_selector_all('#sextb-player iframe, .player-wrapper iframe')
  File "C:\Users\Mouad\AppData\Roaming\Python\Python314\site-packages\playwright\sync_api\_generated.py", line 8699, in query_selector_all
    self._sync(self._impl_obj.query_selector_all(selector=selector))
    ~~~~~~~~~~^^^^^^^^^^^^^^^^^^^^^^^^^^^^^^^^^^^^^^^^^^^^^^^^^^^^^^
  File "C:\Users\Mouad\AppData\Roaming\Python\Python314\site-packages\playwright\_impl\_sync_base.py", line 115, in _sync
    return task.result()
           ~~~~~~~~~~~^^
  File "C:\Users\Mouad\AppData\Roaming\Python\Python314\site-packages\playwright\_impl\_page.py", line 415, in query_selector_all
    return await self._main_frame.query_selector_all(selector)
           ^^^^^^^^^^^^^^^^^^^^^^^^^^^^^^^^^^^^^^^^^^^^^^^^^^^
  File "C:\Users\Mouad\AppData\Roaming\Python\Python314\site-packages\playwright\_impl\_frame.py", line 358, in query_selector_all
    await self._channel.send(
    ^^^^^^^^^^^^^^^^^^^^^^^^^
        "querySelectorAll", None, dict(selector=selector)
        ^^^^^^^^^^^^^^^^^^^^^^^^^^^^^^^^^^^^^^^^^^^^^^^^^
    ),
    ^
  File "C:\Users\Mouad\AppData\Roaming\Python\Python314\site-packages\playwright\_impl\_connection.py", line 69, in send
    return await self._connection.wrap_api_call(
           ^^^^^^^^^^^^^^^^^^^^^^^^^^^^^^^^^^^^^
    ...<3 lines>...
    )
    ^
  File "C:\Users\Mouad\AppData\Roaming\Python\Python314\site-packages\playwright\_impl\_connection.py", line 559, in wrap_api_call
    raise rewrite_error(error, f"{parsed_st['apiName']}: {error}") from None
playwright._impl._errors.Error: Page.query_selector_all: Execution context was destroyed, most likely because of a navigation

During handling of the above exception, another exception occurred:

Traceback (most recent call last):
  File "C:\Program Files\Python314\Lib\asyncio\events.py", line 94, in _run
    self._context.run(self._callback, *self._args)
    ~~~~~~~~~~~~~~~~~^^^^^^^^^^^^^^^^^^^^^^^^^^^^^
  File "C:\Users\Mouad\AppData\Roaming\Python\Python314\site-packages\playwright\_impl\_connection.py", line 467, in _done_callback
    exc = future.exception()
  File "C:\Users\Mouad\AppData\Roaming\Python\Python314\site-packages\playwright\_impl\_page.py", line 305, in _on_route
    handled = await route_handler.handle(route)
              ^^^^^^^^^^^^^^^^^^^^^^^^^^^^^^^^^
  File "C:\Users\Mouad\AppData\Roaming\Python\Python314\site-packages\playwright\_impl\_helper.py", line 428, in handle
    return await self._handle_internal(route)
           ^^^^^^^^^^^^^^^^^^^^^^^^^^^^^^^^^^
  File "C:\Users\Mouad\AppData\Roaming\Python\Python314\site-packages\playwright\_impl\_helper.py", line 464, in _handle_internal
    await handler_finished_future
asyncio.exceptions.CancelledError
2026-07-13 02:10:49,078 - ERROR - Exception in callback Connection.dispatch.<locals>._done_callback() at C:\Users\Mouad\AppData\Roaming\Python\Python314\site-packages\playwright\_impl\_connection.py:466
handle: <Handle Connection.dispatch.<locals>._done_callback() at C:\Users\Mouad\AppData\Roaming\Python\Python314\site-packages\playwright\_impl\_connection.py:466>
Traceback (most recent call last):
  File "C:\Users\Mouad\Desktop\video_player\sextb_grab.py", line 278, in grab_all_playwright
    iframes = page.query_selector_all('#sextb-player iframe, .player-wrapper iframe')
  File "C:\Users\Mouad\AppData\Roaming\Python\Python314\site-packages\playwright\sync_api\_generated.py", line 8699, in query_selector_all
    self._sync(self._impl_obj.query_selector_all(selector=selector))
    ~~~~~~~~~~^^^^^^^^^^^^^^^^^^^^^^^^^^^^^^^^^^^^^^^^^^^^^^^^^^^^^^
  File "C:\Users\Mouad\AppData\Roaming\Python\Python314\site-packages\playwright\_impl\_sync_base.py", line 115, in _sync
    return task.result()
           ~~~~~~~~~~~^^
  File "C:\Users\Mouad\AppData\Roaming\Python\Python314\site-packages\playwright\_impl\_page.py", line 415, in query_selector_all
    return await self._main_frame.query_selector_all(selector)
           ^^^^^^^^^^^^^^^^^^^^^^^^^^^^^^^^^^^^^^^^^^^^^^^^^^^
  File "C:\Users\Mouad\AppData\Roaming\Python\Python314\site-packages\playwright\_impl\_frame.py", line 358, in query_selector_all
    await self._channel.send(
    ^^^^^^^^^^^^^^^^^^^^^^^^^
        "querySelectorAll", None, dict(selector=selector)
        ^^^^^^^^^^^^^^^^^^^^^^^^^^^^^^^^^^^^^^^^^^^^^^^^^
    ),
    ^
  File "C:\Users\Mouad\AppData\Roaming\Python\Python314\site-packages\playwright\_impl\_connection.py", line 69, in send
    return await self._connection.wrap_api_call(
           ^^^^^^^^^^^^^^^^^^^^^^^^^^^^^^^^^^^^^
    ...<3 lines>...
    )
    ^
  File "C:\Users\Mouad\AppData\Roaming\Python\Python314\site-packages\playwright\_impl\_connection.py", line 559, in wrap_api_call
    raise rewrite_error(error, f"{parsed_st['apiName']}: {error}") from None
playwright._impl._errors.Error: Page.query_selector_all: Execution context was destroyed, most likely because of a navigation

During handling of the above exception, another exception occurred:

Traceback (most recent call last):
  File "C:\Program Files\Python314\Lib\asyncio\events.py", line 94, in _run
    self._context.run(self._callback, *self._args)
    ~~~~~~~~~~~~~~~~~^^^^^^^^^^^^^^^^^^^^^^^^^^^^^
  File "C:\Users\Mouad\AppData\Roaming\Python\Python314\site-packages\playwright\_impl\_connection.py", line 467, in _done_callback
    exc = future.exception()
  File "C:\Users\Mouad\AppData\Roaming\Python\Python314\site-packages\playwright\_impl\_page.py", line 305, in _on_route
    handled = await route_handler.handle(route)
              ^^^^^^^^^^^^^^^^^^^^^^^^^^^^^^^^^
  File "C:\Users\Mouad\AppData\Roaming\Python\Python314\site-packages\playwright\_impl\_helper.py", line 428, in handle
    return await self._handle_internal(route)
           ^^^^^^^^^^^^^^^^^^^^^^^^^^^^^^^^^^
  File "C:\Users\Mouad\AppData\Roaming\Python\Python314\site-packages\playwright\_impl\_helper.py", line 464, in _handle_internal
    await handler_finished_future
asyncio.exceptions.CancelledError
2026-07-13 02:10:49,169 - ERROR - Exception in callback SyncBase._sync.<locals>.<lambda>() at C:\Users\Mouad\AppData\Roaming\Python\Python314\site-packages\playwright\_impl\_sync_base.py:111
handle: <Handle SyncBase._sync.<locals>.<lambda>() at C:\Users\Mouad\AppData\Roaming\Python\Python314\site-packages\playwright\_impl\_sync_base.py:111>
Traceback (most recent call last):
  File "C:\Users\Mouad\Desktop\video_player\sextb_grab.py", line 278, in grab_all_playwright
    iframes = page.query_selector_all('#sextb-player iframe, .player-wrapper iframe')
  File "C:\Users\Mouad\AppData\Roaming\Python\Python314\site-packages\playwright\sync_api\_generated.py", line 8699, in query_selector_all
    self._sync(self._impl_obj.query_selector_all(selector=selector))
    ~~~~~~~~~~^^^^^^^^^^^^^^^^^^^^^^^^^^^^^^^^^^^^^^^^^^^^^^^^^^^^^^
  File "C:\Users\Mouad\AppData\Roaming\Python\Python314\site-packages\playwright\_impl\_sync_base.py", line 115, in _sync
    return task.result()
           ~~~~~~~~~~~^^
  File "C:\Users\Mouad\AppData\Roaming\Python\Python314\site-packages\playwright\_impl\_page.py", line 415, in query_selector_all
    return await self._main_frame.query_selector_all(selector)
           ^^^^^^^^^^^^^^^^^^^^^^^^^^^^^^^^^^^^^^^^^^^^^^^^^^^
  File "C:\Users\Mouad\AppData\Roaming\Python\Python314\site-packages\playwright\_impl\_frame.py", line 358, in query_selector_all
    await self._channel.send(
    ^^^^^^^^^^^^^^^^^^^^^^^^^
        "querySelectorAll", None, dict(selector=selector)
        ^^^^^^^^^^^^^^^^^^^^^^^^^^^^^^^^^^^^^^^^^^^^^^^^^
    ),
    ^
  File "C:\Users\Mouad\AppData\Roaming\Python\Python314\site-packages\playwright\_impl\_connection.py", line 69, in send
    return await self._connection.wrap_api_call(
           ^^^^^^^^^^^^^^^^^^^^^^^^^^^^^^^^^^^^^
    ...<3 lines>...
    )
    ^
  File "C:\Users\Mouad\AppData\Roaming\Python\Python314\site-packages\playwright\_impl\_connection.py", line 559, in wrap_api_call
    raise rewrite_error(error, f"{parsed_st['apiName']}: {error}") from None
playwright._impl._errors.Error: Page.query_selector_all: Execution context was destroyed, most likely because of a navigation

During handling of the above exception, another exception occurred:

Traceback (most recent call last):
  File "C:\Program Files\Python314\Lib\asyncio\events.py", line 94, in _run
    self._context.run(self._callback, *self._args)
    ~~~~~~~~~~~~~~~~~^^^^^^^^^^^^^^^^^^^^^^^^^^^^^
  File "C:\Users\Mouad\AppData\Roaming\Python\Python314\site-packages\playwright\_impl\_sync_base.py", line 111, in <lambda>
    task.add_done_callback(lambda _: g_self.switch())
                                     ~~~~~~~~~~~~~^^
  File "C:\Users\Mouad\AppData\Roaming\Python\Python314\site-packages\playwright\_impl\_helper.py", line 455, in _handler
    self.handler(route, route.request)  # type: ignore
    ~~~~~~~~~~~~^^^^^^^^^^^^^^^^^^^^^^
  File "C:\Users\Mouad\AppData\Roaming\Python\Python314\site-packages\playwright\_impl\_impl_to_api_mapping.py", line 123, in wrapper_func
    return handler(
        *list(map(lambda a: self.from_maybe_impl(a), args))[:arg_count]
    )
  File "C:\Users\Mouad\Desktop\video_player\sextb_grab.py", line 212, in block_ads
    route.continue_()
    ~~~~~~~~~~~~~~~^^
  File "C:\Users\Mouad\AppData\Roaming\Python\Python314\site-packages\playwright\sync_api\_generated.py", line 1021, in continue_
    self._sync(
    ~~~~~~~~~~^
        self._impl_obj.continue_(
        ^^^^^^^^^^^^^^^^^^^^^^^^^
    ...<4 lines>...
        )
        ^
    )
    ^
  File "C:\Users\Mouad\AppData\Roaming\Python\Python314\site-packages\playwright\_impl\_sync_base.py", line 115, in _sync
    return task.result()
           ~~~~~~~~~~~^^
  File "C:\Users\Mouad\AppData\Roaming\Python\Python314\site-packages\playwright\_impl\_network.py", line 518, in continue_
    return await self._handle_route(_inner)
           ^^^^^^^^^^^^^^^^^^^^^^^^^^^^^^^^
  File "C:\Users\Mouad\AppData\Roaming\Python\Python314\site-packages\playwright\_impl\_network.py", line 464, in _handle_route
    await callback()
  File "C:\Users\Mouad\AppData\Roaming\Python\Python314\site-packages\playwright\_impl\_network.py", line 516, in _inner
    await self._inner_continue(False)
  File "C:\Users\Mouad\AppData\Roaming\Python\Python314\site-packages\playwright\_impl\_network.py", line 522, in _inner_continue
    await self._race_with_page_close(
    ...<17 lines>...
    )
  File "C:\Users\Mouad\AppData\Roaming\Python\Python314\site-packages\playwright\_impl\_network.py", line 558, in _race_with_page_close
    await asyncio.wait(
    ...<2 lines>...
    )
  File "C:\Program Files\Python314\Lib\asyncio\tasks.py", line 432, in wait
    return await _wait(fs, timeout, return_when, loop)
           ^^^^^^^^^^^^^^^^^^^^^^^^^^^^^^^^^^^^^^^^^^^
  File "C:\Program Files\Python314\Lib\asyncio\tasks.py", line 521, in _wait
    await waiter
asyncio.exceptions.CancelledError
2026-07-13 02:10:49,306 - ERROR - Exception in callback SyncBase._sync.<locals>.<lambda>() at C:\Users\Mouad\AppData\Roaming\Python\Python314\site-packages\playwright\_impl\_sync_base.py:111
handle: <Handle SyncBase._sync.<locals>.<lambda>() at C:\Users\Mouad\AppData\Roaming\Python\Python314\site-packages\playwright\_impl\_sync_base.py:111>
Traceback (most recent call last):
  File "C:\Users\Mouad\Desktop\video_player\sextb_grab.py", line 278, in grab_all_playwright
    iframes = page.query_selector_all('#sextb-player iframe, .player-wrapper iframe')
  File "C:\Users\Mouad\AppData\Roaming\Python\Python314\site-packages\playwright\sync_api\_generated.py", line 8699, in query_selector_all
    self._sync(self._impl_obj.query_selector_all(selector=selector))
    ~~~~~~~~~~^^^^^^^^^^^^^^^^^^^^^^^^^^^^^^^^^^^^^^^^^^^^^^^^^^^^^^
  File "C:\Users\Mouad\AppData\Roaming\Python\Python314\site-packages\playwright\_impl\_sync_base.py", line 115, in _sync
    return task.result()
           ~~~~~~~~~~~^^
  File "C:\Users\Mouad\AppData\Roaming\Python\Python314\site-packages\playwright\_impl\_page.py", line 415, in query_selector_all
    return await self._main_frame.query_selector_all(selector)
           ^^^^^^^^^^^^^^^^^^^^^^^^^^^^^^^^^^^^^^^^^^^^^^^^^^^
  File "C:\Users\Mouad\AppData\Roaming\Python\Python314\site-packages\playwright\_impl\_frame.py", line 358, in query_selector_all
    await self._channel.send(
    ^^^^^^^^^^^^^^^^^^^^^^^^^
        "querySelectorAll", None, dict(selector=selector)
        ^^^^^^^^^^^^^^^^^^^^^^^^^^^^^^^^^^^^^^^^^^^^^^^^^
    ),
    ^
  File "C:\Users\Mouad\AppData\Roaming\Python\Python314\site-packages\playwright\_impl\_connection.py", line 69, in send
    return await self._connection.wrap_api_call(
           ^^^^^^^^^^^^^^^^^^^^^^^^^^^^^^^^^^^^^
    ...<3 lines>...
    )
    ^
  File "C:\Users\Mouad\AppData\Roaming\Python\Python314\site-packages\playwright\_impl\_connection.py", line 559, in wrap_api_call
    raise rewrite_error(error, f"{parsed_st['apiName']}: {error}") from None
playwright._impl._errors.Error: Page.query_selector_all: Execution context was destroyed, most likely because of a navigation

During handling of the above exception, another exception occurred:

Traceback (most recent call last):
  File "C:\Program Files\Python314\Lib\asyncio\events.py", line 94, in _run
    self._context.run(self._callback, *self._args)
    ~~~~~~~~~~~~~~~~~^^^^^^^^^^^^^^^^^^^^^^^^^^^^^
  File "C:\Users\Mouad\AppData\Roaming\Python\Python314\site-packages\playwright\_impl\_sync_base.py", line 111, in <lambda>
    task.add_done_callback(lambda _: g_self.switch())
                                     ~~~~~~~~~~~~~^^
  File "C:\Users\Mouad\AppData\Roaming\Python\Python314\site-packages\playwright\_impl\_helper.py", line 455, in _handler
    self.handler(route, route.request)  # type: ignore
    ~~~~~~~~~~~~^^^^^^^^^^^^^^^^^^^^^^
  File "C:\Users\Mouad\AppData\Roaming\Python\Python314\site-packages\playwright\_impl\_impl_to_api_mapping.py", line 123, in wrapper_func
    return handler(
        *list(map(lambda a: self.from_maybe_impl(a), args))[:arg_count]
    )
  File "C:\Users\Mouad\Desktop\video_player\sextb_grab.py", line 212, in block_ads
    route.continue_()
    ~~~~~~~~~~~~~~~^^
  File "C:\Users\Mouad\AppData\Roaming\Python\Python314\site-packages\playwright\sync_api\_generated.py", line 1021, in continue_
    self._sync(
    ~~~~~~~~~~^
        self._impl_obj.continue_(
        ^^^^^^^^^^^^^^^^^^^^^^^^^
    ...<4 lines>...
        )
        ^
    )
    ^
  File "C:\Users\Mouad\AppData\Roaming\Python\Python314\site-packages\playwright\_impl\_sync_base.py", line 115, in _sync
    return task.result()
           ~~~~~~~~~~~^^
  File "C:\Users\Mouad\AppData\Roaming\Python\Python314\site-packages\playwright\_impl\_network.py", line 518, in continue_
    return await self._handle_route(_inner)
           ^^^^^^^^^^^^^^^^^^^^^^^^^^^^^^^^
  File "C:\Users\Mouad\AppData\Roaming\Python\Python314\site-packages\playwright\_impl\_network.py", line 464, in _handle_route
    await callback()
  File "C:\Users\Mouad\AppData\Roaming\Python\Python314\site-packages\playwright\_impl\_network.py", line 516, in _inner
    await self._inner_continue(False)
  File "C:\Users\Mouad\AppData\Roaming\Python\Python314\site-packages\playwright\_impl\_network.py", line 522, in _inner_continue
    await self._race_with_page_close(
    ...<17 lines>...
    )
  File "C:\Users\Mouad\AppData\Roaming\Python\Python314\site-packages\playwright\_impl\_network.py", line 558, in _race_with_page_close
    await asyncio.wait(
    ...<2 lines>...
    )
  File "C:\Program Files\Python314\Lib\asyncio\tasks.py", line 432, in wait
    return await _wait(fs, timeout, return_when, loop)
           ^^^^^^^^^^^^^^^^^^^^^^^^^^^^^^^^^^^^^^^^^^^
  File "C:\Program Files\Python314\Lib\asyncio\tasks.py", line 521, in _wait
    await waiter
asyncio.exceptions.CancelledError
2026-07-13 02:10:49,401 - ERROR - Exception in callback Connection.dispatch.<locals>._done_callback() at C:\Users\Mouad\AppData\Roaming\Python\Python314\site-packages\playwright\_impl\_connection.py:466
handle: <Handle Connection.dispatch.<locals>._done_callback() at C:\Users\Mouad\AppData\Roaming\Python\Python314\site-packages\playwright\_impl\_connection.py:466>
Traceback (most recent call last):
  File "C:\Users\Mouad\Desktop\video_player\sextb_grab.py", line 278, in grab_all_playwright
    iframes = page.query_selector_all('#sextb-player iframe, .player-wrapper iframe')
  File "C:\Users\Mouad\AppData\Roaming\Python\Python314\site-packages\playwright\sync_api\_generated.py", line 8699, in query_selector_all
    self._sync(self._impl_obj.query_selector_all(selector=selector))
    ~~~~~~~~~~^^^^^^^^^^^^^^^^^^^^^^^^^^^^^^^^^^^^^^^^^^^^^^^^^^^^^^
  File "C:\Users\Mouad\AppData\Roaming\Python\Python314\site-packages\playwright\_impl\_sync_base.py", line 115, in _sync
    return task.result()
           ~~~~~~~~~~~^^
  File "C:\Users\Mouad\AppData\Roaming\Python\Python314\site-packages\playwright\_impl\_page.py", line 415, in query_selector_all
    return await self._main_frame.query_selector_all(selector)
           ^^^^^^^^^^^^^^^^^^^^^^^^^^^^^^^^^^^^^^^^^^^^^^^^^^^
  File "C:\Users\Mouad\AppData\Roaming\Python\Python314\site-packages\playwright\_impl\_frame.py", line 358, in query_selector_all
    await self._channel.send(
    ^^^^^^^^^^^^^^^^^^^^^^^^^
        "querySelectorAll", None, dict(selector=selector)
        ^^^^^^^^^^^^^^^^^^^^^^^^^^^^^^^^^^^^^^^^^^^^^^^^^
    ),
    ^
  File "C:\Users\Mouad\AppData\Roaming\Python\Python314\site-packages\playwright\_impl\_connection.py", line 69, in send
    return await self._connection.wrap_api_call(
           ^^^^^^^^^^^^^^^^^^^^^^^^^^^^^^^^^^^^^
    ...<3 lines>...
    )
    ^
  File "C:\Users\Mouad\AppData\Roaming\Python\Python314\site-packages\playwright\_impl\_connection.py", line 559, in wrap_api_call
    raise rewrite_error(error, f"{parsed_st['apiName']}: {error}") from None
playwright._impl._errors.Error: Page.query_selector_all: Execution context was destroyed, most likely because of a navigation

During handling of the above exception, another exception occurred:

Traceback (most recent call last):
  File "C:\Program Files\Python314\Lib\asyncio\events.py", line 94, in _run
    self._context.run(self._callback, *self._args)
    ~~~~~~~~~~~~~~~~~^^^^^^^^^^^^^^^^^^^^^^^^^^^^^
  File "C:\Users\Mouad\AppData\Roaming\Python\Python314\site-packages\playwright\_impl\_connection.py", line 467, in _done_callback
    exc = future.exception()
  File "C:\Users\Mouad\AppData\Roaming\Python\Python314\site-packages\playwright\_impl\_page.py", line 305, in _on_route
    handled = await route_handler.handle(route)
              ^^^^^^^^^^^^^^^^^^^^^^^^^^^^^^^^^
  File "C:\Users\Mouad\AppData\Roaming\Python\Python314\site-packages\playwright\_impl\_helper.py", line 428, in handle
    return await self._handle_internal(route)
           ^^^^^^^^^^^^^^^^^^^^^^^^^^^^^^^^^^
  File "C:\Users\Mouad\AppData\Roaming\Python\Python314\site-packages\playwright\_impl\_helper.py", line 464, in _handle_internal
    await handler_finished_future
asyncio.exceptions.CancelledError
2026-07-13 02:10:49,493 - ERROR - Exception in callback SyncBase._sync.<locals>.<lambda>() at C:\Users\Mouad\AppData\Roaming\Python\Python314\site-packages\playwright\_impl\_sync_base.py:111
handle: <Handle SyncBase._sync.<locals>.<lambda>() at C:\Users\Mouad\AppData\Roaming\Python\Python314\site-packages\playwright\_impl\_sync_base.py:111>
Traceback (most recent call last):
  File "C:\Users\Mouad\Desktop\video_player\sextb_grab.py", line 278, in grab_all_playwright
    iframes = page.query_selector_all('#sextb-player iframe, .player-wrapper iframe')
  File "C:\Users\Mouad\AppData\Roaming\Python\Python314\site-packages\playwright\sync_api\_generated.py", line 8699, in query_selector_all
    self._sync(self._impl_obj.query_selector_all(selector=selector))
    ~~~~~~~~~~^^^^^^^^^^^^^^^^^^^^^^^^^^^^^^^^^^^^^^^^^^^^^^^^^^^^^^
  File "C:\Users\Mouad\AppData\Roaming\Python\Python314\site-packages\playwright\_impl\_sync_base.py", line 115, in _sync
    return task.result()
           ~~~~~~~~~~~^^
  File "C:\Users\Mouad\AppData\Roaming\Python\Python314\site-packages\playwright\_impl\_page.py", line 415, in query_selector_all
    return await self._main_frame.query_selector_all(selector)
           ^^^^^^^^^^^^^^^^^^^^^^^^^^^^^^^^^^^^^^^^^^^^^^^^^^^
  File "C:\Users\Mouad\AppData\Roaming\Python\Python314\site-packages\playwright\_impl\_frame.py", line 358, in query_selector_all
    await self._channel.send(
    ^^^^^^^^^^^^^^^^^^^^^^^^^
        "querySelectorAll", None, dict(selector=selector)
        ^^^^^^^^^^^^^^^^^^^^^^^^^^^^^^^^^^^^^^^^^^^^^^^^^
    ),
    ^
  File "C:\Users\Mouad\AppData\Roaming\Python\Python314\site-packages\playwright\_impl\_connection.py", line 69, in send
    return await self._connection.wrap_api_call(
           ^^^^^^^^^^^^^^^^^^^^^^^^^^^^^^^^^^^^^
    ...<3 lines>...
    )
    ^
  File "C:\Users\Mouad\AppData\Roaming\Python\Python314\site-packages\playwright\_impl\_connection.py", line 559, in wrap_api_call
    raise rewrite_error(error, f"{parsed_st['apiName']}: {error}") from None
playwright._impl._errors.Error: Page.query_selector_all: Execution context was destroyed, most likely because of a navigation

During handling of the above exception, another exception occurred:

Traceback (most recent call last):
  File "C:\Program Files\Python314\Lib\asyncio\events.py", line 94, in _run
    self._context.run(self._callback, *self._args)
    ~~~~~~~~~~~~~~~~~^^^^^^^^^^^^^^^^^^^^^^^^^^^^^
  File "C:\Users\Mouad\AppData\Roaming\Python\Python314\site-packages\playwright\_impl\_sync_base.py", line 111, in <lambda>
    task.add_done_callback(lambda _: g_self.switch())
                                     ~~~~~~~~~~~~~^^
  File "C:\Users\Mouad\AppData\Roaming\Python\Python314\site-packages\playwright\_impl\_helper.py", line 455, in _handler
    self.handler(route, route.request)  # type: ignore
    ~~~~~~~~~~~~^^^^^^^^^^^^^^^^^^^^^^
  File "C:\Users\Mouad\AppData\Roaming\Python\Python314\site-packages\playwright\_impl\_impl_to_api_mapping.py", line 123, in wrapper_func
    return handler(
        *list(map(lambda a: self.from_maybe_impl(a), args))[:arg_count]
    )
  File "C:\Users\Mouad\Desktop\video_player\sextb_grab.py", line 212, in block_ads
    route.continue_()
    ~~~~~~~~~~~~~~~^^
  File "C:\Users\Mouad\AppData\Roaming\Python\Python314\site-packages\playwright\sync_api\_generated.py", line 1021, in continue_
    self._sync(
    ~~~~~~~~~~^
        self._impl_obj.continue_(
        ^^^^^^^^^^^^^^^^^^^^^^^^^
    ...<4 lines>...
        )
        ^
    )
    ^
  File "C:\Users\Mouad\AppData\Roaming\Python\Python314\site-packages\playwright\_impl\_sync_base.py", line 115, in _sync
    return task.result()
           ~~~~~~~~~~~^^
  File "C:\Users\Mouad\AppData\Roaming\Python\Python314\site-packages\playwright\_impl\_network.py", line 518, in continue_
    return await self._handle_route(_inner)
           ^^^^^^^^^^^^^^^^^^^^^^^^^^^^^^^^
  File "C:\Users\Mouad\AppData\Roaming\Python\Python314\site-packages\playwright\_impl\_network.py", line 464, in _handle_route
    await callback()
  File "C:\Users\Mouad\AppData\Roaming\Python\Python314\site-packages\playwright\_impl\_network.py", line 516, in _inner
    await self._inner_continue(False)
  File "C:\Users\Mouad\AppData\Roaming\Python\Python314\site-packages\playwright\_impl\_network.py", line 522, in _inner_continue
    await self._race_with_page_close(
    ...<17 lines>...
    )
  File "C:\Users\Mouad\AppData\Roaming\Python\Python314\site-packages\playwright\_impl\_network.py", line 558, in _race_with_page_close
    await asyncio.wait(
    ...<2 lines>...
    )
  File "C:\Program Files\Python314\Lib\asyncio\tasks.py", line 432, in wait
    return await _wait(fs, timeout, return_when, loop)
           ^^^^^^^^^^^^^^^^^^^^^^^^^^^^^^^^^^^^^^^^^^^
  File "C:\Program Files\Python314\Lib\asyncio\tasks.py", line 521, in _wait
    await waiter
asyncio.exceptions.CancelledError
2026-07-13 02:10:49,632 - ERROR - Exception in callback Connection.dispatch.<locals>._done_callback() at C:\Users\Mouad\AppData\Roaming\Python\Python314\site-packages\playwright\_impl\_connection.py:466
handle: <Handle Connection.dispatch.<locals>._done_callback() at C:\Users\Mouad\AppData\Roaming\Python\Python314\site-packages\playwright\_impl\_connection.py:466>
Traceback (most recent call last):
  File "C:\Users\Mouad\Desktop\video_player\sextb_grab.py", line 278, in grab_all_playwright
    iframes = page.query_selector_all('#sextb-player iframe, .player-wrapper iframe')
  File "C:\Users\Mouad\AppData\Roaming\Python\Python314\site-packages\playwright\sync_api\_generated.py", line 8699, in query_selector_all
    self._sync(self._impl_obj.query_selector_all(selector=selector))
    ~~~~~~~~~~^^^^^^^^^^^^^^^^^^^^^^^^^^^^^^^^^^^^^^^^^^^^^^^^^^^^^^
  File "C:\Users\Mouad\AppData\Roaming\Python\Python314\site-packages\playwright\_impl\_sync_base.py", line 115, in _sync
    return task.result()
           ~~~~~~~~~~~^^
  File "C:\Users\Mouad\AppData\Roaming\Python\Python314\site-packages\playwright\_impl\_page.py", line 415, in query_selector_all
    return await self._main_frame.query_selector_all(selector)
           ^^^^^^^^^^^^^^^^^^^^^^^^^^^^^^^^^^^^^^^^^^^^^^^^^^^
  File "C:\Users\Mouad\AppData\Roaming\Python\Python314\site-packages\playwright\_impl\_frame.py", line 358, in query_selector_all
    await self._channel.send(
    ^^^^^^^^^^^^^^^^^^^^^^^^^
        "querySelectorAll", None, dict(selector=selector)
        ^^^^^^^^^^^^^^^^^^^^^^^^^^^^^^^^^^^^^^^^^^^^^^^^^
    ),
    ^
  File "C:\Users\Mouad\AppData\Roaming\Python\Python314\site-packages\playwright\_impl\_connection.py", line 69, in send
    return await self._connection.wrap_api_call(
           ^^^^^^^^^^^^^^^^^^^^^^^^^^^^^^^^^^^^^
    ...<3 lines>...
    )
    ^
  File "C:\Users\Mouad\AppData\Roaming\Python\Python314\site-packages\playwright\_impl\_connection.py", line 559, in wrap_api_call
    raise rewrite_error(error, f"{parsed_st['apiName']}: {error}") from None
playwright._impl._errors.Error: Page.query_selector_all: Execution context was destroyed, most likely because of a navigation

During handling of the above exception, another exception occurred:

Traceback (most recent call last):
  File "C:\Program Files\Python314\Lib\asyncio\events.py", line 94, in _run
    self._context.run(self._callback, *self._args)
    ~~~~~~~~~~~~~~~~~^^^^^^^^^^^^^^^^^^^^^^^^^^^^^
  File "C:\Users\Mouad\AppData\Roaming\Python\Python314\site-packages\playwright\_impl\_connection.py", line 467, in _done_callback
    exc = future.exception()
  File "C:\Users\Mouad\AppData\Roaming\Python\Python314\site-packages\playwright\_impl\_page.py", line 305, in _on_route
    handled = await route_handler.handle(route)
              ^^^^^^^^^^^^^^^^^^^^^^^^^^^^^^^^^
  File "C:\Users\Mouad\AppData\Roaming\Python\Python314\site-packages\playwright\_impl\_helper.py", line 428, in handle
    return await self._handle_internal(route)
           ^^^^^^^^^^^^^^^^^^^^^^^^^^^^^^^^^^
  File "C:\Users\Mouad\AppData\Roaming\Python\Python314\site-packages\playwright\_impl\_helper.py", line 464, in _handle_internal
    await handler_finished_future
asyncio.exceptions.CancelledError
2026-07-13 02:10:49,755 - ERROR - Exception in callback Connection.dispatch.<locals>._done_callback() at C:\Users\Mouad\AppData\Roaming\Python\Python314\site-packages\playwright\_impl\_connection.py:466
handle: <Handle Connection.dispatch.<locals>._done_callback() at C:\Users\Mouad\AppData\Roaming\Python\Python314\site-packages\playwright\_impl\_connection.py:466>
Traceback (most recent call last):
  File "C:\Users\Mouad\Desktop\video_player\sextb_grab.py", line 278, in grab_all_playwright
    iframes = page.query_selector_all('#sextb-player iframe, .player-wrapper iframe')
  File "C:\Users\Mouad\AppData\Roaming\Python\Python314\site-packages\playwright\sync_api\_generated.py", line 8699, in query_selector_all
    self._sync(self._impl_obj.query_selector_all(selector=selector))
    ~~~~~~~~~~^^^^^^^^^^^^^^^^^^^^^^^^^^^^^^^^^^^^^^^^^^^^^^^^^^^^^^
  File "C:\Users\Mouad\AppData\Roaming\Python\Python314\site-packages\playwright\_impl\_sync_base.py", line 115, in _sync
    return task.result()
           ~~~~~~~~~~~^^
  File "C:\Users\Mouad\AppData\Roaming\Python\Python314\site-packages\playwright\_impl\_page.py", line 415, in query_selector_all
    return await self._main_frame.query_selector_all(selector)
           ^^^^^^^^^^^^^^^^^^^^^^^^^^^^^^^^^^^^^^^^^^^^^^^^^^^
  File "C:\Users\Mouad\AppData\Roaming\Python\Python314\site-packages\playwright\_impl\_frame.py", line 358, in query_selector_all
    await self._channel.send(
    ^^^^^^^^^^^^^^^^^^^^^^^^^
        "querySelectorAll", None, dict(selector=selector)
        ^^^^^^^^^^^^^^^^^^^^^^^^^^^^^^^^^^^^^^^^^^^^^^^^^
    ),
    ^
  File "C:\Users\Mouad\AppData\Roaming\Python\Python314\site-packages\playwright\_impl\_connection.py", line 69, in send
    return await self._connection.wrap_api_call(
           ^^^^^^^^^^^^^^^^^^^^^^^^^^^^^^^^^^^^^
    ...<3 lines>...
    )
    ^
  File "C:\Users\Mouad\AppData\Roaming\Python\Python314\site-packages\playwright\_impl\_connection.py", line 559, in wrap_api_call
    raise rewrite_error(error, f"{parsed_st['apiName']}: {error}") from None
playwright._impl._errors.Error: Page.query_selector_all: Execution context was destroyed, most likely because of a navigation

During handling of the above exception, another exception occurred:

Traceback (most recent call last):
  File "C:\Program Files\Python314\Lib\asyncio\events.py", line 94, in _run
    self._context.run(self._callback, *self._args)
    ~~~~~~~~~~~~~~~~~^^^^^^^^^^^^^^^^^^^^^^^^^^^^^
  File "C:\Users\Mouad\AppData\Roaming\Python\Python314\site-packages\playwright\_impl\_connection.py", line 467, in _done_callback
    exc = future.exception()
  File "C:\Users\Mouad\AppData\Roaming\Python\Python314\site-packages\playwright\_impl\_page.py", line 305, in _on_route
    handled = await route_handler.handle(route)
              ^^^^^^^^^^^^^^^^^^^^^^^^^^^^^^^^^
  File "C:\Users\Mouad\AppData\Roaming\Python\Python314\site-packages\playwright\_impl\_helper.py", line 428, in handle
    return await self._handle_internal(route)
           ^^^^^^^^^^^^^^^^^^^^^^^^^^^^^^^^^^
  File "C:\Users\Mouad\AppData\Roaming\Python\Python314\site-packages\playwright\_impl\_helper.py", line 464, in _handle_internal
    await handler_finished_future
asyncio.exceptions.CancelledError
2026-07-13 02:10:49,887 - ERROR - Exception in callback Connection.dispatch.<locals>._done_callback() at C:\Users\Mouad\AppData\Roaming\Python\Python314\site-packages\playwright\_impl\_connection.py:466
handle: <Handle Connection.dispatch.<locals>._done_callback() at C:\Users\Mouad\AppData\Roaming\Python\Python314\site-packages\playwright\_impl\_connection.py:466>
Traceback (most recent call last):
  File "C:\Users\Mouad\Desktop\video_player\sextb_grab.py", line 278, in grab_all_playwright
    iframes = page.query_selector_all('#sextb-player iframe, .player-wrapper iframe')
  File "C:\Users\Mouad\AppData\Roaming\Python\Python314\site-packages\playwright\sync_api\_generated.py", line 8699, in query_selector_all
    self._sync(self._impl_obj.query_selector_all(selector=selector))
    ~~~~~~~~~~^^^^^^^^^^^^^^^^^^^^^^^^^^^^^^^^^^^^^^^^^^^^^^^^^^^^^^
  File "C:\Users\Mouad\AppData\Roaming\Python\Python314\site-packages\playwright\_impl\_sync_base.py", line 115, in _sync
    return task.result()
           ~~~~~~~~~~~^^
  File "C:\Users\Mouad\AppData\Roaming\Python\Python314\site-packages\playwright\_impl\_page.py", line 415, in query_selector_all
    return await self._main_frame.query_selector_all(selector)
           ^^^^^^^^^^^^^^^^^^^^^^^^^^^^^^^^^^^^^^^^^^^^^^^^^^^
  File "C:\Users\Mouad\AppData\Roaming\Python\Python314\site-packages\playwright\_impl\_frame.py", line 358, in query_selector_all
    await self._channel.send(
    ^^^^^^^^^^^^^^^^^^^^^^^^^
        "querySelectorAll", None, dict(selector=selector)
        ^^^^^^^^^^^^^^^^^^^^^^^^^^^^^^^^^^^^^^^^^^^^^^^^^
    ),
    ^
  File "C:\Users\Mouad\AppData\Roaming\Python\Python314\site-packages\playwright\_impl\_connection.py", line 69, in send
    return await self._connection.wrap_api_call(
           ^^^^^^^^^^^^^^^^^^^^^^^^^^^^^^^^^^^^^
    ...<3 lines>...
    )
    ^
  File "C:\Users\Mouad\AppData\Roaming\Python\Python314\site-packages\playwright\_impl\_connection.py", line 559, in wrap_api_call
    raise rewrite_error(error, f"{parsed_st['apiName']}: {error}") from None
playwright._impl._errors.Error: Page.query_selector_all: Execution context was destroyed, most likely because of a navigation

During handling of the above exception, another exception occurred:

Traceback (most recent call last):
  File "C:\Program Files\Python314\Lib\asyncio\events.py", line 94, in _run
    self._context.run(self._callback, *self._args)
    ~~~~~~~~~~~~~~~~~^^^^^^^^^^^^^^^^^^^^^^^^^^^^^
  File "C:\Users\Mouad\AppData\Roaming\Python\Python314\site-packages\playwright\_impl\_connection.py", line 467, in _done_callback
    exc = future.exception()
  File "C:\Users\Mouad\AppData\Roaming\Python\Python314\site-packages\playwright\_impl\_page.py", line 305, in _on_route
    handled = await route_handler.handle(route)
              ^^^^^^^^^^^^^^^^^^^^^^^^^^^^^^^^^
  File "C:\Users\Mouad\AppData\Roaming\Python\Python314\site-packages\playwright\_impl\_helper.py", line 428, in handle
    return await self._handle_internal(route)
           ^^^^^^^^^^^^^^^^^^^^^^^^^^^^^^^^^^
  File "C:\Users\Mouad\AppData\Roaming\Python\Python314\site-packages\playwright\_impl\_helper.py", line 464, in _handle_internal
    await handler_finished_future
asyncio.exceptions.CancelledError
2026-07-13 02:10:49,941 - ERROR - Exception in callback SyncBase._sync.<locals>.<lambda>() at C:\Users\Mouad\AppData\Roaming\Python\Python314\site-packages\playwright\_impl\_sync_base.py:111
handle: <Handle SyncBase._sync.<locals>.<lambda>() at C:\Users\Mouad\AppData\Roaming\Python\Python314\site-packages\playwright\_impl\_sync_base.py:111>
Traceback (most recent call last):
  File "C:\Users\Mouad\Desktop\video_player\sextb_grab.py", line 278, in grab_all_playwright
    iframes = page.query_selector_all('#sextb-player iframe, .player-wrapper iframe')
  File "C:\Users\Mouad\AppData\Roaming\Python\Python314\site-packages\playwright\sync_api\_generated.py", line 8699, in query_selector_all
    self._sync(self._impl_obj.query_selector_all(selector=selector))
    ~~~~~~~~~~^^^^^^^^^^^^^^^^^^^^^^^^^^^^^^^^^^^^^^^^^^^^^^^^^^^^^^
  File "C:\Users\Mouad\AppData\Roaming\Python\Python314\site-packages\playwright\_impl\_sync_base.py", line 115, in _sync
    return task.result()
           ~~~~~~~~~~~^^
  File "C:\Users\Mouad\AppData\Roaming\Python\Python314\site-packages\playwright\_impl\_page.py", line 415, in query_selector_all
    return await self._main_frame.query_selector_all(selector)
           ^^^^^^^^^^^^^^^^^^^^^^^^^^^^^^^^^^^^^^^^^^^^^^^^^^^
  File "C:\Users\Mouad\AppData\Roaming\Python\Python314\site-packages\playwright\_impl\_frame.py", line 358, in query_selector_all
    await self._channel.send(
    ^^^^^^^^^^^^^^^^^^^^^^^^^
        "querySelectorAll", None, dict(selector=selector)
        ^^^^^^^^^^^^^^^^^^^^^^^^^^^^^^^^^^^^^^^^^^^^^^^^^
    ),
    ^
  File "C:\Users\Mouad\AppData\Roaming\Python\Python314\site-packages\playwright\_impl\_connection.py", line 69, in send
    return await self._connection.wrap_api_call(
           ^^^^^^^^^^^^^^^^^^^^^^^^^^^^^^^^^^^^^
    ...<3 lines>...
    )
    ^
  File "C:\Users\Mouad\AppData\Roaming\Python\Python314\site-packages\playwright\_impl\_connection.py", line 559, in wrap_api_call
    raise rewrite_error(error, f"{parsed_st['apiName']}: {error}") from None
playwright._impl._errors.Error: Page.query_selector_all: Execution context was destroyed, most likely because of a navigation

During handling of the above exception, another exception occurred:

Traceback (most recent call last):
  File "C:\Program Files\Python314\Lib\asyncio\events.py", line 94, in _run
    self._context.run(self._callback, *self._args)
    ~~~~~~~~~~~~~~~~~^^^^^^^^^^^^^^^^^^^^^^^^^^^^^
  File "C:\Users\Mouad\AppData\Roaming\Python\Python314\site-packages\playwright\_impl\_sync_base.py", line 111, in <lambda>
    task.add_done_callback(lambda _: g_self.switch())
                                     ~~~~~~~~~~~~~^^
  File "C:\Users\Mouad\AppData\Roaming\Python\Python314\site-packages\playwright\_impl\_helper.py", line 455, in _handler
    self.handler(route, route.request)  # type: ignore
    ~~~~~~~~~~~~^^^^^^^^^^^^^^^^^^^^^^
  File "C:\Users\Mouad\AppData\Roaming\Python\Python314\site-packages\playwright\_impl\_impl_to_api_mapping.py", line 123, in wrapper_func
    return handler(
        *list(map(lambda a: self.from_maybe_impl(a), args))[:arg_count]
    )
  File "C:\Users\Mouad\Desktop\video_player\sextb_grab.py", line 212, in block_ads
    route.continue_()
    ~~~~~~~~~~~~~~~^^
  File "C:\Users\Mouad\AppData\Roaming\Python\Python314\site-packages\playwright\sync_api\_generated.py", line 1021, in continue_
    self._sync(
    ~~~~~~~~~~^
        self._impl_obj.continue_(
        ^^^^^^^^^^^^^^^^^^^^^^^^^
    ...<4 lines>...
        )
        ^
    )
    ^
  File "C:\Users\Mouad\AppData\Roaming\Python\Python314\site-packages\playwright\_impl\_sync_base.py", line 115, in _sync
    return task.result()
           ~~~~~~~~~~~^^
  File "C:\Users\Mouad\AppData\Roaming\Python\Python314\site-packages\playwright\_impl\_network.py", line 518, in continue_
    return await self._handle_route(_inner)
           ^^^^^^^^^^^^^^^^^^^^^^^^^^^^^^^^
  File "C:\Users\Mouad\AppData\Roaming\Python\Python314\site-packages\playwright\_impl\_network.py", line 464, in _handle_route
    await callback()
  File "C:\Users\Mouad\AppData\Roaming\Python\Python314\site-packages\playwright\_impl\_network.py", line 516, in _inner
    await self._inner_continue(False)
  File "C:\Users\Mouad\AppData\Roaming\Python\Python314\site-packages\playwright\_impl\_network.py", line 522, in _inner_continue
    await self._race_with_page_close(
    ...<17 lines>...
    )
  File "C:\Users\Mouad\AppData\Roaming\Python\Python314\site-packages\playwright\_impl\_network.py", line 558, in _race_with_page_close
    await asyncio.wait(
    ...<2 lines>...
    )
  File "C:\Program Files\Python314\Lib\asyncio\tasks.py", line 432, in wait
    return await _wait(fs, timeout, return_when, loop)
           ^^^^^^^^^^^^^^^^^^^^^^^^^^^^^^^^^^^^^^^^^^^
  File "C:\Program Files\Python314\Lib\asyncio\tasks.py", line 521, in _wait
    await waiter
asyncio.exceptions.CancelledError
2026-07-13 02:10:50,077 - ERROR - Exception in callback SyncBase._sync.<locals>.<lambda>() at C:\Users\Mouad\AppData\Roaming\Python\Python314\site-packages\playwright\_impl\_sync_base.py:111
handle: <Handle SyncBase._sync.<locals>.<lambda>() at C:\Users\Mouad\AppData\Roaming\Python\Python314\site-packages\playwright\_impl\_sync_base.py:111>
Traceback (most recent call last):
  File "C:\Users\Mouad\Desktop\video_player\sextb_grab.py", line 278, in grab_all_playwright
    iframes = page.query_selector_all('#sextb-player iframe, .player-wrapper iframe')
  File "C:\Users\Mouad\AppData\Roaming\Python\Python314\site-packages\playwright\sync_api\_generated.py", line 8699, in query_selector_all
    self._sync(self._impl_obj.query_selector_all(selector=selector))
    ~~~~~~~~~~^^^^^^^^^^^^^^^^^^^^^^^^^^^^^^^^^^^^^^^^^^^^^^^^^^^^^^
  File "C:\Users\Mouad\AppData\Roaming\Python\Python314\site-packages\playwright\_impl\_sync_base.py", line 115, in _sync
    return task.result()
           ~~~~~~~~~~~^^
  File "C:\Users\Mouad\AppData\Roaming\Python\Python314\site-packages\playwright\_impl\_page.py", line 415, in query_selector_all
    return await self._main_frame.query_selector_all(selector)
           ^^^^^^^^^^^^^^^^^^^^^^^^^^^^^^^^^^^^^^^^^^^^^^^^^^^
  File "C:\Users\Mouad\AppData\Roaming\Python\Python314\site-packages\playwright\_impl\_frame.py", line 358, in query_selector_all
    await self._channel.send(
    ^^^^^^^^^^^^^^^^^^^^^^^^^
        "querySelectorAll", None, dict(selector=selector)
        ^^^^^^^^^^^^^^^^^^^^^^^^^^^^^^^^^^^^^^^^^^^^^^^^^
    ),
    ^
  File "C:\Users\Mouad\AppData\Roaming\Python\Python314\site-packages\playwright\_impl\_connection.py", line 69, in send
    return await self._connection.wrap_api_call(
           ^^^^^^^^^^^^^^^^^^^^^^^^^^^^^^^^^^^^^
    ...<3 lines>...
    )
    ^
  File "C:\Users\Mouad\AppData\Roaming\Python\Python314\site-packages\playwright\_impl\_connection.py", line 559, in wrap_api_call
    raise rewrite_error(error, f"{parsed_st['apiName']}: {error}") from None
playwright._impl._errors.Error: Page.query_selector_all: Execution context was destroyed, most likely because of a navigation

During handling of the above exception, another exception occurred:

Traceback (most recent call last):
  File "C:\Program Files\Python314\Lib\asyncio\events.py", line 94, in _run
    self._context.run(self._callback, *self._args)
    ~~~~~~~~~~~~~~~~~^^^^^^^^^^^^^^^^^^^^^^^^^^^^^
  File "C:\Users\Mouad\AppData\Roaming\Python\Python314\site-packages\playwright\_impl\_sync_base.py", line 111, in <lambda>
    task.add_done_callback(lambda _: g_self.switch())
                                     ~~~~~~~~~~~~~^^
  File "C:\Users\Mouad\AppData\Roaming\Python\Python314\site-packages\playwright\_impl\_helper.py", line 455, in _handler
    self.handler(route, route.request)  # type: ignore
    ~~~~~~~~~~~~^^^^^^^^^^^^^^^^^^^^^^
  File "C:\Users\Mouad\AppData\Roaming\Python\Python314\site-packages\playwright\_impl\_impl_to_api_mapping.py", line 123, in wrapper_func
    return handler(
        *list(map(lambda a: self.from_maybe_impl(a), args))[:arg_count]
    )
  File "C:\Users\Mouad\Desktop\video_player\sextb_grab.py", line 212, in block_ads
    route.continue_()
    ~~~~~~~~~~~~~~~^^
  File "C:\Users\Mouad\AppData\Roaming\Python\Python314\site-packages\playwright\sync_api\_generated.py", line 1021, in continue_
    self._sync(
    ~~~~~~~~~~^
        self._impl_obj.continue_(
        ^^^^^^^^^^^^^^^^^^^^^^^^^
    ...<4 lines>...
        )
        ^
    )
    ^
  File "C:\Users\Mouad\AppData\Roaming\Python\Python314\site-packages\playwright\_impl\_sync_base.py", line 115, in _sync
    return task.result()
           ~~~~~~~~~~~^^
  File "C:\Users\Mouad\AppData\Roaming\Python\Python314\site-packages\playwright\_impl\_network.py", line 518, in continue_
    return await self._handle_route(_inner)
           ^^^^^^^^^^^^^^^^^^^^^^^^^^^^^^^^
  File "C:\Users\Mouad\AppData\Roaming\Python\Python314\site-packages\playwright\_impl\_network.py", line 464, in _handle_route
    await callback()
  File "C:\Users\Mouad\AppData\Roaming\Python\Python314\site-packages\playwright\_impl\_network.py", line 516, in _inner
    await self._inner_continue(False)
  File "C:\Users\Mouad\AppData\Roaming\Python\Python314\site-packages\playwright\_impl\_network.py", line 522, in _inner_continue
    await self._race_with_page_close(
    ...<17 lines>...
    )
  File "C:\Users\Mouad\AppData\Roaming\Python\Python314\site-packages\playwright\_impl\_network.py", line 558, in _race_with_page_close
    await asyncio.wait(
    ...<2 lines>...
    )
  File "C:\Program Files\Python314\Lib\asyncio\tasks.py", line 432, in wait
    return await _wait(fs, timeout, return_when, loop)
           ^^^^^^^^^^^^^^^^^^^^^^^^^^^^^^^^^^^^^^^^^^^
  File "C:\Program Files\Python314\Lib\asyncio\tasks.py", line 521, in _wait
    await waiter
asyncio.exceptions.CancelledError
2026-07-13 02:10:50,210 - ERROR - Exception in callback Connection.dispatch.<locals>._done_callback() at C:\Users\Mouad\AppData\Roaming\Python\Python314\site-packages\playwright\_impl\_connection.py:466
handle: <Handle Connection.dispatch.<locals>._done_callback() at C:\Users\Mouad\AppData\Roaming\Python\Python314\site-packages\playwright\_impl\_connection.py:466>
Traceback (most recent call last):
  File "C:\Users\Mouad\Desktop\video_player\sextb_grab.py", line 278, in grab_all_playwright
    iframes = page.query_selector_all('#sextb-player iframe, .player-wrapper iframe')
  File "C:\Users\Mouad\AppData\Roaming\Python\Python314\site-packages\playwright\sync_api\_generated.py", line 8699, in query_selector_all
    self._sync(self._impl_obj.query_selector_all(selector=selector))
    ~~~~~~~~~~^^^^^^^^^^^^^^^^^^^^^^^^^^^^^^^^^^^^^^^^^^^^^^^^^^^^^^
  File "C:\Users\Mouad\AppData\Roaming\Python\Python314\site-packages\playwright\_impl\_sync_base.py", line 115, in _sync
    return task.result()
           ~~~~~~~~~~~^^
  File "C:\Users\Mouad\AppData\Roaming\Python\Python314\site-packages\playwright\_impl\_page.py", line 415, in query_selector_all
    return await self._main_frame.query_selector_all(selector)
           ^^^^^^^^^^^^^^^^^^^^^^^^^^^^^^^^^^^^^^^^^^^^^^^^^^^
  File "C:\Users\Mouad\AppData\Roaming\Python\Python314\site-packages\playwright\_impl\_frame.py", line 358, in query_selector_all
    await self._channel.send(
    ^^^^^^^^^^^^^^^^^^^^^^^^^
        "querySelectorAll", None, dict(selector=selector)
        ^^^^^^^^^^^^^^^^^^^^^^^^^^^^^^^^^^^^^^^^^^^^^^^^^
    ),
    ^
  File "C:\Users\Mouad\AppData\Roaming\Python\Python314\site-packages\playwright\_impl\_connection.py", line 69, in send
    return await self._connection.wrap_api_call(
           ^^^^^^^^^^^^^^^^^^^^^^^^^^^^^^^^^^^^^
    ...<3 lines>...
    )
    ^
  File "C:\Users\Mouad\AppData\Roaming\Python\Python314\site-packages\playwright\_impl\_connection.py", line 559, in wrap_api_call
    raise rewrite_error(error, f"{parsed_st['apiName']}: {error}") from None
playwright._impl._errors.Error: Page.query_selector_all: Execution context was destroyed, most likely because of a navigation

During handling of the above exception, another exception occurred:

Traceback (most recent call last):
  File "C:\Program Files\Python314\Lib\asyncio\events.py", line 94, in _run
    self._context.run(self._callback, *self._args)
    ~~~~~~~~~~~~~~~~~^^^^^^^^^^^^^^^^^^^^^^^^^^^^^
  File "C:\Users\Mouad\AppData\Roaming\Python\Python314\site-packages\playwright\_impl\_connection.py", line 467, in _done_callback
    exc = future.exception()
  File "C:\Users\Mouad\AppData\Roaming\Python\Python314\site-packages\playwright\_impl\_page.py", line 305, in _on_route
    handled = await route_handler.handle(route)
              ^^^^^^^^^^^^^^^^^^^^^^^^^^^^^^^^^
  File "C:\Users\Mouad\AppData\Roaming\Python\Python314\site-packages\playwright\_impl\_helper.py", line 428, in handle
    return await self._handle_internal(route)
           ^^^^^^^^^^^^^^^^^^^^^^^^^^^^^^^^^^
  File "C:\Users\Mouad\AppData\Roaming\Python\Python314\site-packages\playwright\_impl\_helper.py", line 464, in _handle_internal
    await handler_finished_future
asyncio.exceptions.CancelledError
2026-07-13 02:10:50,257 - ERROR - Exception in callback SyncBase._sync.<locals>.<lambda>() at C:\Users\Mouad\AppData\Roaming\Python\Python314\site-packages\playwright\_impl\_sync_base.py:111
handle: <Handle SyncBase._sync.<locals>.<lambda>() at C:\Users\Mouad\AppData\Roaming\Python\Python314\site-packages\playwright\_impl\_sync_base.py:111>
Traceback (most recent call last):
  File "C:\Users\Mouad\Desktop\video_player\sextb_grab.py", line 278, in grab_all_playwright
    iframes = page.query_selector_all('#sextb-player iframe, .player-wrapper iframe')
  File "C:\Users\Mouad\AppData\Roaming\Python\Python314\site-packages\playwright\sync_api\_generated.py", line 8699, in query_selector_all
    self._sync(self._impl_obj.query_selector_all(selector=selector))
    ~~~~~~~~~~^^^^^^^^^^^^^^^^^^^^^^^^^^^^^^^^^^^^^^^^^^^^^^^^^^^^^^
  File "C:\Users\Mouad\AppData\Roaming\Python\Python314\site-packages\playwright\_impl\_sync_base.py", line 115, in _sync
    return task.result()
           ~~~~~~~~~~~^^
  File "C:\Users\Mouad\AppData\Roaming\Python\Python314\site-packages\playwright\_impl\_page.py", line 415, in query_selector_all
    return await self._main_frame.query_selector_all(selector)
           ^^^^^^^^^^^^^^^^^^^^^^^^^^^^^^^^^^^^^^^^^^^^^^^^^^^
  File "C:\Users\Mouad\AppData\Roaming\Python\Python314\site-packages\playwright\_impl\_frame.py", line 358, in query_selector_all
    await self._channel.send(
    ^^^^^^^^^^^^^^^^^^^^^^^^^
        "querySelectorAll", None, dict(selector=selector)
        ^^^^^^^^^^^^^^^^^^^^^^^^^^^^^^^^^^^^^^^^^^^^^^^^^
    ),
    ^
  File "C:\Users\Mouad\AppData\Roaming\Python\Python314\site-packages\playwright\_impl\_connection.py", line 69, in send
    return await self._connection.wrap_api_call(
           ^^^^^^^^^^^^^^^^^^^^^^^^^^^^^^^^^^^^^
    ...<3 lines>...
    )
    ^
  File "C:\Users\Mouad\AppData\Roaming\Python\Python314\site-packages\playwright\_impl\_connection.py", line 559, in wrap_api_call
    raise rewrite_error(error, f"{parsed_st['apiName']}: {error}") from None
playwright._impl._errors.Error: Page.query_selector_all: Execution context was destroyed, most likely because of a navigation

During handling of the above exception, another exception occurred:

Traceback (most recent call last):
  File "C:\Program Files\Python314\Lib\asyncio\events.py", line 94, in _run
    self._context.run(self._callback, *self._args)
    ~~~~~~~~~~~~~~~~~^^^^^^^^^^^^^^^^^^^^^^^^^^^^^
  File "C:\Users\Mouad\AppData\Roaming\Python\Python314\site-packages\playwright\_impl\_sync_base.py", line 111, in <lambda>
    task.add_done_callback(lambda _: g_self.switch())
                                     ~~~~~~~~~~~~~^^
  File "C:\Users\Mouad\AppData\Roaming\Python\Python314\site-packages\playwright\_impl\_helper.py", line 455, in _handler
    self.handler(route, route.request)  # type: ignore
    ~~~~~~~~~~~~^^^^^^^^^^^^^^^^^^^^^^
  File "C:\Users\Mouad\AppData\Roaming\Python\Python314\site-packages\playwright\_impl\_impl_to_api_mapping.py", line 123, in wrapper_func
    return handler(
        *list(map(lambda a: self.from_maybe_impl(a), args))[:arg_count]
    )
  File "C:\Users\Mouad\Desktop\video_player\sextb_grab.py", line 212, in block_ads
    route.continue_()
    ~~~~~~~~~~~~~~~^^
  File "C:\Users\Mouad\AppData\Roaming\Python\Python314\site-packages\playwright\sync_api\_generated.py", line 1021, in continue_
    self._sync(
    ~~~~~~~~~~^
        self._impl_obj.continue_(
        ^^^^^^^^^^^^^^^^^^^^^^^^^
    ...<4 lines>...
        )
        ^
    )
    ^
  File "C:\Users\Mouad\AppData\Roaming\Python\Python314\site-packages\playwright\_impl\_sync_base.py", line 115, in _sync
    return task.result()
           ~~~~~~~~~~~^^
  File "C:\Users\Mouad\AppData\Roaming\Python\Python314\site-packages\playwright\_impl\_network.py", line 518, in continue_
    return await self._handle_route(_inner)
           ^^^^^^^^^^^^^^^^^^^^^^^^^^^^^^^^
  File "C:\Users\Mouad\AppData\Roaming\Python\Python314\site-packages\playwright\_impl\_network.py", line 464, in _handle_route
    await callback()
  File "C:\Users\Mouad\AppData\Roaming\Python\Python314\site-packages\playwright\_impl\_network.py", line 516, in _inner
    await self._inner_continue(False)
  File "C:\Users\Mouad\AppData\Roaming\Python\Python314\site-packages\playwright\_impl\_network.py", line 522, in _inner_continue
    await self._race_with_page_close(
    ...<17 lines>...
    )
  File "C:\Users\Mouad\AppData\Roaming\Python\Python314\site-packages\playwright\_impl\_network.py", line 558, in _race_with_page_close
    await asyncio.wait(
    ...<2 lines>...
    )
  File "C:\Program Files\Python314\Lib\asyncio\tasks.py", line 432, in wait
    return await _wait(fs, timeout, return_when, loop)
           ^^^^^^^^^^^^^^^^^^^^^^^^^^^^^^^^^^^^^^^^^^^
  File "C:\Program Files\Python314\Lib\asyncio\tasks.py", line 521, in _wait
    await waiter
asyncio.exceptions.CancelledError
2026-07-13 02:10:50,394 - ERROR - Exception in callback SyncBase._sync.<locals>.<lambda>() at C:\Users\Mouad\AppData\Roaming\Python\Python314\site-packages\playwright\_impl\_sync_base.py:111
handle: <Handle SyncBase._sync.<locals>.<lambda>() at C:\Users\Mouad\AppData\Roaming\Python\Python314\site-packages\playwright\_impl\_sync_base.py:111>
Traceback (most recent call last):
  File "C:\Users\Mouad\Desktop\video_player\sextb_grab.py", line 278, in grab_all_playwright
    iframes = page.query_selector_all('#sextb-player iframe, .player-wrapper iframe')
  File "C:\Users\Mouad\AppData\Roaming\Python\Python314\site-packages\playwright\sync_api\_generated.py", line 8699, in query_selector_all
    self._sync(self._impl_obj.query_selector_all(selector=selector))
    ~~~~~~~~~~^^^^^^^^^^^^^^^^^^^^^^^^^^^^^^^^^^^^^^^^^^^^^^^^^^^^^^
  File "C:\Users\Mouad\AppData\Roaming\Python\Python314\site-packages\playwright\_impl\_sync_base.py", line 115, in _sync
    return task.result()
           ~~~~~~~~~~~^^
  File "C:\Users\Mouad\AppData\Roaming\Python\Python314\site-packages\playwright\_impl\_page.py", line 415, in query_selector_all
    return await self._main_frame.query_selector_all(selector)
           ^^^^^^^^^^^^^^^^^^^^^^^^^^^^^^^^^^^^^^^^^^^^^^^^^^^
  File "C:\Users\Mouad\AppData\Roaming\Python\Python314\site-packages\playwright\_impl\_frame.py", line 358, in query_selector_all
    await self._channel.send(
    ^^^^^^^^^^^^^^^^^^^^^^^^^
        "querySelectorAll", None, dict(selector=selector)
        ^^^^^^^^^^^^^^^^^^^^^^^^^^^^^^^^^^^^^^^^^^^^^^^^^
    ),
    ^
  File "C:\Users\Mouad\AppData\Roaming\Python\Python314\site-packages\playwright\_impl\_connection.py", line 69, in send
    return await self._connection.wrap_api_call(
           ^^^^^^^^^^^^^^^^^^^^^^^^^^^^^^^^^^^^^
    ...<3 lines>...
    )
    ^
  File "C:\Users\Mouad\AppData\Roaming\Python\Python314\site-packages\playwright\_impl\_connection.py", line 559, in wrap_api_call
    raise rewrite_error(error, f"{parsed_st['apiName']}: {error}") from None
playwright._impl._errors.Error: Page.query_selector_all: Execution context was destroyed, most likely because of a navigation

During handling of the above exception, another exception occurred:

Traceback (most recent call last):
  File "C:\Program Files\Python314\Lib\asyncio\events.py", line 94, in _run
    self._context.run(self._callback, *self._args)
    ~~~~~~~~~~~~~~~~~^^^^^^^^^^^^^^^^^^^^^^^^^^^^^
  File "C:\Users\Mouad\AppData\Roaming\Python\Python314\site-packages\playwright\_impl\_sync_base.py", line 111, in <lambda>
    task.add_done_callback(lambda _: g_self.switch())
                                     ~~~~~~~~~~~~~^^
  File "C:\Users\Mouad\AppData\Roaming\Python\Python314\site-packages\playwright\_impl\_helper.py", line 455, in _handler
    self.handler(route, route.request)  # type: ignore
    ~~~~~~~~~~~~^^^^^^^^^^^^^^^^^^^^^^
  File "C:\Users\Mouad\AppData\Roaming\Python\Python314\site-packages\playwright\_impl\_impl_to_api_mapping.py", line 123, in wrapper_func
    return handler(
        *list(map(lambda a: self.from_maybe_impl(a), args))[:arg_count]
    )
  File "C:\Users\Mouad\Desktop\video_player\sextb_grab.py", line 212, in block_ads
    route.continue_()
    ~~~~~~~~~~~~~~~^^
  File "C:\Users\Mouad\AppData\Roaming\Python\Python314\site-packages\playwright\sync_api\_generated.py", line 1021, in continue_
    self._sync(
    ~~~~~~~~~~^
        self._impl_obj.continue_(
        ^^^^^^^^^^^^^^^^^^^^^^^^^
    ...<4 lines>...
        )
        ^
    )
    ^
  File "C:\Users\Mouad\AppData\Roaming\Python\Python314\site-packages\playwright\_impl\_sync_base.py", line 115, in _sync
    return task.result()
           ~~~~~~~~~~~^^
  File "C:\Users\Mouad\AppData\Roaming\Python\Python314\site-packages\playwright\_impl\_network.py", line 518, in continue_
    return await self._handle_route(_inner)
           ^^^^^^^^^^^^^^^^^^^^^^^^^^^^^^^^
  File "C:\Users\Mouad\AppData\Roaming\Python\Python314\site-packages\playwright\_impl\_network.py", line 464, in _handle_route
    await callback()
  File "C:\Users\Mouad\AppData\Roaming\Python\Python314\site-packages\playwright\_impl\_network.py", line 516, in _inner
    await self._inner_continue(False)
  File "C:\Users\Mouad\AppData\Roaming\Python\Python314\site-packages\playwright\_impl\_network.py", line 522, in _inner_continue
    await self._race_with_page_close(
    ...<17 lines>...
    )
  File "C:\Users\Mouad\AppData\Roaming\Python\Python314\site-packages\playwright\_impl\_network.py", line 558, in _race_with_page_close
    await asyncio.wait(
    ...<2 lines>...
    )
  File "C:\Program Files\Python314\Lib\asyncio\tasks.py", line 432, in wait
    return await _wait(fs, timeout, return_when, loop)
           ^^^^^^^^^^^^^^^^^^^^^^^^^^^^^^^^^^^^^^^^^^^
  File "C:\Program Files\Python314\Lib\asyncio\tasks.py", line 521, in _wait
    await waiter
asyncio.exceptions.CancelledError
2026-07-13 02:10:50,497 - ERROR - Exception in callback Connection.dispatch.<locals>._done_callback() at C:\Users\Mouad\AppData\Roaming\Python\Python314\site-packages\playwright\_impl\_connection.py:466
handle: <Handle Connection.dispatch.<locals>._done_callback() at C:\Users\Mouad\AppData\Roaming\Python\Python314\site-packages\playwright\_impl\_connection.py:466>
Traceback (most recent call last):
  File "C:\Users\Mouad\Desktop\video_player\sextb_grab.py", line 278, in grab_all_playwright
    iframes = page.query_selector_all('#sextb-player iframe, .player-wrapper iframe')
  File "C:\Users\Mouad\AppData\Roaming\Python\Python314\site-packages\playwright\sync_api\_generated.py", line 8699, in query_selector_all
    self._sync(self._impl_obj.query_selector_all(selector=selector))
    ~~~~~~~~~~^^^^^^^^^^^^^^^^^^^^^^^^^^^^^^^^^^^^^^^^^^^^^^^^^^^^^^
  File "C:\Users\Mouad\AppData\Roaming\Python\Python314\site-packages\playwright\_impl\_sync_base.py", line 115, in _sync
    return task.result()
           ~~~~~~~~~~~^^
  File "C:\Users\Mouad\AppData\Roaming\Python\Python314\site-packages\playwright\_impl\_page.py", line 415, in query_selector_all
    return await self._main_frame.query_selector_all(selector)
           ^^^^^^^^^^^^^^^^^^^^^^^^^^^^^^^^^^^^^^^^^^^^^^^^^^^
  File "C:\Users\Mouad\AppData\Roaming\Python\Python314\site-packages\playwright\_impl\_frame.py", line 358, in query_selector_all
    await self._channel.send(
    ^^^^^^^^^^^^^^^^^^^^^^^^^
        "querySelectorAll", None, dict(selector=selector)
        ^^^^^^^^^^^^^^^^^^^^^^^^^^^^^^^^^^^^^^^^^^^^^^^^^
    ),
    ^
  File "C:\Users\Mouad\AppData\Roaming\Python\Python314\site-packages\playwright\_impl\_connection.py", line 69, in send
    return await self._connection.wrap_api_call(
           ^^^^^^^^^^^^^^^^^^^^^^^^^^^^^^^^^^^^^
    ...<3 lines>...
    )
    ^
  File "C:\Users\Mouad\AppData\Roaming\Python\Python314\site-packages\playwright\_impl\_connection.py", line 559, in wrap_api_call
    raise rewrite_error(error, f"{parsed_st['apiName']}: {error}") from None
playwright._impl._errors.Error: Page.query_selector_all: Execution context was destroyed, most likely because of a navigation

During handling of the above exception, another exception occurred:

Traceback (most recent call last):
  File "C:\Program Files\Python314\Lib\asyncio\events.py", line 94, in _run
    self._context.run(self._callback, *self._args)
    ~~~~~~~~~~~~~~~~~^^^^^^^^^^^^^^^^^^^^^^^^^^^^^
  File "C:\Users\Mouad\AppData\Roaming\Python\Python314\site-packages\playwright\_impl\_connection.py", line 467, in _done_callback
    exc = future.exception()
  File "C:\Users\Mouad\AppData\Roaming\Python\Python314\site-packages\playwright\_impl\_page.py", line 305, in _on_route
    handled = await route_handler.handle(route)
              ^^^^^^^^^^^^^^^^^^^^^^^^^^^^^^^^^
  File "C:\Users\Mouad\AppData\Roaming\Python\Python314\site-packages\playwright\_impl\_helper.py", line 428, in handle
    return await self._handle_internal(route)
           ^^^^^^^^^^^^^^^^^^^^^^^^^^^^^^^^^^
  File "C:\Users\Mouad\AppData\Roaming\Python\Python314\site-packages\playwright\_impl\_helper.py", line 464, in _handle_internal
    await handler_finished_future
asyncio.exceptions.CancelledError
2026-07-13 02:10:50,584 - ERROR - Exception in callback Connection.dispatch.<locals>._done_callback() at C:\Users\Mouad\AppData\Roaming\Python\Python314\site-packages\playwright\_impl\_connection.py:466
handle: <Handle Connection.dispatch.<locals>._done_callback() at C:\Users\Mouad\AppData\Roaming\Python\Python314\site-packages\playwright\_impl\_connection.py:466>
Traceback (most recent call last):
  File "C:\Users\Mouad\Desktop\video_player\sextb_grab.py", line 278, in grab_all_playwright
    iframes = page.query_selector_all('#sextb-player iframe, .player-wrapper iframe')
  File "C:\Users\Mouad\AppData\Roaming\Python\Python314\site-packages\playwright\sync_api\_generated.py", line 8699, in query_selector_all
    self._sync(self._impl_obj.query_selector_all(selector=selector))
    ~~~~~~~~~~^^^^^^^^^^^^^^^^^^^^^^^^^^^^^^^^^^^^^^^^^^^^^^^^^^^^^^
  File "C:\Users\Mouad\AppData\Roaming\Python\Python314\site-packages\playwright\_impl\_sync_base.py", line 115, in _sync
    return task.result()
           ~~~~~~~~~~~^^
  File "C:\Users\Mouad\AppData\Roaming\Python\Python314\site-packages\playwright\_impl\_page.py", line 415, in query_selector_all
    return await self._main_frame.query_selector_all(selector)
           ^^^^^^^^^^^^^^^^^^^^^^^^^^^^^^^^^^^^^^^^^^^^^^^^^^^
  File "C:\Users\Mouad\AppData\Roaming\Python\Python314\site-packages\playwright\_impl\_frame.py", line 358, in query_selector_all
    await self._channel.send(
    ^^^^^^^^^^^^^^^^^^^^^^^^^
        "querySelectorAll", None, dict(selector=selector)
        ^^^^^^^^^^^^^^^^^^^^^^^^^^^^^^^^^^^^^^^^^^^^^^^^^
    ),
    ^
  File "C:\Users\Mouad\AppData\Roaming\Python\Python314\site-packages\playwright\_impl\_connection.py", line 69, in send
    return await self._connection.wrap_api_call(
           ^^^^^^^^^^^^^^^^^^^^^^^^^^^^^^^^^^^^^
    ...<3 lines>...
    )
    ^
  File "C:\Users\Mouad\AppData\Roaming\Python\Python314\site-packages\playwright\_impl\_connection.py", line 559, in wrap_api_call
    raise rewrite_error(error, f"{parsed_st['apiName']}: {error}") from None
playwright._impl._errors.Error: Page.query_selector_all: Execution context was destroyed, most likely because of a navigation

During handling of the above exception, another exception occurred:

Traceback (most recent call last):
  File "C:\Program Files\Python314\Lib\asyncio\events.py", line 94, in _run
    self._context.run(self._callback, *self._args)
    ~~~~~~~~~~~~~~~~~^^^^^^^^^^^^^^^^^^^^^^^^^^^^^
  File "C:\Users\Mouad\AppData\Roaming\Python\Python314\site-packages\playwright\_impl\_connection.py", line 467, in _done_callback
    exc = future.exception()
  File "C:\Users\Mouad\AppData\Roaming\Python\Python314\site-packages\playwright\_impl\_page.py", line 305, in _on_route
    handled = await route_handler.handle(route)
              ^^^^^^^^^^^^^^^^^^^^^^^^^^^^^^^^^
  File "C:\Users\Mouad\AppData\Roaming\Python\Python314\site-packages\playwright\_impl\_helper.py", line 428, in handle
    return await self._handle_internal(route)
           ^^^^^^^^^^^^^^^^^^^^^^^^^^^^^^^^^^
  File "C:\Users\Mouad\AppData\Roaming\Python\Python314\site-packages\playwright\_impl\_helper.py", line 464, in _handle_internal
    await handler_finished_future
asyncio.exceptions.CancelledError
2026-07-13 02:10:50,679 - ERROR - Exception in callback Connection.dispatch.<locals>._done_callback() at C:\Users\Mouad\AppData\Roaming\Python\Python314\site-packages\playwright\_impl\_connection.py:466
handle: <Handle Connection.dispatch.<locals>._done_callback() at C:\Users\Mouad\AppData\Roaming\Python\Python314\site-packages\playwright\_impl\_connection.py:466>
Traceback (most recent call last):
  File "C:\Users\Mouad\Desktop\video_player\sextb_grab.py", line 278, in grab_all_playwright
    iframes = page.query_selector_all('#sextb-player iframe, .player-wrapper iframe')
  File "C:\Users\Mouad\AppData\Roaming\Python\Python314\site-packages\playwright\sync_api\_generated.py", line 8699, in query_selector_all
    self._sync(self._impl_obj.query_selector_all(selector=selector))
    ~~~~~~~~~~^^^^^^^^^^^^^^^^^^^^^^^^^^^^^^^^^^^^^^^^^^^^^^^^^^^^^^
  File "C:\Users\Mouad\AppData\Roaming\Python\Python314\site-packages\playwright\_impl\_sync_base.py", line 115, in _sync
    return task.result()
           ~~~~~~~~~~~^^
  File "C:\Users\Mouad\AppData\Roaming\Python\Python314\site-packages\playwright\_impl\_page.py", line 415, in query_selector_all
    return await self._main_frame.query_selector_all(selector)
           ^^^^^^^^^^^^^^^^^^^^^^^^^^^^^^^^^^^^^^^^^^^^^^^^^^^
  File "C:\Users\Mouad\AppData\Roaming\Python\Python314\site-packages\playwright\_impl\_frame.py", line 358, in query_selector_all
    await self._channel.send(
    ^^^^^^^^^^^^^^^^^^^^^^^^^
        "querySelectorAll", None, dict(selector=selector)
        ^^^^^^^^^^^^^^^^^^^^^^^^^^^^^^^^^^^^^^^^^^^^^^^^^
    ),
    ^
  File "C:\Users\Mouad\AppData\Roaming\Python\Python314\site-packages\playwright\_impl\_connection.py", line 69, in send
    return await self._connection.wrap_api_call(
           ^^^^^^^^^^^^^^^^^^^^^^^^^^^^^^^^^^^^^
    ...<3 lines>...
    )
    ^
  File "C:\Users\Mouad\AppData\Roaming\Python\Python314\site-packages\playwright\_impl\_connection.py", line 559, in wrap_api_call
    raise rewrite_error(error, f"{parsed_st['apiName']}: {error}") from None
playwright._impl._errors.Error: Page.query_selector_all: Execution context was destroyed, most likely because of a navigation

During handling of the above exception, another exception occurred:

Traceback (most recent call last):
  File "C:\Program Files\Python314\Lib\asyncio\events.py", line 94, in _run
    self._context.run(self._callback, *self._args)
    ~~~~~~~~~~~~~~~~~^^^^^^^^^^^^^^^^^^^^^^^^^^^^^
  File "C:\Users\Mouad\AppData\Roaming\Python\Python314\site-packages\playwright\_impl\_connection.py", line 467, in _done_callback
    exc = future.exception()
  File "C:\Users\Mouad\AppData\Roaming\Python\Python314\site-packages\playwright\_impl\_page.py", line 305, in _on_route
    handled = await route_handler.handle(route)
              ^^^^^^^^^^^^^^^^^^^^^^^^^^^^^^^^^
  File "C:\Users\Mouad\AppData\Roaming\Python\Python314\site-packages\playwright\_impl\_helper.py", line 428, in handle
    return await self._handle_internal(route)
           ^^^^^^^^^^^^^^^^^^^^^^^^^^^^^^^^^^
  File "C:\Users\Mouad\AppData\Roaming\Python\Python314\site-packages\playwright\_impl\_helper.py", line 464, in _handle_internal
    await handler_finished_future
asyncio.exceptions.CancelledError
2026-07-13 02:10:50,761 - ERROR - Exception in callback SyncBase._sync.<locals>.<lambda>() at C:\Users\Mouad\AppData\Roaming\Python\Python314\site-packages\playwright\_impl\_sync_base.py:111
handle: <Handle SyncBase._sync.<locals>.<lambda>() at C:\Users\Mouad\AppData\Roaming\Python\Python314\site-packages\playwright\_impl\_sync_base.py:111>
Traceback (most recent call last):
  File "C:\Users\Mouad\Desktop\video_player\sextb_grab.py", line 278, in grab_all_playwright
    iframes = page.query_selector_all('#sextb-player iframe, .player-wrapper iframe')
  File "C:\Users\Mouad\AppData\Roaming\Python\Python314\site-packages\playwright\sync_api\_generated.py", line 8699, in query_selector_all
    self._sync(self._impl_obj.query_selector_all(selector=selector))
    ~~~~~~~~~~^^^^^^^^^^^^^^^^^^^^^^^^^^^^^^^^^^^^^^^^^^^^^^^^^^^^^^
  File "C:\Users\Mouad\AppData\Roaming\Python\Python314\site-packages\playwright\_impl\_sync_base.py", line 115, in _sync
    return task.result()
           ~~~~~~~~~~~^^
  File "C:\Users\Mouad\AppData\Roaming\Python\Python314\site-packages\playwright\_impl\_page.py", line 415, in query_selector_all
    return await self._main_frame.query_selector_all(selector)
           ^^^^^^^^^^^^^^^^^^^^^^^^^^^^^^^^^^^^^^^^^^^^^^^^^^^
  File "C:\Users\Mouad\AppData\Roaming\Python\Python314\site-packages\playwright\_impl\_frame.py", line 358, in query_selector_all
    await self._channel.send(
    ^^^^^^^^^^^^^^^^^^^^^^^^^
        "querySelectorAll", None, dict(selector=selector)
        ^^^^^^^^^^^^^^^^^^^^^^^^^^^^^^^^^^^^^^^^^^^^^^^^^
    ),
    ^
  File "C:\Users\Mouad\AppData\Roaming\Python\Python314\site-packages\playwright\_impl\_connection.py", line 69, in send
    return await self._connection.wrap_api_call(
           ^^^^^^^^^^^^^^^^^^^^^^^^^^^^^^^^^^^^^
    ...<3 lines>...
    )
    ^
  File "C:\Users\Mouad\AppData\Roaming\Python\Python314\site-packages\playwright\_impl\_connection.py", line 559, in wrap_api_call
    raise rewrite_error(error, f"{parsed_st['apiName']}: {error}") from None
playwright._impl._errors.Error: Page.query_selector_all: Execution context was destroyed, most likely because of a navigation

During handling of the above exception, another exception occurred:

Traceback (most recent call last):
  File "C:\Program Files\Python314\Lib\asyncio\events.py", line 94, in _run
    self._context.run(self._callback, *self._args)
    ~~~~~~~~~~~~~~~~~^^^^^^^^^^^^^^^^^^^^^^^^^^^^^
  File "C:\Users\Mouad\AppData\Roaming\Python\Python314\site-packages\playwright\_impl\_sync_base.py", line 111, in <lambda>
    task.add_done_callback(lambda _: g_self.switch())
                                     ~~~~~~~~~~~~~^^
  File "C:\Users\Mouad\AppData\Roaming\Python\Python314\site-packages\playwright\_impl\_helper.py", line 455, in _handler
    self.handler(route, route.request)  # type: ignore
    ~~~~~~~~~~~~^^^^^^^^^^^^^^^^^^^^^^
  File "C:\Users\Mouad\AppData\Roaming\Python\Python314\site-packages\playwright\_impl\_impl_to_api_mapping.py", line 123, in wrapper_func
    return handler(
        *list(map(lambda a: self.from_maybe_impl(a), args))[:arg_count]
    )
  File "C:\Users\Mouad\Desktop\video_player\sextb_grab.py", line 212, in block_ads
    route.continue_()
    ~~~~~~~~~~~~~~~^^
  File "C:\Users\Mouad\AppData\Roaming\Python\Python314\site-packages\playwright\sync_api\_generated.py", line 1021, in continue_
    self._sync(
    ~~~~~~~~~~^
        self._impl_obj.continue_(
        ^^^^^^^^^^^^^^^^^^^^^^^^^
    ...<4 lines>...
        )
        ^
    )
    ^
  File "C:\Users\Mouad\AppData\Roaming\Python\Python314\site-packages\playwright\_impl\_sync_base.py", line 115, in _sync
    return task.result()
           ~~~~~~~~~~~^^
  File "C:\Users\Mouad\AppData\Roaming\Python\Python314\site-packages\playwright\_impl\_network.py", line 518, in continue_
    return await self._handle_route(_inner)
           ^^^^^^^^^^^^^^^^^^^^^^^^^^^^^^^^
  File "C:\Users\Mouad\AppData\Roaming\Python\Python314\site-packages\playwright\_impl\_network.py", line 464, in _handle_route
    await callback()
  File "C:\Users\Mouad\AppData\Roaming\Python\Python314\site-packages\playwright\_impl\_network.py", line 516, in _inner
    await self._inner_continue(False)
  File "C:\Users\Mouad\AppData\Roaming\Python\Python314\site-packages\playwright\_impl\_network.py", line 522, in _inner_continue
    await self._race_with_page_close(
    ...<17 lines>...
    )
  File "C:\Users\Mouad\AppData\Roaming\Python\Python314\site-packages\playwright\_impl\_network.py", line 558, in _race_with_page_close
    await asyncio.wait(
    ...<2 lines>...
    )
  File "C:\Program Files\Python314\Lib\asyncio\tasks.py", line 432, in wait
    return await _wait(fs, timeout, return_when, loop)
           ^^^^^^^^^^^^^^^^^^^^^^^^^^^^^^^^^^^^^^^^^^^
  File "C:\Program Files\Python314\Lib\asyncio\tasks.py", line 521, in _wait
    await waiter
asyncio.exceptions.CancelledError
2026-07-13 02:10:50,896 - ERROR - Exception in callback SyncBase._sync.<locals>.<lambda>() at C:\Users\Mouad\AppData\Roaming\Python\Python314\site-packages\playwright\_impl\_sync_base.py:111
handle: <Handle SyncBase._sync.<locals>.<lambda>() at C:\Users\Mouad\AppData\Roaming\Python\Python314\site-packages\playwright\_impl\_sync_base.py:111>
Traceback (most recent call last):
  File "C:\Users\Mouad\Desktop\video_player\sextb_grab.py", line 278, in grab_all_playwright
    iframes = page.query_selector_all('#sextb-player iframe, .player-wrapper iframe')
  File "C:\Users\Mouad\AppData\Roaming\Python\Python314\site-packages\playwright\sync_api\_generated.py", line 8699, in query_selector_all
    self._sync(self._impl_obj.query_selector_all(selector=selector))
    ~~~~~~~~~~^^^^^^^^^^^^^^^^^^^^^^^^^^^^^^^^^^^^^^^^^^^^^^^^^^^^^^
  File "C:\Users\Mouad\AppData\Roaming\Python\Python314\site-packages\playwright\_impl\_sync_base.py", line 115, in _sync
    return task.result()
           ~~~~~~~~~~~^^
  File "C:\Users\Mouad\AppData\Roaming\Python\Python314\site-packages\playwright\_impl\_page.py", line 415, in query_selector_all
    return await self._main_frame.query_selector_all(selector)
           ^^^^^^^^^^^^^^^^^^^^^^^^^^^^^^^^^^^^^^^^^^^^^^^^^^^
  File "C:\Users\Mouad\AppData\Roaming\Python\Python314\site-packages\playwright\_impl\_frame.py", line 358, in query_selector_all
    await self._channel.send(
    ^^^^^^^^^^^^^^^^^^^^^^^^^
        "querySelectorAll", None, dict(selector=selector)
        ^^^^^^^^^^^^^^^^^^^^^^^^^^^^^^^^^^^^^^^^^^^^^^^^^
    ),
    ^
  File "C:\Users\Mouad\AppData\Roaming\Python\Python314\site-packages\playwright\_impl\_connection.py", line 69, in send
    return await self._connection.wrap_api_call(
           ^^^^^^^^^^^^^^^^^^^^^^^^^^^^^^^^^^^^^
    ...<3 lines>...
    )
    ^
  File "C:\Users\Mouad\AppData\Roaming\Python\Python314\site-packages\playwright\_impl\_connection.py", line 559, in wrap_api_call
    raise rewrite_error(error, f"{parsed_st['apiName']}: {error}") from None
playwright._impl._errors.Error: Page.query_selector_all: Execution context was destroyed, most likely because of a navigation

During handling of the above exception, another exception occurred:

Traceback (most recent call last):
  File "C:\Program Files\Python314\Lib\asyncio\events.py", line 94, in _run
    self._context.run(self._callback, *self._args)
    ~~~~~~~~~~~~~~~~~^^^^^^^^^^^^^^^^^^^^^^^^^^^^^
  File "C:\Users\Mouad\AppData\Roaming\Python\Python314\site-packages\playwright\_impl\_sync_base.py", line 111, in <lambda>
    task.add_done_callback(lambda _: g_self.switch())
                                     ~~~~~~~~~~~~~^^
  File "C:\Users\Mouad\AppData\Roaming\Python\Python314\site-packages\playwright\_impl\_helper.py", line 455, in _handler
    self.handler(route, route.request)  # type: ignore
    ~~~~~~~~~~~~^^^^^^^^^^^^^^^^^^^^^^
  File "C:\Users\Mouad\AppData\Roaming\Python\Python314\site-packages\playwright\_impl\_impl_to_api_mapping.py", line 123, in wrapper_func
    return handler(
        *list(map(lambda a: self.from_maybe_impl(a), args))[:arg_count]
    )
  File "C:\Users\Mouad\Desktop\video_player\sextb_grab.py", line 212, in block_ads
    route.continue_()
    ~~~~~~~~~~~~~~~^^
  File "C:\Users\Mouad\AppData\Roaming\Python\Python314\site-packages\playwright\sync_api\_generated.py", line 1021, in continue_
    self._sync(
    ~~~~~~~~~~^
        self._impl_obj.continue_(
        ^^^^^^^^^^^^^^^^^^^^^^^^^
    ...<4 lines>...
        )
        ^
    )
    ^
  File "C:\Users\Mouad\AppData\Roaming\Python\Python314\site-packages\playwright\_impl\_sync_base.py", line 115, in _sync
    return task.result()
           ~~~~~~~~~~~^^
  File "C:\Users\Mouad\AppData\Roaming\Python\Python314\site-packages\playwright\_impl\_network.py", line 518, in continue_
    return await self._handle_route(_inner)
           ^^^^^^^^^^^^^^^^^^^^^^^^^^^^^^^^
  File "C:\Users\Mouad\AppData\Roaming\Python\Python314\site-packages\playwright\_impl\_network.py", line 464, in _handle_route
    await callback()
  File "C:\Users\Mouad\AppData\Roaming\Python\Python314\site-packages\playwright\_impl\_network.py", line 516, in _inner
    await self._inner_continue(False)
  File "C:\Users\Mouad\AppData\Roaming\Python\Python314\site-packages\playwright\_impl\_network.py", line 522, in _inner_continue
    await self._race_with_page_close(
    ...<17 lines>...
    )
  File "C:\Users\Mouad\AppData\Roaming\Python\Python314\site-packages\playwright\_impl\_network.py", line 558, in _race_with_page_close
    await asyncio.wait(
    ...<2 lines>...
    )
  File "C:\Program Files\Python314\Lib\asyncio\tasks.py", line 432, in wait
    return await _wait(fs, timeout, return_when, loop)
           ^^^^^^^^^^^^^^^^^^^^^^^^^^^^^^^^^^^^^^^^^^^
  File "C:\Program Files\Python314\Lib\asyncio\tasks.py", line 521, in _wait
    await waiter
asyncio.exceptions.CancelledError
2026-07-13 02:10:51,037 - ERROR - Exception in callback Connection.dispatch.<locals>._done_callback() at C:\Users\Mouad\AppData\Roaming\Python\Python314\site-packages\playwright\_impl\_connection.py:466
handle: <Handle Connection.dispatch.<locals>._done_callback() at C:\Users\Mouad\AppData\Roaming\Python\Python314\site-packages\playwright\_impl\_connection.py:466>
Traceback (most recent call last):
  File "C:\Users\Mouad\Desktop\video_player\sextb_grab.py", line 278, in grab_all_playwright
    iframes = page.query_selector_all('#sextb-player iframe, .player-wrapper iframe')
  File "C:\Users\Mouad\AppData\Roaming\Python\Python314\site-packages\playwright\sync_api\_generated.py", line 8699, in query_selector_all
    self._sync(self._impl_obj.query_selector_all(selector=selector))
    ~~~~~~~~~~^^^^^^^^^^^^^^^^^^^^^^^^^^^^^^^^^^^^^^^^^^^^^^^^^^^^^^
  File "C:\Users\Mouad\AppData\Roaming\Python\Python314\site-packages\playwright\_impl\_sync_base.py", line 115, in _sync
    return task.result()
           ~~~~~~~~~~~^^
  File "C:\Users\Mouad\AppData\Roaming\Python\Python314\site-packages\playwright\_impl\_page.py", line 415, in query_selector_all
    return await self._main_frame.query_selector_all(selector)
           ^^^^^^^^^^^^^^^^^^^^^^^^^^^^^^^^^^^^^^^^^^^^^^^^^^^
  File "C:\Users\Mouad\AppData\Roaming\Python\Python314\site-packages\playwright\_impl\_frame.py", line 358, in query_selector_all
    await self._channel.send(
    ^^^^^^^^^^^^^^^^^^^^^^^^^
        "querySelectorAll", None, dict(selector=selector)
        ^^^^^^^^^^^^^^^^^^^^^^^^^^^^^^^^^^^^^^^^^^^^^^^^^
    ),
    ^
  File "C:\Users\Mouad\AppData\Roaming\Python\Python314\site-packages\playwright\_impl\_connection.py", line 69, in send
    return await self._connection.wrap_api_call(
           ^^^^^^^^^^^^^^^^^^^^^^^^^^^^^^^^^^^^^
    ...<3 lines>...
    )
    ^
  File "C:\Users\Mouad\AppData\Roaming\Python\Python314\site-packages\playwright\_impl\_connection.py", line 559, in wrap_api_call
    raise rewrite_error(error, f"{parsed_st['apiName']}: {error}") from None
playwright._impl._errors.Error: Page.query_selector_all: Execution context was destroyed, most likely because of a navigation

During handling of the above exception, another exception occurred:

Traceback (most recent call last):
  File "C:\Program Files\Python314\Lib\asyncio\events.py", line 94, in _run
    self._context.run(self._callback, *self._args)
    ~~~~~~~~~~~~~~~~~^^^^^^^^^^^^^^^^^^^^^^^^^^^^^
  File "C:\Users\Mouad\AppData\Roaming\Python\Python314\site-packages\playwright\_impl\_connection.py", line 467, in _done_callback
    exc = future.exception()
  File "C:\Users\Mouad\AppData\Roaming\Python\Python314\site-packages\playwright\_impl\_page.py", line 305, in _on_route
    handled = await route_handler.handle(route)
              ^^^^^^^^^^^^^^^^^^^^^^^^^^^^^^^^^
  File "C:\Users\Mouad\AppData\Roaming\Python\Python314\site-packages\playwright\_impl\_helper.py", line 428, in handle
    return await self._handle_internal(route)
           ^^^^^^^^^^^^^^^^^^^^^^^^^^^^^^^^^^
  File "C:\Users\Mouad\AppData\Roaming\Python\Python314\site-packages\playwright\_impl\_helper.py", line 464, in _handle_internal
    await handler_finished_future
asyncio.exceptions.CancelledError
2026-07-13 02:10:51,128 - ERROR - Exception in callback Connection.dispatch.<locals>._done_callback() at C:\Users\Mouad\AppData\Roaming\Python\Python314\site-packages\playwright\_impl\_connection.py:466
handle: <Handle Connection.dispatch.<locals>._done_callback() at C:\Users\Mouad\AppData\Roaming\Python\Python314\site-packages\playwright\_impl\_connection.py:466>
Traceback (most recent call last):
  File "C:\Users\Mouad\Desktop\video_player\sextb_grab.py", line 278, in grab_all_playwright
    iframes = page.query_selector_all('#sextb-player iframe, .player-wrapper iframe')
  File "C:\Users\Mouad\AppData\Roaming\Python\Python314\site-packages\playwright\sync_api\_generated.py", line 8699, in query_selector_all
    self._sync(self._impl_obj.query_selector_all(selector=selector))
    ~~~~~~~~~~^^^^^^^^^^^^^^^^^^^^^^^^^^^^^^^^^^^^^^^^^^^^^^^^^^^^^^
  File "C:\Users\Mouad\AppData\Roaming\Python\Python314\site-packages\playwright\_impl\_sync_base.py", line 115, in _sync
    return task.result()
           ~~~~~~~~~~~^^
  File "C:\Users\Mouad\AppData\Roaming\Python\Python314\site-packages\playwright\_impl\_page.py", line 415, in query_selector_all
    return await self._main_frame.query_selector_all(selector)
           ^^^^^^^^^^^^^^^^^^^^^^^^^^^^^^^^^^^^^^^^^^^^^^^^^^^
  File "C:\Users\Mouad\AppData\Roaming\Python\Python314\site-packages\playwright\_impl\_frame.py", line 358, in query_selector_all
    await self._channel.send(
    ^^^^^^^^^^^^^^^^^^^^^^^^^
        "querySelectorAll", None, dict(selector=selector)
        ^^^^^^^^^^^^^^^^^^^^^^^^^^^^^^^^^^^^^^^^^^^^^^^^^
    ),
    ^
  File "C:\Users\Mouad\AppData\Roaming\Python\Python314\site-packages\playwright\_impl\_connection.py", line 69, in send
    return await self._connection.wrap_api_call(
           ^^^^^^^^^^^^^^^^^^^^^^^^^^^^^^^^^^^^^
    ...<3 lines>...
    )
    ^
  File "C:\Users\Mouad\AppData\Roaming\Python\Python314\site-packages\playwright\_impl\_connection.py", line 559, in wrap_api_call
    raise rewrite_error(error, f"{parsed_st['apiName']}: {error}") from None
playwright._impl._errors.Error: Page.query_selector_all: Execution context was destroyed, most likely because of a navigation

During handling of the above exception, another exception occurred:

Traceback (most recent call last):
  File "C:\Program Files\Python314\Lib\asyncio\events.py", line 94, in _run
    self._context.run(self._callback, *self._args)
    ~~~~~~~~~~~~~~~~~^^^^^^^^^^^^^^^^^^^^^^^^^^^^^
  File "C:\Users\Mouad\AppData\Roaming\Python\Python314\site-packages\playwright\_impl\_connection.py", line 467, in _done_callback
    exc = future.exception()
  File "C:\Users\Mouad\AppData\Roaming\Python\Python314\site-packages\playwright\_impl\_page.py", line 305, in _on_route
    handled = await route_handler.handle(route)
              ^^^^^^^^^^^^^^^^^^^^^^^^^^^^^^^^^
  File "C:\Users\Mouad\AppData\Roaming\Python\Python314\site-packages\playwright\_impl\_helper.py", line 428, in handle
    return await self._handle_internal(route)
           ^^^^^^^^^^^^^^^^^^^^^^^^^^^^^^^^^^
  File "C:\Users\Mouad\AppData\Roaming\Python\Python314\site-packages\playwright\_impl\_helper.py", line 464, in _handle_internal
    await handler_finished_future
asyncio.exceptions.CancelledError
2026-07-13 02:10:51,259 - ERROR - Exception in callback Connection.dispatch.<locals>._done_callback() at C:\Users\Mouad\AppData\Roaming\Python\Python314\site-packages\playwright\_impl\_connection.py:466
handle: <Handle Connection.dispatch.<locals>._done_callback() at C:\Users\Mouad\AppData\Roaming\Python\Python314\site-packages\playwright\_impl\_connection.py:466>
Traceback (most recent call last):
  File "C:\Users\Mouad\Desktop\video_player\sextb_grab.py", line 278, in grab_all_playwright
    iframes = page.query_selector_all('#sextb-player iframe, .player-wrapper iframe')
  File "C:\Users\Mouad\AppData\Roaming\Python\Python314\site-packages\playwright\sync_api\_generated.py", line 8699, in query_selector_all
    self._sync(self._impl_obj.query_selector_all(selector=selector))
    ~~~~~~~~~~^^^^^^^^^^^^^^^^^^^^^^^^^^^^^^^^^^^^^^^^^^^^^^^^^^^^^^
  File "C:\Users\Mouad\AppData\Roaming\Python\Python314\site-packages\playwright\_impl\_sync_base.py", line 115, in _sync
    return task.result()
           ~~~~~~~~~~~^^
  File "C:\Users\Mouad\AppData\Roaming\Python\Python314\site-packages\playwright\_impl\_page.py", line 415, in query_selector_all
    return await self._main_frame.query_selector_all(selector)
           ^^^^^^^^^^^^^^^^^^^^^^^^^^^^^^^^^^^^^^^^^^^^^^^^^^^
  File "C:\Users\Mouad\AppData\Roaming\Python\Python314\site-packages\playwright\_impl\_frame.py", line 358, in query_selector_all
    await self._channel.send(
    ^^^^^^^^^^^^^^^^^^^^^^^^^
        "querySelectorAll", None, dict(selector=selector)
        ^^^^^^^^^^^^^^^^^^^^^^^^^^^^^^^^^^^^^^^^^^^^^^^^^
    ),
    ^
  File "C:\Users\Mouad\AppData\Roaming\Python\Python314\site-packages\playwright\_impl\_connection.py", line 69, in send
    return await self._connection.wrap_api_call(
           ^^^^^^^^^^^^^^^^^^^^^^^^^^^^^^^^^^^^^
    ...<3 lines>...
    )
    ^
  File "C:\Users\Mouad\AppData\Roaming\Python\Python314\site-packages\playwright\_impl\_connection.py", line 559, in wrap_api_call
    raise rewrite_error(error, f"{parsed_st['apiName']}: {error}") from None
playwright._impl._errors.Error: Page.query_selector_all: Execution context was destroyed, most likely because of a navigation

During handling of the above exception, another exception occurred:

Traceback (most recent call last):
  File "C:\Program Files\Python314\Lib\asyncio\events.py", line 94, in _run
    self._context.run(self._callback, *self._args)
    ~~~~~~~~~~~~~~~~~^^^^^^^^^^^^^^^^^^^^^^^^^^^^^
  File "C:\Users\Mouad\AppData\Roaming\Python\Python314\site-packages\playwright\_impl\_connection.py", line 467, in _done_callback
    exc = future.exception()
  File "C:\Users\Mouad\AppData\Roaming\Python\Python314\site-packages\playwright\_impl\_page.py", line 305, in _on_route
    handled = await route_handler.handle(route)
              ^^^^^^^^^^^^^^^^^^^^^^^^^^^^^^^^^
  File "C:\Users\Mouad\AppData\Roaming\Python\Python314\site-packages\playwright\_impl\_helper.py", line 428, in handle
    return await self._handle_internal(route)
           ^^^^^^^^^^^^^^^^^^^^^^^^^^^^^^^^^^
  File "C:\Users\Mouad\AppData\Roaming\Python\Python314\site-packages\playwright\_impl\_helper.py", line 464, in _handle_internal
    await handler_finished_future
asyncio.exceptions.CancelledError
2026-07-13 02:10:51,349 - ERROR - Exception in callback SyncBase._sync.<locals>.<lambda>() at C:\Users\Mouad\AppData\Roaming\Python\Python314\site-packages\playwright\_impl\_sync_base.py:111
handle: <Handle SyncBase._sync.<locals>.<lambda>() at C:\Users\Mouad\AppData\Roaming\Python\Python314\site-packages\playwright\_impl\_sync_base.py:111>
Traceback (most recent call last):
  File "C:\Users\Mouad\Desktop\video_player\sextb_grab.py", line 278, in grab_all_playwright
    iframes = page.query_selector_all('#sextb-player iframe, .player-wrapper iframe')
  File "C:\Users\Mouad\AppData\Roaming\Python\Python314\site-packages\playwright\sync_api\_generated.py", line 8699, in query_selector_all
    self._sync(self._impl_obj.query_selector_all(selector=selector))
    ~~~~~~~~~~^^^^^^^^^^^^^^^^^^^^^^^^^^^^^^^^^^^^^^^^^^^^^^^^^^^^^^
  File "C:\Users\Mouad\AppData\Roaming\Python\Python314\site-packages\playwright\_impl\_sync_base.py", line 115, in _sync
    return task.result()
           ~~~~~~~~~~~^^
  File "C:\Users\Mouad\AppData\Roaming\Python\Python314\site-packages\playwright\_impl\_page.py", line 415, in query_selector_all
    return await self._main_frame.query_selector_all(selector)
           ^^^^^^^^^^^^^^^^^^^^^^^^^^^^^^^^^^^^^^^^^^^^^^^^^^^
  File "C:\Users\Mouad\AppData\Roaming\Python\Python314\site-packages\playwright\_impl\_frame.py", line 358, in query_selector_all
    await self._channel.send(
    ^^^^^^^^^^^^^^^^^^^^^^^^^
        "querySelectorAll", None, dict(selector=selector)
        ^^^^^^^^^^^^^^^^^^^^^^^^^^^^^^^^^^^^^^^^^^^^^^^^^
    ),
    ^
  File "C:\Users\Mouad\AppData\Roaming\Python\Python314\site-packages\playwright\_impl\_connection.py", line 69, in send
    return await self._connection.wrap_api_call(
           ^^^^^^^^^^^^^^^^^^^^^^^^^^^^^^^^^^^^^
    ...<3 lines>...
    )
    ^
  File "C:\Users\Mouad\AppData\Roaming\Python\Python314\site-packages\playwright\_impl\_connection.py", line 559, in wrap_api_call
    raise rewrite_error(error, f"{parsed_st['apiName']}: {error}") from None
playwright._impl._errors.Error: Page.query_selector_all: Execution context was destroyed, most likely because of a navigation

During handling of the above exception, another exception occurred:

Traceback (most recent call last):
  File "C:\Program Files\Python314\Lib\asyncio\events.py", line 94, in _run
    self._context.run(self._callback, *self._args)
    ~~~~~~~~~~~~~~~~~^^^^^^^^^^^^^^^^^^^^^^^^^^^^^
  File "C:\Users\Mouad\AppData\Roaming\Python\Python314\site-packages\playwright\_impl\_sync_base.py", line 111, in <lambda>
    task.add_done_callback(lambda _: g_self.switch())
                                     ~~~~~~~~~~~~~^^
  File "C:\Users\Mouad\AppData\Roaming\Python\Python314\site-packages\playwright\_impl\_helper.py", line 455, in _handler
    self.handler(route, route.request)  # type: ignore
    ~~~~~~~~~~~~^^^^^^^^^^^^^^^^^^^^^^
  File "C:\Users\Mouad\AppData\Roaming\Python\Python314\site-packages\playwright\_impl\_impl_to_api_mapping.py", line 123, in wrapper_func
    return handler(
        *list(map(lambda a: self.from_maybe_impl(a), args))[:arg_count]
    )
  File "C:\Users\Mouad\Desktop\video_player\sextb_grab.py", line 212, in block_ads
    route.continue_()
    ~~~~~~~~~~~~~~~^^
  File "C:\Users\Mouad\AppData\Roaming\Python\Python314\site-packages\playwright\sync_api\_generated.py", line 1021, in continue_
    self._sync(
    ~~~~~~~~~~^
        self._impl_obj.continue_(
        ^^^^^^^^^^^^^^^^^^^^^^^^^
    ...<4 lines>...
        )
        ^
    )
    ^
  File "C:\Users\Mouad\AppData\Roaming\Python\Python314\site-packages\playwright\_impl\_sync_base.py", line 115, in _sync
    return task.result()
           ~~~~~~~~~~~^^
  File "C:\Users\Mouad\AppData\Roaming\Python\Python314\site-packages\playwright\_impl\_network.py", line 518, in continue_
    return await self._handle_route(_inner)
           ^^^^^^^^^^^^^^^^^^^^^^^^^^^^^^^^
  File "C:\Users\Mouad\AppData\Roaming\Python\Python314\site-packages\playwright\_impl\_network.py", line 464, in _handle_route
    await callback()
  File "C:\Users\Mouad\AppData\Roaming\Python\Python314\site-packages\playwright\_impl\_network.py", line 516, in _inner
    await self._inner_continue(False)
  File "C:\Users\Mouad\AppData\Roaming\Python\Python314\site-packages\playwright\_impl\_network.py", line 522, in _inner_continue
    await self._race_with_page_close(
    ...<17 lines>...
    )
  File "C:\Users\Mouad\AppData\Roaming\Python\Python314\site-packages\playwright\_impl\_network.py", line 558, in _race_with_page_close
    await asyncio.wait(
    ...<2 lines>...
    )
  File "C:\Program Files\Python314\Lib\asyncio\tasks.py", line 432, in wait
    return await _wait(fs, timeout, return_when, loop)
           ^^^^^^^^^^^^^^^^^^^^^^^^^^^^^^^^^^^^^^^^^^^
  File "C:\Program Files\Python314\Lib\asyncio\tasks.py", line 521, in _wait
    await waiter
asyncio.exceptions.CancelledError
2026-08-17 01:35:04,495 - ERROR - Application crash:
OSError: [Errno 28] No space left on device

During handling of the above exception, another exception occurred:

Traceback (most recent call last):
  File "C:\Users\Mouad\Desktop\video_player\main.py", line 38126, in media_status_changed
    self.save_current_position()
    ~~~~~~~~~~~~~~~~~~~~~~~~~~^^
  File "C:\Users\Mouad\Desktop\video_player\main.py", line 11032, in save_current_position
    self.save_playback_history()
    ~~~~~~~~~~~~~~~~~~~~~~~~~~^^
  File "C:\Users\Mouad\Desktop\video_player\main.py", line 11007, in save_playback_history
    with open(self.history_file, 'w') as f:
         ~~~~^^^^^^^^^^^^^^^^^^^^^^^^
OSError: [Errno 28] No space left on device

2026-08-17 01:35:04,785 - ERROR - Application crash:
OSError: [Errno 28] No space left on device

During handling of the above exception, another exception occurred:

Traceback (most recent call last):
  File "C:\Users\Mouad\Desktop\video_player\main.py", line 37928, in _handle_playback_finished
    self.save_current_position()
    ~~~~~~~~~~~~~~~~~~~~~~~~~~^^
  File "C:\Users\Mouad\Desktop\video_player\main.py", line 11032, in save_current_position
    self.save_playback_history()
    ~~~~~~~~~~~~~~~~~~~~~~~~~~^^
  File "C:\Users\Mouad\Desktop\video_player\main.py", line 11007, in save_playback_history
    with open(self.history_file, 'w') as f:
         ~~~~^^^^^^^^^^^^^^^^^^^^^^^^
OSError: [Errno 28] No space left on device

2026-08-21 22:32:36,889 - ERROR - Failed to start application: 'VideoPlayer' object has no attribute 'phone_server'
Traceback (most recent call last):
  File "C:\Users\Mouad\Desktop\video_player\main.py", line 46345, in <module>
    player = VideoPlayer()
  File "C:\Users\Mouad\Desktop\video_player\javhd_integration.py", line 283, in _patched_init
    original_init(self_vp, *args, **kwargs)
    ~~~~~~~~~~~~~^^^^^^^^^^^^^^^^^^^^^^^^^^
  File "C:\Users\Mouad\Desktop\video_player\generic_jav_integration.py", line 295, in _patched_init
    original_init(self_vp, *args, **kwargs)
    ~~~~~~~~~~~~~^^^^^^^^^^^^^^^^^^^^^^^^^^
  File "C:\Users\Mouad\Desktop\video_player\javguru_integration.py", line 332, in _patched_init
    original_init(self_vp, *args, **kwargs)
    ~~~~~~~~~~~~~^^^^^^^^^^^^^^^^^^^^^^^^^^
  File "C:\Users\Mouad\Desktop\video_player\main.py", line 6180, in __init__
    self._migrate_all_ftp_urls_to_current()
    ~~~~~~~~~~~~~~~~~~~~~~~~~~~~~~~~~~~~~^^
  File "C:\Users\Mouad\Desktop\video_player\main.py", line 11037, in _migrate_all_ftp_urls_to_current
    new_k = self._rewrite_ftp_url_to_current_server(k)
  File "C:\Users\Mouad\Desktop\video_player\main.py", line 10987, in _rewrite_ftp_url_to_current_server
    ip = getattr(self.phone_server, 'ip', None)
                 ^^^^^^^^^^^^^^^^^
AttributeError: 'VideoPlayer' object has no attribute 'phone_server'

2026-08-21 22:32:36,911 - ERROR - Application crash:
Traceback (most recent call last):
  File "C:\Users\Mouad\Desktop\video_player\main.py", line 46345, in <module>
    player = VideoPlayer()
  File "C:\Users\Mouad\Desktop\video_player\javhd_integration.py", line 283, in _patched_init
    original_init(self_vp, *args, **kwargs)
    ~~~~~~~~~~~~~^^^^^^^^^^^^^^^^^^^^^^^^^^
  File "C:\Users\Mouad\Desktop\video_player\generic_jav_integration.py", line 295, in _patched_init
    original_init(self_vp, *args, **kwargs)
    ~~~~~~~~~~~~~^^^^^^^^^^^^^^^^^^^^^^^^^^
  File "C:\Users\Mouad\Desktop\video_player\javguru_integration.py", line 332, in _patched_init
    original_init(self_vp, *args, **kwargs)
    ~~~~~~~~~~~~~^^^^^^^^^^^^^^^^^^^^^^^^^^
  File "C:\Users\Mouad\Desktop\video_player\main.py", line 6180, in __init__
    self._migrate_all_ftp_urls_to_current()
    ~~~~~~~~~~~~~~~~~~~~~~~~~~~~~~~~~~~~~^^
  File "C:\Users\Mouad\Desktop\video_player\main.py", line 11037, in _migrate_all_ftp_urls_to_current
    new_k = self._rewrite_ftp_url_to_current_server(k)
  File "C:\Users\Mouad\Desktop\video_player\main.py", line 10987, in _rewrite_ftp_url_to_current_server
    ip = getattr(self.phone_server, 'ip', None)
                 ^^^^^^^^^^^^^^^^^
AttributeError: 'VideoPlayer' object has no attribute 'phone_server'

2026-08-21 22:32:54,809 - ERROR - Failed to start application: 'VideoPlayer' object has no attribute 'phone_server'
Traceback (most recent call last):
  File "C:\Users\Mouad\Desktop\video_player\main.py", line 46345, in <module>
    player = VideoPlayer()
  File "C:\Users\Mouad\Desktop\video_player\javhd_integration.py", line 283, in _patched_init
    original_init(self_vp, *args, **kwargs)
    ~~~~~~~~~~~~~^^^^^^^^^^^^^^^^^^^^^^^^^^
  File "C:\Users\Mouad\Desktop\video_player\generic_jav_integration.py", line 295, in _patched_init
    original_init(self_vp, *args, **kwargs)
    ~~~~~~~~~~~~~^^^^^^^^^^^^^^^^^^^^^^^^^^
  File "C:\Users\Mouad\Desktop\video_player\javguru_integration.py", line 332, in _patched_init
    original_init(self_vp, *args, **kwargs)
    ~~~~~~~~~~~~~^^^^^^^^^^^^^^^^^^^^^^^^^^
  File "C:\Users\Mouad\Desktop\video_player\main.py", line 6180, in __init__
    self._migrate_all_ftp_urls_to_current()
    ~~~~~~~~~~~~~~~~~~~~~~~~~~~~~~~~~~~~~^^
  File "C:\Users\Mouad\Desktop\video_player\main.py", line 11037, in _migrate_all_ftp_urls_to_current
    new_k = self._rewrite_ftp_url_to_current_server(k)
  File "C:\Users\Mouad\Desktop\video_player\main.py", line 10987, in _rewrite_ftp_url_to_current_server
    ip = getattr(self.phone_server, 'ip', None)
                 ^^^^^^^^^^^^^^^^^
AttributeError: 'VideoPlayer' object has no attribute 'phone_server'

2026-08-21 22:32:54,837 - ERROR - Application crash:
Traceback (most recent call last):
  File "C:\Users\Mouad\Desktop\video_player\main.py", line 46345, in <module>
    player = VideoPlayer()
  File "C:\Users\Mouad\Desktop\video_player\javhd_integration.py", line 283, in _patched_init
    original_init(self_vp, *args, **kwargs)
    ~~~~~~~~~~~~~^^^^^^^^^^^^^^^^^^^^^^^^^^
  File "C:\Users\Mouad\Desktop\video_player\generic_jav_integration.py", line 295, in _patched_init
    original_init(self_vp, *args, **kwargs)
    ~~~~~~~~~~~~~^^^^^^^^^^^^^^^^^^^^^^^^^^
  File "C:\Users\Mouad\Desktop\video_player\javguru_integration.py", line 332, in _patched_init
    original_init(self_vp, *args, **kwargs)
    ~~~~~~~~~~~~~^^^^^^^^^^^^^^^^^^^^^^^^^^
  File "C:\Users\Mouad\Desktop\video_player\main.py", line 6180, in __init__
    self._migrate_all_ftp_urls_to_current()
    ~~~~~~~~~~~~~~~~~~~~~~~~~~~~~~~~~~~~~^^
  File "C:\Users\Mouad\Desktop\video_player\main.py", line 11037, in _migrate_all_ftp_urls_to_current
    new_k = self._rewrite_ftp_url_to_current_server(k)
  File "C:\Users\Mouad\Desktop\video_player\main.py", line 10987, in _rewrite_ftp_url_to_current_server
    ip = getattr(self.phone_server, 'ip', None)
                 ^^^^^^^^^^^^^^^^^
AttributeError: 'VideoPlayer' object has no attribute 'phone_server'

2026-08-24 19:18:06,841 - ERROR - Application crash:
Traceback (most recent call last):
  File "C:\Users\Mouad\Desktop\video_player\metadata_scraper.py", line 2751, in _on_apply_single
    self._apply_to_file(file_path, movie, custom_name=custom)
    ~~~~~~~~~~~~~~~~~~~^^^^^^^^^^^^^^^^^^^^^^^^^^^^^^^^^^^^^^
  File "C:\Users\Mouad\Desktop\video_player\metadata_scraper.py", line 2799, in _apply_to_file
    if self.player._meta_norm_path(fp) == key]
                                          ^^^
NameError: name 'key' is not defined

2026-08-24 19:18:37,594 - ERROR - Application crash:
Traceback (most recent call last):
  File "C:\Users\Mouad\Desktop\video_player\metadata_scraper.py", line 2751, in _on_apply_single
    self._apply_to_file(file_path, movie, custom_name=custom)
    ~~~~~~~~~~~~~~~~~~~^^^^^^^^^^^^^^^^^^^^^^^^^^^^^^^^^^^^^^
  File "C:\Users\Mouad\Desktop\video_player\metadata_scraper.py", line 2799, in _apply_to_file
    if self.player._meta_norm_path(fp) == key]
                                          ^^^
NameError: name 'key' is not defined

2026-08-24 19:19:10,592 - ERROR - Application crash:
Traceback (most recent call last):
  File "C:\Users\Mouad\Desktop\video_player\metadata_scraper.py", line 2751, in _on_apply_single
    self._apply_to_file(file_path, movie, custom_name=custom)
    ~~~~~~~~~~~~~~~~~~~^^^^^^^^^^^^^^^^^^^^^^^^^^^^^^^^^^^^^^
  File "C:\Users\Mouad\Desktop\video_player\metadata_scraper.py", line 2799, in _apply_to_file
    if self.player._meta_norm_path(fp) == key]
                                          ^^^
NameError: name 'key' is not defined

2026-08-24 19:24:37,909 - ERROR - Application crash:
Traceback (most recent call last):
  File "C:\Users\Mouad\Desktop\video_player\metadata_scraper.py", line 2751, in _on_apply_single
    self._apply_to_file(file_path, movie, custom_name=custom)
    ~~~~~~~~~~~~~~~~~~~^^^^^^^^^^^^^^^^^^^^^^^^^^^^^^^^^^^^^^
  File "C:\Users\Mouad\Desktop\video_player\metadata_scraper.py", line 2799, in _apply_to_file
    if self.player._meta_norm_path(fp) == key]
                                          ^^^
NameError: name 'key' is not defined

2026-08-25 23:57:36,990 - ERROR - Application crash:
Traceback (most recent call last):
  File "C:\Users\Mouad\Desktop\video_player\metadata_scraper.py", line 2751, in _on_apply_single
    self._apply_to_file(file_path, movie, custom_name=custom)
    ~~~~~~~~~~~~~~~~~~~^^^^^^^^^^^^^^^^^^^^^^^^^^^^^^^^^^^^^^
  File "C:\Users\Mouad\Desktop\video_player\metadata_scraper.py", line 2799, in _apply_to_file
    if self.player._meta_norm_path(fp) == key]
                                          ^^^
NameError: name 'key' is not defined

2026-09-01 06:59:36,542 - ERROR - Application crash:
Traceback (most recent call last):
  File "C:\Users\Mouad\Desktop\video_player\main.py", line 34120, in sort_playlist
    self._apply_sorted_playlist(visible_paths, hidden_paths)
    ~~~~~~~~~~~~~~~~~~~~~~~~~~~^^^^^^^^^^^^^^^^^^^^^^^^^^^^^
  File "C:\Users\Mouad\Desktop\video_player\main.py", line 34361, in _apply_sorted_playlist
    name_item.setData(Qt.ItemDataRole.UserRole, file_path)
                      ^^
UnboundLocalError: cannot access local variable 'Qt' where it is not associated with a value

2026-09-02 04:52:55,306 - ERROR - Application crash:
Traceback (most recent call last):
  File "C:\Users\Mouad\Desktop\video_player\main.py", line 40513, in media_status_changed
    self._queue_playlist_auto_advance()
    ~~~~~~~~~~~~~~~~~~~~~~~~~~~~~~~~~^^
  File "C:\Users\Mouad\Desktop\video_player\main.py", line 40307, in _queue_playlist_auto_advance
    QTimer.singleShot(0, _play_next)
    ^^^^^^
UnboundLocalError: cannot access local variable 'QTimer' where it is not associated with a value

2026-09-03 18:48:14,877 - ERROR - Failed to start application: 'VideoPlayer' object has no attribute '_sort_last_col'
Traceback (most recent call last):
  File "C:\Users\Mouad\Desktop\video_player\main.py", line 46758, in <module>
    player = VideoPlayer()
  File "C:\Users\Mouad\Desktop\video_player\javhd_integration.py", line 283, in _patched_init
    original_init(self_vp, *args, **kwargs)
    ~~~~~~~~~~~~~^^^^^^^^^^^^^^^^^^^^^^^^^^
  File "C:\Users\Mouad\Desktop\video_player\generic_jav_integration.py", line 295, in _patched_init
    original_init(self_vp, *args, **kwargs)
    ~~~~~~~~~~~~~^^^^^^^^^^^^^^^^^^^^^^^^^^
  File "C:\Users\Mouad\Desktop\video_player\javguru_integration.py", line 332, in _patched_init
    original_init(self_vp, *args, **kwargs)
    ~~~~~~~~~~~~~^^^^^^^^^^^^^^^^^^^^^^^^^^
  File "C:\Users\Mouad\Desktop\video_player\main.py", line 7271, in __init__
    self._ensure_extra_column(4)
    ~~~~~~~~~~~~~~~~~~~~~~~~~^^^
  File "C:\Users\Mouad\Desktop\video_player\main.py", line 34553, in _ensure_extra_column
    self._refresh_playlist_header_labels()
    ~~~~~~~~~~~~~~~~~~~~~~~~~~~~~~~~~~~~^^
  File "C:\Users\Mouad\Desktop\video_player\main.py", line 8202, in _refresh_playlist_header_labels
    if self._sort_last_col is not None:
       ^^^^^^^^^^^^^^^^^^^
AttributeError: 'VideoPlayer' object has no attribute '_sort_last_col'

2026-09-03 18:48:14,907 - ERROR - Application crash:
Traceback (most recent call last):
  File "C:\Users\Mouad\Desktop\video_player\main.py", line 46758, in <module>
    player = VideoPlayer()
  File "C:\Users\Mouad\Desktop\video_player\javhd_integration.py", line 283, in _patched_init
    original_init(self_vp, *args, **kwargs)
    ~~~~~~~~~~~~~^^^^^^^^^^^^^^^^^^^^^^^^^^
  File "C:\Users\Mouad\Desktop\video_player\generic_jav_integration.py", line 295, in _patched_init
    original_init(self_vp, *args, **kwargs)
    ~~~~~~~~~~~~~^^^^^^^^^^^^^^^^^^^^^^^^^^
  File "C:\Users\Mouad\Desktop\video_player\javguru_integration.py", line 332, in _patched_init
    original_init(self_vp, *args, **kwargs)
    ~~~~~~~~~~~~~^^^^^^^^^^^^^^^^^^^^^^^^^^
  File "C:\Users\Mouad\Desktop\video_player\main.py", line 7271, in __init__
    self._ensure_extra_column(4)
    ~~~~~~~~~~~~~~~~~~~~~~~~~^^^
  File "C:\Users\Mouad\Desktop\video_player\main.py", line 34553, in _ensure_extra_column
    self._refresh_playlist_header_labels()
    ~~~~~~~~~~~~~~~~~~~~~~~~~~~~~~~~~~~~^^
  File "C:\Users\Mouad\Desktop\video_player\main.py", line 8202, in _refresh_playlist_header_labels
    if self._sort_last_col is not None:
       ^^^^^^^^^^^^^^^^^^^
AttributeError: 'VideoPlayer' object has no attribute '_sort_last_col'

2026-09-03 18:48:37,540 - ERROR - Failed to start application: 'VideoPlayer' object has no attribute '_sort_last_col'
Traceback (most recent call last):
  File "C:\Users\Mouad\Desktop\video_player\main.py", line 46758, in <module>
    player = VideoPlayer()
  File "C:\Users\Mouad\Desktop\video_player\javhd_integration.py", line 283, in _patched_init
    original_init(self_vp, *args, **kwargs)
    ~~~~~~~~~~~~~^^^^^^^^^^^^^^^^^^^^^^^^^^
  File "C:\Users\Mouad\Desktop\video_player\generic_jav_integration.py", line 295, in _patched_init
    original_init(self_vp, *args, **kwargs)
    ~~~~~~~~~~~~~^^^^^^^^^^^^^^^^^^^^^^^^^^
  File "C:\Users\Mouad\Desktop\video_player\javguru_integration.py", line 332, in _patched_init
    original_init(self_vp, *args, **kwargs)
    ~~~~~~~~~~~~~^^^^^^^^^^^^^^^^^^^^^^^^^^
  File "C:\Users\Mouad\Desktop\video_player\main.py", line 7271, in __init__
    self._ensure_extra_column(4)
    ~~~~~~~~~~~~~~~~~~~~~~~~~^^^
  File "C:\Users\Mouad\Desktop\video_player\main.py", line 34553, in _ensure_extra_column
    self._refresh_playlist_header_labels()
    ~~~~~~~~~~~~~~~~~~~~~~~~~~~~~~~~~~~~^^
  File "C:\Users\Mouad\Desktop\video_player\main.py", line 8202, in _refresh_playlist_header_labels
    if self._sort_last_col is not None:
       ^^^^^^^^^^^^^^^^^^^
AttributeError: 'VideoPlayer' object has no attribute '_sort_last_col'

2026-09-03 18:48:37,562 - ERROR - Application crash:
Traceback (most recent call last):
  File "C:\Users\Mouad\Desktop\video_player\main.py", line 46758, in <module>
    player = VideoPlayer()
  File "C:\Users\Mouad\Desktop\video_player\javhd_integration.py", line 283, in _patched_init
    original_init(self_vp, *args, **kwargs)
    ~~~~~~~~~~~~~^^^^^^^^^^^^^^^^^^^^^^^^^^
  File "C:\Users\Mouad\Desktop\video_player\generic_jav_integration.py", line 295, in _patched_init
    original_init(self_vp, *args, **kwargs)
    ~~~~~~~~~~~~~^^^^^^^^^^^^^^^^^^^^^^^^^^
  File "C:\Users\Mouad\Desktop\video_player\javguru_integration.py", line 332, in _patched_init
    original_init(self_vp, *args, **kwargs)
    ~~~~~~~~~~~~~^^^^^^^^^^^^^^^^^^^^^^^^^^
  File "C:\Users\Mouad\Desktop\video_player\main.py", line 7271, in __init__
    self._ensure_extra_column(4)
    ~~~~~~~~~~~~~~~~~~~~~~~~~^^^
  File "C:\Users\Mouad\Desktop\video_player\main.py", line 34553, in _ensure_extra_column
    self._refresh_playlist_header_labels()
    ~~~~~~~~~~~~~~~~~~~~~~~~~~~~~~~~~~~~^^
  File "C:\Users\Mouad\Desktop\video_player\main.py", line 8202, in _refresh_playlist_header_labels
    if self._sort_last_col is not None:
       ^^^^^^^^^^^^^^^^^^^
AttributeError: 'VideoPlayer' object has no attribute '_sort_last_col'

2026-09-03 18:49:22,178 - ERROR - Failed to start application: 'VideoPlayer' object has no attribute 'playlist'
Traceback (most recent call last):
  File "C:\Users\Mouad\Desktop\video_player\main.py", line 46759, in <module>
    player = VideoPlayer()
  File "C:\Users\Mouad\Desktop\video_player\javhd_integration.py", line 283, in _patched_init
    original_init(self_vp, *args, **kwargs)
    ~~~~~~~~~~~~~^^^^^^^^^^^^^^^^^^^^^^^^^^
  File "C:\Users\Mouad\Desktop\video_player\generic_jav_integration.py", line 295, in _patched_init
    original_init(self_vp, *args, **kwargs)
    ~~~~~~~~~~~~~^^^^^^^^^^^^^^^^^^^^^^^^^^
  File "C:\Users\Mouad\Desktop\video_player\javguru_integration.py", line 332, in _patched_init
    original_init(self_vp, *args, **kwargs)
    ~~~~~~~~~~~~~^^^^^^^^^^^^^^^^^^^^^^^^^^
  File "C:\Users\Mouad\Desktop\video_player\main.py", line 7286, in __init__
    self._ensure_extra_column(4)
    ~~~~~~~~~~~~~~~~~~~~~~~~~^^^
  File "C:\Users\Mouad\Desktop\video_player\main.py", line 34557, in _ensure_extra_column
    for row, file_path in enumerate(self.playlist):
                                    ^^^^^^^^^^^^^
AttributeError: 'VideoPlayer' object has no attribute 'playlist'

2026-09-03 18:49:22,206 - ERROR - Application crash:
Traceback (most recent call last):
  File "C:\Users\Mouad\Desktop\video_player\main.py", line 46759, in <module>
    player = VideoPlayer()
  File "C:\Users\Mouad\Desktop\video_player\javhd_integration.py", line 283, in _patched_init
    original_init(self_vp, *args, **kwargs)
    ~~~~~~~~~~~~~^^^^^^^^^^^^^^^^^^^^^^^^^^
  File "C:\Users\Mouad\Desktop\video_player\generic_jav_integration.py", line 295, in _patched_init
    original_init(self_vp, *args, **kwargs)
    ~~~~~~~~~~~~~^^^^^^^^^^^^^^^^^^^^^^^^^^
  File "C:\Users\Mouad\Desktop\video_player\javguru_integration.py", line 332, in _patched_init
    original_init(self_vp, *args, **kwargs)
    ~~~~~~~~~~~~~^^^^^^^^^^^^^^^^^^^^^^^^^^
  File "C:\Users\Mouad\Desktop\video_player\main.py", line 7286, in __init__
    self._ensure_extra_column(4)
    ~~~~~~~~~~~~~~~~~~~~~~~~~^^^
  File "C:\Users\Mouad\Desktop\video_player\main.py", line 34557, in _ensure_extra_column
    for row, file_path in enumerate(self.playlist):
                                    ^^^^^^^^^^^^^
AttributeError: 'VideoPlayer' object has no attribute 'playlist'

2026-09-08 04:51:21,794 - ERROR - Application crash:
Traceback (most recent call last):
  File "C:\Users\Mouad\Desktop\video_player\main.py", line 34607, in _on_remote_stream_resolved
    self._apply_resolved_remote_stream(source_url, dict(stream_info), autoplay=autoplay)
    ~~~~~~~~~~~~~~~~~~~~~~~~~~~~~~~~~~^^^^^^^^^^^^^^^^^^^^^^^^^^^^^^^^^^^^^^^^^^^^^^^^^^
  File "C:\Users\Mouad\Desktop\video_player\main.py", line 34860, in _apply_resolved_remote_stream
    note=f'{playback_host or "direct file"} from {provider}, tls_verify=False',
            ^^^^^^^^^^^^^
UnboundLocalError: cannot access local variable 'playback_host' where it is not associated with a value

2026-09-08 04:51:29,783 - ERROR - Application crash:
Traceback (most recent call last):
  File "C:\Users\Mouad\Desktop\video_player\main.py", line 34607, in _on_remote_stream_resolved
    self._apply_resolved_remote_stream(source_url, dict(stream_info), autoplay=autoplay)
    ~~~~~~~~~~~~~~~~~~~~~~~~~~~~~~~~~~^^^^^^^^^^^^^^^^^^^^^^^^^^^^^^^^^^^^^^^^^^^^^^^^^^
  File "C:\Users\Mouad\Desktop\video_player\main.py", line 34860, in _apply_resolved_remote_stream
    note=f'{playback_host or "direct file"} from {provider}, tls_verify=False',
            ^^^^^^^^^^^^^
UnboundLocalError: cannot access local variable 'playback_host' where it is not associated with a value

2026-09-17 20:41:46,530 - ERROR - Application crash:
Traceback (most recent call last):
  File "C:\Users\Mouad\Desktop\video_player\main.py", line 9970, in _show_pending_hover_preview
    self._show_hover_preview(path, text, global_pos, target_global_rect=target_global_rect)
    ~~~~~~~~~~~~~~~~~~~~~~~~^^^^^^^^^^^^^^^^^^^^^^^^^^^^^^^^^^^^^^^^^^^^^^^^^^^^^^^^^^^^^^^
  File "C:\Users\Mouad\Desktop\video_player\main.py", line 9952, in _show_hover_preview
    if _cover64 is None and meta.get("image") and meta.get("image_live"):
       ^^^^^^^^
NameError: name '_cover64' is not defined. Did you mean: '_cover62'?

2026-09-17 20:41:55,550 - ERROR - Application crash:
Traceback (most recent call last):
  File "C:\Users\Mouad\Desktop\video_player\main.py", line 52589, in eventFilter
    self._show_hover_preview(path, text, self.playlist_widget.viewport().mapToGlobal(event.pos()))
    ~~~~~~~~~~~~~~~~~~~~~~~~^^^^^^^^^^^^^^^^^^^^^^^^^^^^^^^^^^^^^^^^^^^^^^^^^^^^^^^^^^^^^^^^^^^^^^
  File "C:\Users\Mouad\Desktop\video_player\main.py", line 9952, in _show_hover_preview
    if _cover64 is None and meta.get("image") and meta.get("image_live"):
       ^^^^^^^^
NameError: name '_cover64' is not defined. Did you mean: '_cover62'?

2026-09-17 20:41:57,468 - ERROR - Application crash:
Traceback (most recent call last):
  File "C:\Users\Mouad\Desktop\video_player\main.py", line 52589, in eventFilter
    self._show_hover_preview(path, text, self.playlist_widget.viewport().mapToGlobal(event.pos()))
    ~~~~~~~~~~~~~~~~~~~~~~~~^^^^^^^^^^^^^^^^^^^^^^^^^^^^^^^^^^^^^^^^^^^^^^^^^^^^^^^^^^^^^^^^^^^^^^
  File "C:\Users\Mouad\Desktop\video_player\main.py", line 9952, in _show_hover_preview
    if _cover64 is None and meta.get("image") and meta.get("image_live"):
       ^^^^^^^^
NameError: name '_cover64' is not defined. Did you mean: '_cover62'?

2026-09-17 20:42:00,211 - ERROR - Application crash:
Traceback (most recent call last):
  File "C:\Users\Mouad\Desktop\video_player\main.py", line 52589, in eventFilter
    self._show_hover_preview(path, text, self.playlist_widget.viewport().mapToGlobal(event.pos()))
    ~~~~~~~~~~~~~~~~~~~~~~~~^^^^^^^^^^^^^^^^^^^^^^^^^^^^^^^^^^^^^^^^^^^^^^^^^^^^^^^^^^^^^^^^^^^^^^
  File "C:\Users\Mouad\Desktop\video_player\main.py", line 9952, in _show_hover_preview
    if _cover64 is None and meta.get("image") and meta.get("image_live"):
       ^^^^^^^^
NameError: name '_cover64' is not defined. Did you mean: '_cover62'?

2026-09-17 20:42:02,169 - ERROR - Application crash:
Traceback (most recent call last):
  File "C:\Users\Mouad\Desktop\video_player\main.py", line 52589, in eventFilter
    self._show_hover_preview(path, text, self.playlist_widget.viewport().mapToGlobal(event.pos()))
    ~~~~~~~~~~~~~~~~~~~~~~~~^^^^^^^^^^^^^^^^^^^^^^^^^^^^^^^^^^^^^^^^^^^^^^^^^^^^^^^^^^^^^^^^^^^^^^
  File "C:\Users\Mouad\Desktop\video_player\main.py", line 9952, in _show_hover_preview
    if _cover64 is None and meta.get("image") and meta.get("image_live"):
       ^^^^^^^^
NameError: name '_cover64' is not defined. Did you mean: '_cover62'?

2026-09-17 20:42:05,341 - ERROR - Application crash:
Traceback (most recent call last):
  File "C:\Users\Mouad\Desktop\video_player\main.py", line 52589, in eventFilter
    self._show_hover_preview(path, text, self.playlist_widget.viewport().mapToGlobal(event.pos()))
    ~~~~~~~~~~~~~~~~~~~~~~~~^^^^^^^^^^^^^^^^^^^^^^^^^^^^^^^^^^^^^^^^^^^^^^^^^^^^^^^^^^^^^^^^^^^^^^
  File "C:\Users\Mouad\Desktop\video_player\main.py", line 9952, in _show_hover_preview
    if _cover64 is None and meta.get("image") and meta.get("image_live"):
       ^^^^^^^^
NameError: name '_cover64' is not defined. Did you mean: '_cover62'?

2026-09-17 20:42:08,871 - ERROR - Application crash:
Traceback (most recent call last):
  File "C:\Users\Mouad\Desktop\video_player\main.py", line 52589, in eventFilter
    self._show_hover_preview(path, text, self.playlist_widget.viewport().mapToGlobal(event.pos()))
    ~~~~~~~~~~~~~~~~~~~~~~~~^^^^^^^^^^^^^^^^^^^^^^^^^^^^^^^^^^^^^^^^^^^^^^^^^^^^^^^^^^^^^^^^^^^^^^
  File "C:\Users\Mouad\Desktop\video_player\main.py", line 9952, in _show_hover_preview
    if _cover64 is None and meta.get("image") and meta.get("image_live"):
       ^^^^^^^^
NameError: name '_cover64' is not defined. Did you mean: '_cover62'?

2026-09-17 20:42:17,827 - ERROR - Application crash:
Traceback (most recent call last):
  File "C:\Users\Mouad\Desktop\video_player\main.py", line 52589, in eventFilter
    self._show_hover_preview(path, text, self.playlist_widget.viewport().mapToGlobal(event.pos()))
    ~~~~~~~~~~~~~~~~~~~~~~~~^^^^^^^^^^^^^^^^^^^^^^^^^^^^^^^^^^^^^^^^^^^^^^^^^^^^^^^^^^^^^^^^^^^^^^
  File "C:\Users\Mouad\Desktop\video_player\main.py", line 9952, in _show_hover_preview
    if _cover64 is None and meta.get("image") and meta.get("image_live"):
       ^^^^^^^^
NameError: name '_cover64' is not defined. Did you mean: '_cover62'?

2026-09-17 20:42:19,768 - ERROR - Application crash:
Traceback (most recent call last):
  File "C:\Users\Mouad\Desktop\video_player\main.py", line 52589, in eventFilter
    self._show_hover_preview(path, text, self.playlist_widget.viewport().mapToGlobal(event.pos()))
    ~~~~~~~~~~~~~~~~~~~~~~~~^^^^^^^^^^^^^^^^^^^^^^^^^^^^^^^^^^^^^^^^^^^^^^^^^^^^^^^^^^^^^^^^^^^^^^
  File "C:\Users\Mouad\Desktop\video_player\main.py", line 9952, in _show_hover_preview
    if _cover64 is None and meta.get("image") and meta.get("image_live"):
       ^^^^^^^^
NameError: name '_cover64' is not defined. Did you mean: '_cover62'?

2026-09-20 19:43:00,649 - ERROR - Exception in callback Connection.dispatch.<locals>._done_callback() at C:\Users\Mouad\AppData\Roaming\Python\Python314\site-packages\playwright\_impl\_connection.py:466
handle: <Handle Connection.dispatch.<locals>._done_callback() at C:\Users\Mouad\AppData\Roaming\Python\Python314\site-packages\playwright\_impl\_connection.py:466>
Traceback (most recent call last):
  File "C:\Program Files\Python314\Lib\asyncio\events.py", line 94, in _run
    self._context.run(self._callback, *self._args)
    ~~~~~~~~~~~~~~~~~^^^^^^^^^^^^^^^^^^^^^^^^^^^^^
  File "C:\Users\Mouad\AppData\Roaming\Python\Python314\site-packages\playwright\_impl\_connection.py", line 469, in _done_callback
    self._on_event_listener_error(exc)
    ~~~~~~~~~~~~~~~~~~~~~~~~~~~~~^^^^^
  File "C:\Users\Mouad\AppData\Roaming\Python\Python314\site-packages\playwright\_impl\_connection.py", line 495, in _on_event_listener_error
    print("Error occurred in event listener", file=sys.stderr)
    ~~~~~^^^^^^^^^^^^^^^^^^^^^^^^^^^^^^^^^^^^^^^^^^^^^^^^^^^^^
OSError: [Errno 22] Invalid argument
